symbol,turnover24h,age_days,trades,total_return,average_return,median_return,win_rate,max_drawdown,train_return,validation_trades,validation_return,validation_median,validation_win_rate,stage1_score
1000RATSUSDT,63174416.8533,986.3294839236111,19,0.20324482505844754,0.010217625666162121,0.003072565716401355,0.5263157894736842,-0.0285297907816362,0.05854443780776686,14,0.136697508467716,0.0002853545282888734,0.5,0.9578093306288032
PYTHUSDT,1270366.9361,987.3746691087963,21,0.3736864922211043,0.01562741072422195,0.006130124777183555,0.5714285714285714,-0.01783249730590275,0.15698617465536246,15,0.18729724028922923,0.005453278265358797,0.5333333333333333,0.9575557809330629
SHIB1000USDT,11994145.6855,1749.5893681828704,19,0.10586868634758373,0.005364271794131429,0.005110458284371401,0.631578947368421,-0.014988341393779692,0.06290842656629136,13,0.040417649072624906,0.002507131166705424,0.5384615384615384,0.9406186612576064
UBUSDT,10087157.8287,326.20315290509257,7,0.2027923011128776,0.027965687564704206,0.0024683083326108033,0.8571428571428571,-0.045703462184705335,0.0639367363374923,4,0.13051111032539708,0.027372009749097925,0.75,0.9334685598377281
EIGENUSDT,1295640.7789,728.4341251273148,17,0.16332623843832317,0.00915714096833226,0.0034318667236222797,0.5294117647058824,-0.02223730818866354,0.0788895330741397,13,0.07826260499867255,-0.007814588405002487,0.46153846153846156,0.932606490872211
ORDIUSDT,3409281.0117,1170.2906413310186,15,0.14131159678767458,0.009202891819170608,0.004343082114735775,0.5333333333333333,-0.028707002322143182,0.12274960778157107,11,0.01653261678067297,-0.008037369596255561,0.45454545454545453,0.9289046653144016
ENSOUSDT,1769195.2262,294.199773275463,6,0.08992833815217116,0.014516872876911816,0.013695995902995084,0.8333333333333334,-0.005711869207585152,0.051530045545321146,3,0.0365165910089964,0.012732448696188947,0.6666666666666666,0.9187626774847871
SAGAUSDT,326959.1389,847.1107339236111,14,0.1498612681522049,0.010154821522530999,0.00997552187774109,0.7142857142857143,-0.013789077098817937,-0.0028753070515690204,12,0.15317700612963647,0.010202120281638583,0.75,0.9175456389452332
COREUSDT,2960759.121,1272.2801783680557,24,0.20572462357765975,0.008019206114885121,0.007471606125307062,0.5833333333333334,-0.052760511902887886,0.2152136048069242,18,-0.007808488311626505,-0.005151712013676034,0.4444444444444444,0.9160243407707911
AVAXUSDT,35714002.5111,1784.5893681828704,18,0.08172787344061394,0.004473385354581188,0.0002800214056672976,0.5,-0.01844257769340152,0.06832875366941282,12,0.012542131553773928,-0.002537572689939093,0.4166666666666667,0.9026876267748478
PROVEUSDT,241915.0854,363.87838438657406,16,0.1758336030023051,0.01033720612247055,0.0017094171001734723,0.625,-0.019050247085056204,0.11869809293807476,11,0.0510732166479102,-0.003389486260453877,0.45454545454545453,0.9016227180527383
XANUSDT,1095318.2615,309.1418103125,11,0.09277809106193646,0.008328721787186173,0.002875968992248069,0.5454545454545454,-0.016684243830606182,0.01588253394053374,9,0.07569335484401951,0.002875968992248069,0.5555555555555556,0.8992900608519271
C98USDT,204685.9747,1744.5893681828704,18,0.135214867398884,0.007150585448957069,0.005791025008954454,0.7222222222222222,-0.009493502730723247,0.09971756121279007,12,0.03227856627746051,0.002949711464116601,0.6666666666666666,0.8968559837728195
NILUSDT,3548637.4564,502.13397466435185,19,0.11610547291330642,0.0060217095542593494,-0.002122964626614209,0.47368421052631576,-0.02625694701553971,-0.019974667257570466,15,0.138853696557089,0.0007431725740848502,0.5333333333333333,0.8956896551724136
ZAMAUSDT,2673874.8024,207.16660197916667,7,0.07151761486041397,0.010102179756618503,0.0077481146304675405,0.5714285714285714,-0.01353330053078483,0.03752301408332959,5,0.03276515346227682,0.0077481146304675405,0.6,0.8946754563894523
ARBUSDT,9207233.4269,1230.1951552199075,23,0.10253201183791849,0.004373238784215332,-0.0005171414775469998,0.4782608695652174,-0.03409286883851215,0.10055374623620406,18,0.0017975183933358618,-0.0037270671876986064,0.3888888888888889,0.8904665314401623
MANTAUSDT,163885.7115,929.1289746643519,14,0.1839361158972559,0.012371387524374325,0.009811846114299971,0.5714285714285714,-0.0295812776722858,0.07355365150698767,11,0.1028197000078388,0.005664957703153007,0.5454545454545454,0.8902129817444219
ZKPUSDT,144011.7012,225.34564133101853,11,0.14458660569353632,0.012566364945351228,0.012668779714738565,0.6363636363636364,-0.027036367076046397,0.0163422813480687,8,0.12618221902110083,0.014372228280625232,0.625,0.8829614604462475
RAVEUSDT,1038609.5301,232.34617373842593,23,0.2951190820237761,0.011912702994677981,0.0066567656765675895,0.6086956521739131,-0.08008681052431399,-0.018899781492756618,17,0.32006808029695155,0.0068912270302311516,0.6470588235294118,0.881237322515213
GOATUSDT,211572.2261,651.1418681828703,16,0.13996644451841922,0.00852003321635253,0.004274409928976208,0.5,-0.02360525051588258,0.050319492709031355,8,0.08535207851676296,-0.0042465424438436475,0.375,0.8793610547667343
ETHUSDT,1786302770.7709,1968.5893681828704,17,0.05819700396181493,0.003380003596226439,0.005343343504095156,0.5882352941176471,-0.02516984505095521,0.021254340156010132,11,0.03617381327374436,0.006855366305010492,0.5454545454545454,0.878498985801217
ZBCNUSDT,415179.0407,839.2680140162037,22,0.12631235845938682,0.005579098889479313,-0.00043823967073064376,0.45454545454545453,-0.017957750085125235,0.037813414974729787,19,0.08527442621929526,-0.000657695434512883,0.42105263157894735,0.8779411764705882
LTCUSDT,11414898.585,3137.58936818287,14,0.057362035330233985,0.00403838254229133,0.0021062059586899337,0.5714285714285714,-0.013421098032747492,0.02656809031506646,10,0.029996982475576806,0.0021062059586899337,0.6,0.8704361054766734
SPORTFUNUSDT,123137.5687,197.1967987384259,20,0.2225153768086603,0.010917310107779531,0.0019145320974115485,0.5,-0.03251477989300755,0.10166725930897069,12,0.10969566035346467,0.0014319066147860946,0.5,0.8675963488843813
STABLEUSDT,876335.945,271.0542640162037,15,0.13881474625375656,0.009144494556686311,-0.003455529223652886,0.4666666666666667,-0.03344932818505164,0.12469342722615417,9,0.012555705124399408,-0.0045124356548200675,0.3333333333333333,0.8653651115618661
FLOCKUSDT,164765.3143,572.2212316087963,25,0.1688486932877149,0.006481157581833932,-0.00025889328063255414,0.48,-0.027953074653961685,0.04338274758882377,20,0.12024920479932577,-0.002344705206228425,0.5,0.863133874239351
PLUMEUSDT,647217.5054,557.3081181828703,19,0.11169952626121193,0.0057684226207443895,-0.0019876543209875744,0.47368421052631576,-0.0372298539859619,0.07724650748622475,15,0.031982483614993784,-0.002577452939320545,0.4,0.8559330628803244
BEATUSDT,35643935.2424,256.13528253472225,10,0.05034897310556663,0.005668611029268011,0.006842723127501227,0.6,-0.035569368519091205,-0.008404243539246625,8,0.059251177974498415,0.006842723127501227,0.625,0.8557809330628803
BASEDUSDT,611389.1083,127.2395765162037,14,0.12182159502608658,0.008961260476975184,0.0014851865449799222,0.5,-0.05179921628376427,0.0,14,0.12182159502608658,0.0014851865449799222,0.5,0.8556288032454361
ETCUSDT,2484447.4654,1862.294923738426,20,0.06680716004633691,0.003310892018801698,-0.0008263720733685522,0.5,-0.01972901194232901,0.013454326008017548,17,0.052644537271330005,-0.004257646814365023,0.47058823529411764,0.85552738336714
JASMYUSDT,1152647.8978,1658.3138820717593,21,0.06700846280562889,0.0031867864938268284,0.0019926335174954577,0.5238095238095238,-0.025209344968857406,0.06405927601813999,17,0.0027716376840634105,-0.0052430935329556,0.47058823529411764,0.8542089249492901
SOMIUSDT,284386.9347,335.9789399421296,25,0.10983843534743554,0.004271466269836845,0.001962085308056972,0.52,-0.03773932360537213,0.07109608387580568,20,0.036170752610204415,-0.003959906676419488,0.45,0.8536511156186612
VETUSDT,815461.9133,1744.5893681828704,19,0.08656359468841801,0.004460836619909451,-0.0005525727069349831,0.42105263157894735,-0.022695937847662218,0.02789056079920149,17,0.05708101244124375,-0.0016675567423229945,0.35294117647058826,0.8529411764705882
COTIUSDT,24402594.042,1706.1042177199074,24,0.06338772361096878,0.002645300113528787,-0.001837374200836405,0.5,-0.028735038758571307,-0.014699491907291695,20,0.07925218233107101,-0.0017990997378848341,0.5,0.8516734279918864
JSTUSDT,330489.8281,1628.3076436458334,8,0.06509270586837679,0.007964945785057104,0.008816776741565446,0.75,-0.0032096111723628473,0.03824094498491548,4,0.025862745072004145,0.004657776005731695,0.75,0.8508113590263692
CFXUSDT,1654124.713,1261.2106066087963,20,0.06347467059364886,0.003147668067541032,0.0002519521702469838,0.5,-0.01926954724102059,0.026555094382880506,14,0.035964534600028575,0.0021980848734773914,0.5,0.8503549695740366
MAGICUSDT,121341.7485,1330.4930603125,19,0.09714032925396276,0.0049751101244647445,0.0009404915912031306,0.631578947368421,-0.011128360716346819,0.05611141017587418,11,0.03884904441213832,0.0012664316293126152,0.5454545454545454,0.8497464503042598
CVCUSDT,476103.5398,1707.9498890162038,26,0.1282786530506188,0.004778581122537458,-0.001745526243333794,0.46153846153846156,-0.045636844761639095,0.05128291687114417,20,0.07323978630665096,-0.003946048464810502,0.4,0.8452839756592292
AEVOUSDT,435600.2453,874.1378172569445,12,0.0865360447114294,0.0071253334010503155,-4.3714429474316606e-05,0.5,-0.03422592644370992,0.05748729934843233,7,0.027469592666403697,-0.005687499999999956,0.2857142857142857,0.8419371196754564
AVAAIUSDT,460119.1166,573.2337431828704,13,0.13020618939893858,0.009777014244018155,0.0014285879495780094,0.5384615384615384,-0.06642486602861952,0.09781916579762795,10,0.02950123718944142,-0.003026083071269169,0.4,0.8397565922920893
ALTUSDT,338886.1656,922.1187779050925,20,0.11284864909321812,0.005496444196811628,-0.002415882530569068,0.45,-0.034109528042689186,0.0780743354603517,18,0.032255951643647585,-0.004417007602143807,0.3888888888888889,0.8375760649087222
BLURUSDT,451520.3159,1266.4830371643518,25,0.12042677061133422,0.0047004318175021135,-0.00440002682074958,0.44,-0.020555976814359167,0.037761913722083484,21,0.07965686136308525,-0.00440002682074958,0.42857142857142855,0.8359026369168356
SPACEUSDT,392509.2953,193.0728288310185,12,0.08428324982168944,0.007039736016761759,0.0005413232270632404,0.5,-0.03835738861181315,-0.020294620366562488,8,0.1067442032699466,0.007649238030058458,0.625,0.8322008113590265
RPLUSDT,164982.3049,1252.2751783680555,18,0.09228799025733037,0.0050344388560183044,-0.0016812379040208594,0.5,-0.019364174107619037,0.05575082199552339,13,0.03460775734253896,-0.0045074221843822695,0.46153846153846156,0.8322008113590263
CHILLGUYUSDT,149004.9277,621.1877825347223,17,0.11589734732722912,0.006594888295929789,0.0031285427359964988,0.5294117647058824,-0.04673455630353285,0.059883574277965756,14,0.05284898682142747,-0.0033222651117713045,0.42857142857142855,0.8308823529411766
CGPTUSDT,143904.1189,571.1397501273149,16,0.10289654228878442,0.006281859256698212,-0.0011647979473481387,0.4375,-0.016482548288954124,0.0,16,0.10289654228878442,-0.0011647979473481387,0.4375,0.8299188640973632
WLFIUSDT,3523998.4343,346.2125626273148,20,0.10184913143661056,0.005423392903480412,-0.0038869234016067336,0.4,-0.03838568024681566,-0.012291999044345858,17,0.11556161372644524,-0.003679271800002714,0.4117647058823529,0.829107505070994
OPUSDT,9678157.7242,1525.387250127315,30,0.0728972044624947,0.0024507381254921285,-0.0004496824684064307,0.5,-0.05916389658062948,0.058021659444175366,25,0.014059773621396987,-0.004998348621660042,0.48,0.827839756592292
USUALUSDT,147216.2657,624.2006760532407,21,0.08063602726025931,0.003781437578499448,0.0013373587845734178,0.5238095238095238,-0.025986252837305823,0.07335884302542994,15,0.006779824177268745,-0.0056226007081405785,0.4,0.8224645030425964
BANANAUSDT,133816.5335,746.1381760532407,9,0.07068826557095265,0.007767508821505984,0.005836308393467494,0.5555555555555556,-0.02430787884579566,0.03806393102261385,6,0.031428059075513604,-0.0007215490671007565,0.5,0.8219066937119675
DOLOUSDT,59928.7297,372.2184191087963,13,0.17868734778737472,0.012994616905861447,-0.001956480153036954,0.38461538461538464,-0.013202431710047646,0.1270732476530807,8,0.04579480547672565,-0.002376712673104241,0.25,0.8209939148073023
BIRBUSDT,1786952.1932,188.12218068287038,20,0.09894236055823158,0.004905272512729703,-0.0036742411191031934,0.45,-0.05109840094150686,0.03975475698181152,12,0.05692458070423134,-0.0036742411191031934,0.4166666666666667,0.820841784989858
CAKEUSDT,346052.5242,1005.172284849537,14,0.057556227880591226,0.0040799188458191925,0.00012741372554309158,0.5,-0.013772995201387306,0.009208215182694435,13,0.04790687587609921,-0.003753400351732771,0.46153846153846156,0.811105476673428
DRIFTUSDT,2491941.9838,805.1915904050926,18,0.14842519561727596,0.008198443692388282,-0.005018117462588622,0.3888888888888889,-0.04044462641956936,-0.010420609000987291,12,0.16051850519835797,-0.003772011543585584,0.4166666666666667,0.8099898580121704
KATUSDT,250861.0056,155.2856992013889,17,0.20774054138464648,0.012179470459247296,-0.004915140891098345,0.47058823529411764,-0.04211453988239722,0.2408534622854066,11,-0.02668560140838283,-0.007803381485730453,0.2727272727272727,0.8078600405679514
EGLDUSDT,1715671.6642,1715.9227015162037,17,0.07813475811724468,0.004522548432009858,-0.004923821354530177,0.47058823529411764,-0.027012481016830958,-0.016589272978812408,12,0.09632194208719058,0.004935231187919721,0.5833333333333334,0.803397565922921
STGUSDT,144851.8879,1439.3410001273148,24,0.15611109554789815,0.006544736889584249,-0.0009935762402912265,0.4166666666666667,-0.05184918260107341,0.10641764261025854,21,0.04491382912188824,-0.0011307274985292706,0.42857142857142855,0.8030425963488844
ETHFIUSDT,3421934.7016,869.0360927199074,16,0.04197933899267037,0.0026702701024004932,-1.248343377357932e-05,0.5,-0.041646633885160766,-0.0012297624631244508,13,0.04326230381309237,0.007324924318869886,0.5384615384615384,0.7987322515212982
NMRUSDT,228922.4996,1065.3695533680554,12,0.07335781471789149,0.006094966235571496,-0.0028079545755708693,0.4166666666666667,-0.011459932947608942,0.0,12,0.07335781471789149,-0.0028079545755708693,0.4166666666666667,0.7976673427991887
QTUMUSDT,147706.4065,1695.5550394791667,24,0.06678826943462735,0.002749822707590735,-0.0006137951035600211,0.5,-0.024283166794477062,0.013557297055306838,19,0.05251895727451528,0.001484472049689268,0.5263157894736842,0.7949797160243408
VANAUSDT,1659063.171,596.1006876273149,17,0.07728543629509566,0.00451719710481029,-0.003481863306605714,0.47058823529411764,-0.05935130455102844,0.02160859019535666,11,0.054499195322048166,-0.005264071079458476,0.36363636363636365,0.7910243407707911
BOMEUSDT,2089639.6639,872.2196343865741,10,0.07794124517597245,0.007854905661218103,-0.004646546684343999,0.4,-0.03313845357922196,0.007492778697248514,6,0.06992453739451943,-0.004646546684343999,0.3333333333333333,0.7877281947261663
OKBUSDT,205687.3524,327.09682188657405,9,0.03644884182432939,0.004024856720495363,0.004972377752892832,0.5555555555555556,-0.006257434679584173,0.038915150434625234,6,-0.002373926888316058,-0.0031332266263261457,0.3333333333333333,0.7865111561866126
KERNELUSDT,168090.101,477.0842292939815,29,0.09762397345496088,0.0032986125997663436,-0.0034503798088703066,0.4827586206896552,-0.04589901780457062,0.039295896958214005,23,0.056122685240517445,-0.004262773333622349,0.43478260869565216,0.786004056795132
FUSDT,122146.4816,606.1600626273148,22,0.07864650478745228,0.003525494358244331,-0.00289156408377561,0.45454545454545453,-0.028555123720247044,0.03526064350024094,20,0.04190815284982041,-0.004248701966528655,0.4,0.7828093306288032
AIOUSDT,1457320.9452,356.03961123842595,11,0.04046391625026868,0.003990425743316418,0.0023673691071038902,0.5454545454545454,-0.05144483448969006,0.05041032828559189,9,-0.009469072958904534,0.0023673691071038902,0.5555555555555556,0.7821501014198784
ZENUSDT,415272.6348,1712.5893681828704,27,0.06819434388273882,0.0025163147659054428,-0.004318908444199464,0.48148148148148145,-0.030451513845844214,0.032298780599807175,22,0.03477245537583107,-0.001536139194640961,0.5,0.7797160243407707
PENDLEUSDT,1035301.7576,1126.279159849537,21,0.06048953811754276,0.002890284677788407,-0.00446104314230522,0.47619047619047616,-0.03198328411742968,-0.004228130252019846,17,0.06499246497688405,-0.00446104314230522,0.47058823529411764,0.77920892494929
SOLUSDT,333811155.382,1754.5893681828704,26,0.06351533615219229,0.0024704204983763346,-0.0033948060278202177,0.38461538461538464,-0.053257376530384426,0.011379597079155257,22,0.05154913073548717,-0.00463283546404336,0.3181818181818182,0.7773833671399595
1000XECUSDT,874311.9754,1574.4500626273148,14,0.336023921219776,0.024162349566247483,-0.004908740602671101,0.2857142857142857,-0.034260201178486716,0.009345388090017392,12,0.32365386218084513,-0.005812740921290859,0.25,0.7733265720081136
CRVUSDT,3462821.1239,1744.5893681828704,22,0.04731173802849731,0.002178193370581959,-0.004864646578956632,0.45454545454545453,-0.02378299148667984,0.03833680508488069,19,0.008643566229825428,-0.005193143188219173,0.42105263157894735,0.7709432048681543
BNTUSDT,51999.5583,1093.367921423611,11,0.053279371061291325,0.004803225968279262,0.0023320992225103207,0.5454545454545454,-0.022818909042413904,0.028987876064086038,7,0.02360717318664718,-0.003507728640652407,0.42857142857142855,0.7696754563894525
ELSAUSDT,1158398.1146,194.28225012731482,14,0.08800052729935004,0.0061788764070392355,-0.005950333051904621,0.42857142857142855,-0.019464807256912686,0.013006888633754432,13,0.0740307292152178,-0.006142933073665978,0.38461538461538464,0.7668864097363083
BNBUSDT,23845239.455,1862.2852015162036,14,0.017149435157670423,0.0012461436000518432,-0.003168211788015184,0.42857142857142855,-0.02073433781655265,0.012957325476796289,11,0.004138485971164396,-0.0033992629678369904,0.36363636363636365,0.7644523326572009
HUSDT,2716619.9249,405.17924086805556,19,0.07621242789148064,0.007193793676731867,-0.0018713837574068073,0.42105263157894735,-0.11718104273573049,0.10535251462568596,15,-0.026362709044067678,-0.0018713837574068073,0.4,0.7644016227180528
OGUSDT,36155.1019,1072.2421806828704,9,0.04270358067993962,0.004729499195254931,0.0025447026388342184,0.5555555555555556,-0.013336725538800831,0.0,9,0.04270358067993962,0.0025447026388342184,0.5555555555555556,0.7633874239350913
KAVAUSDT,158064.9011,1667.2596575347222,16,0.05870087622151976,0.0036541053998132497,-0.001584173021902723,0.4375,-0.027495303449280306,0.007822206901177076,14,0.05048377478879229,-0.001584173021902723,0.42857142857142855,0.7627789046653144
XAIUSDT,207911.5977,937.1823658680555,9,0.06179945284298216,0.006819577035544662,-0.004132186139112592,0.4444444444444444,-0.017474847644236124,0.04766672076731204,6,0.013489721297359702,-0.004303057611527049,0.3333333333333333,0.7609533468559838
SKYUSDT,441659.514,358.23652096064814,10,0.04111350687582038,0.004196435213469118,-0.003017075241467714,0.4,-0.014778161048224048,0.03709089435220103,6,0.0038787463524418975,-0.0051127752492100545,0.3333333333333333,0.7544624746450305
VIRTUALUSDT,4199385.7197,641.2380834606481,29,0.10857234282909212,0.0037505569906946977,-0.005822702610789986,0.41379310344827586,-0.05323833637763198,-0.0035909279323138588,23,0.11256749251454612,-0.005822702610789986,0.391304347826087,0.7511156186612576
APEXUSDT,390333.658,310.24338438657406,12,0.040661432075433934,0.0034042640365543886,-0.0029495823003169433,0.4166666666666667,-0.020665094255951977,0.04699821480896338,6,-0.006052333847279545,-0.0029495823003169433,0.3333333333333333,0.7511156186612575
GMTUSDT,641666.7159,1599.363546423611,22,0.07037513323253552,0.003174326616637751,-0.00433848614440746,0.45454545454545453,-0.06258016282264578,0.0457641188352671,18,0.023534001553503936,-0.005459077567602443,0.3888888888888889,0.7450811359026368
POLYXUSDT,55532.7349,1015.3070070717592,14,0.060500500627449716,0.004284845151954796,-0.0022111245834491857,0.42857142857142855,-0.0243998439789741,0.06717867024452251,11,-0.006257780260490842,-0.004665150787856786,0.2727272727272727,0.743864097363083
KAIAUSDT,770643.9708,641.2389746643519,21,0.033342614534069615,0.0016089812223216602,-0.003582974584951825,0.42857142857142855,-0.03446088245649592,0.010359229942771497,16,0.022747735567872907,-0.0024484238900904223,0.4375,0.7421399594320487
1000TOSHIUSDT,120590.9958,607.1986042939815,18,0.1580471205454823,0.008931918051730726,-0.00516021454089216,0.3888888888888889,-0.042832584246869754,0.0076244615237321955,14,0.14928444551086084,-0.00516021454089216,0.35714285714285715,0.7411257606490872
MEUSDT,403639.8832,617.2537779050926,21,0.0701432538055975,0.0033566264831192114,-0.005291881340832471,0.42857142857142855,-0.02973967432629765,0.03952255849175601,15,0.02945649910500192,-0.005291881340832471,0.4,0.7396044624746452
HOLOUSDT,927598.3527,327.0854329976852,9,0.09559755581667284,0.010626100162580735,-0.005491906279861957,0.3333333333333333,-0.024581749514751006,0.0,9,0.09559755581667284,-0.005491906279861957,0.3333333333333333,0.7367647058823531
EVAAUSDT,732079.9484,291.10365059027777,12,0.35583960569674344,0.028443175388105858,-0.0076980778685674656,0.4166666666666667,-0.041061591940912856,-0.014543513599459268,11,0.3758492885353637,-0.005467865734906651,0.45454545454545453,0.7322515212981744
ENSUSDT,547213.1896,1726.5893681828704,15,0.03393801740991753,0.0023357906313055416,-0.0036731470230862975,0.4,-0.02879781628687972,0.000320694818784828,11,0.033606545146227296,-0.0036731470230862975,0.36363636363636365,0.7301217038539555
PIPPINUSDT,8849202.9708,564.229159849537,24,0.0797756124177782,0.0034924316346498416,-0.005144057662204881,0.4166666666666667,-0.09332431867294155,0.12470655282183984,18,-0.03994903407589456,-0.007173979535551766,0.2777777777777778,0.7283975659229209
1000NEIROCTOUSDT,214328.4919,687.1816829976851,20,0.03796385244159439,0.001969314261103405,-0.00213622507211697,0.45,-0.03763954169433614,0.03551593041862766,16,0.0023639636543084652,-0.00213622507211697,0.4375,0.7273326572008114
FARTCOINUSDT,16193975.2692,592.2300279050926,18,0.06250183451405533,0.00364344099102225,-0.005856376316191736,0.4444444444444444,-0.04456527442580904,0.028487278960416695,12,0.033072412512500815,-0.008247049817558083,0.3333333333333333,0.7271805273833671
TAOUSDT,13372272.3457,917.2620417939814,28,0.0216589489267085,0.0008156444621420035,-0.0037636019978332094,0.4642857142857143,-0.057423826215847185,-0.02026259084492721,26,0.04278854658391462,0.0005881758355856257,0.5,0.7261663286004058
GRASSUSDT,2309742.5085,658.1643334606481,17,0.06591335142193255,0.004092809467241952,-0.005734901259549007,0.4117647058823529,-0.03479778811921552,-0.019401478786757798,14,0.08700281344819394,-0.003507037452778471,0.42857142857142855,0.7253549695740364
IMXUSDT,1323749.1643,1714.5893681828704,20,0.02717157355291988,0.001406777139222382,-0.003040983916974992,0.4,-0.04492897927105366,0.022501934165389592,19,0.004566875847860086,-0.003068621157001349,0.3684210526315789,0.7243407707910751
STEEMUSDT,95437.4199,1014.3187431828703,20,0.04888547923416131,0.0024521034474158437,-0.0031167215073333856,0.4,-0.019656780608908853,0.010921498128038554,15,0.03755383694621406,-0.0034385136900090254,0.4,0.7230223123732251
KMNOUSDT,174287.2019,664.2194492013889,13,0.0689091117777747,0.005320676243740014,-0.004993793698034764,0.38461538461538464,-0.022033934458043136,0.013811854192207651,11,0.05434662985812855,-0.004993793698034764,0.36363636363636365,0.7184584178498986
MOCAUSDT,142110.7622,753.1742987384259,19,0.09065833263489043,0.0047416709965953695,-0.004690600666577226,0.3684210526315789,-0.04313644522603277,0.05250795715520051,15,0.03624711359219157,-0.0054155015814739684,0.26666666666666666,0.7153651115618661
PUMPFUNUSDT,40511745.699,390.4327478125,15,0.027493017742804327,0.002028241584339896,-0.005297288150690304,0.4666666666666667,-0.04489449513339394,0.031047254886938047,11,-0.0034472107144336572,-0.00659685259742726,0.36363636363636365,0.7141480730223124
TRUMPUSDT,7894487.5593,563.3172964236111,35,0.08204929357586876,0.00237200688050809,-0.005630367772108901,0.4,-0.08244311587559616,0.04158097489410495,28,0.03885278212371124,-0.006256951977793245,0.32142857142857145,0.7130831643002029
MOODENGUSDT,523137.3315,672.2983265162037,17,0.06940046539767297,0.004244538399343363,-0.005662363082359677,0.4117647058823529,-0.03785233240688257,0.029610955283922324,12,0.03864518914600912,-0.006395568452969346,0.3333333333333333,0.7100405679513184
SOLAYERUSDT,187440.5527,538.9970533680555,25,0.04488032268732822,0.0018696674581264363,-0.0008478624676705451,0.48,-0.0653469347052772,0.008210555161171307,18,0.036371140272673186,-0.004824841466472828,0.3888888888888889,0.7094827586206897
GRTUSDT,454349.4382,1702.5893681828704,25,0.02796227827519493,0.00117732968962347,-0.0038125386477092507,0.4,-0.03721425358777741,0.03970658628170254,20,-0.011295790717753218,-0.0041059860377355975,0.35,0.7090263691683569
ARCUSDT,772405.7605,578.2447154050926,17,0.10283988865570204,0.006381151198188404,-0.005097534018582372,0.29411764705882354,-0.04870417637925506,-0.0032367617790662884,15,0.106421110216804,-0.005097534018582372,0.26666666666666666,0.7056288032454362
GIGGLEUSDT,13071488.3338,299.07997003472224,18,0.10276629906917623,0.00620760177204467,-0.005414852017216642,0.2777777777777778,-0.0526072806206106,-0.013961912331311277,16,0.11838103706163183,-0.005414852017216642,0.3125,0.7046146044624747
ASRUSDT,13616.5088,355.201659849537,13,0.2627856794887209,0.02048244031971604,-0.006198876737774971,0.38461538461538464,-0.03320813442484738,0.27544290314590025,12,-0.00992378696526508,-0.006582717039629093,0.3333333333333333,0.7041582150101421
SAPIENUSDT,114770.7171,348.8674005902778,14,0.06674845166944121,0.004825552790609485,-0.003642625450788194,0.35714285714285715,-0.037051381176403164,0.10048474170685551,10,-0.030655845336927556,-0.004369544586832529,0.2,0.7035496957403651
MUBARAKUSDT,595327.7067,505.2688126273148,14,0.04284035613174364,0.0031563408796972314,-0.005409487364289866,0.42857142857142855,-0.030038135030586277,0.0037886161968170295,11,0.038904346298413994,-0.005919164032125667,0.36363636363636365,0.701369168356998
VVVUSDT,4624704.5136,553.4006529050926,17,0.10388655925173085,0.006288345028730004,-0.00676830255230576,0.35294117647058826,-0.04780005172665447,-0.04293224746333013,15,0.1534048204277325,-0.0057521210878542775,0.4,0.6987829614604463
MORPHOUSDT,1530589.909,620.2310464236111,20,0.0061183559579804925,0.0003755804533650209,-0.0031230177009654017,0.45,-0.04431171994179084,-0.0010746049727706763,18,0.007200698837529496,-0.0031230177009654017,0.4444444444444444,0.6944726166328601
SLPUSDT,27444.6574,1720.9227015162037,14,0.08063045448688588,0.005690271282494235,-0.004854000923704248,0.35714285714285715,-0.02788787892634048,-0.025398828711875265,10,0.10879248488755966,0.008283839515184521,0.5,0.6939148073022313
RAREUSDT,54617.396,981.3059885532407,18,0.021359770407134437,0.0012116527902808919,-0.001525031872739723,0.5,-0.035391604430310974,0.0009941199151768387,13,0.020345424700080494,9.547484621219657e-05,0.5384615384615384,0.693052738336714
ALICEUSDT,72938.1054,1744.5893681828704,18,0.04391569716697319,0.002475146919136183,-0.003914099651960822,0.3888888888888889,-0.024517207446849043,0.038527496984506415,14,0.005188307674194315,-0.004856013932156677,0.35714285714285715,0.6916328600405679
DEEPUSDT,248449.27,656.0968450347223,16,0.05611163345487191,0.0035758096957647853,-0.005289958008061756,0.375,-0.02258450223798114,-0.005129520487472172,11,0.061556911380415524,-0.005850891777465893,0.36363636363636365,0.6846348884381339
WOOUSDT,287936.9007,1729.5893681828704,17,0.01854760437050129,0.0011330275971581914,-0.004501755269319173,0.47058823529411764,-0.03450932869639467,-0.007977467980089359,12,0.02673837689611913,-0.0011664309063280079,0.5,0.6832150101419878
GPSUSDT,844483.0682,532.2451204976852,12,0.0013904922691487798,0.0002601859385050753,-0.0019928604559222842,0.5,-0.05108118474517376,0.04787754102252051,8,-0.04436305477833746,-0.007477171064354748,0.375,0.6802738336713996
BCHUSDT,8005247.032,3137.58936818287,19,0.015138568325805846,0.0008620489703044667,-0.004075690989914892,0.3684210526315789,-0.048357276518251724,0.009874753637697742,14,0.005212344074497333,-0.0036773684322606295,0.35714285714285715,0.679766734279919
GRIFFAINUSDT,232502.0291,592.2282686458333,17,0.1687919857254192,0.009890508427549231,-0.007393296297215301,0.35294117647058826,-0.03291818462066387,0.03097232659964133,14,0.13367930018096108,-0.007392024525669726,0.35714285714285715,0.6783975659229209
MAVIAUSDT,140645.5341,909.2057339236111,13,0.06158465110781486,0.0048273001928387065,-0.005573703991507694,0.38461538461538464,-0.01422353607079263,0.012817401856858979,8,0.048150090195476336,-0.0060400109007829874,0.375,0.676369168356998
RAYDIUMUSDT,127984.0281,791.2060464236112,16,0.05668978941099323,0.003558050998976936,-0.0054463344533828275,0.4375,-0.031378216863481634,0.02247406131505625,14,0.03346366366686149,-0.0054463344533828275,0.42857142857142855,0.6758620689655173
ATOMUSDT,13846452.0812,1758.5893681828704,29,0.008221529244380799,0.00031228979785868986,-0.0024758427839055566,0.3448275862068966,-0.04545693493777225,0.029227274333976094,27,-0.020409238671981744,-0.003446308145735543,0.2962962962962963,0.675
DIAUSDT,333359.8813,377.2637547569444,10,0.005282432398578507,0.0005868872398607783,-0.003066707452454908,0.4,-0.024424532283492617,0.030450709007274535,8,-0.024424532283492395,-0.0071703932692882555,0.25,0.6717038539553754
ARUSDT,454750.7483,1688.353696886574,24,0.024034206451497786,0.0010519492160432123,-0.004770302384314195,0.375,-0.029410292572219388,0.008321670712652107,20,0.015582860306612822,-0.004770302384314195,0.35,0.6713488843813389
UMAUSDT,90691.8472,1153.2634191087964,23,0.026122461559931365,0.0011733915395130954,-0.0031873048844772702,0.391304347826087,-0.033069923204834484,0.04304464478221881,19,-0.01622383404865757,-0.0038220525061140034,0.3157894736842105,0.6691176470588236
LINKUSDT,21294260.7297,3137.58936818287,18,0.01293264024794083,0.0007685933287850452,-0.0046263848401904,0.3333333333333333,-0.03570139990514709,-0.013215868720193313,14,0.02649871247343749,-0.0042785158126461545,0.35714285714285715,0.6674949290060851
HYPERUSDT,3327336.2869,469.08442605324075,16,0.020936887261078452,0.0014232506514715445,-0.005399000621597982,0.375,-0.0328908415127499,0.016700334962991503,11,0.004166962626447335,-0.006354285483315957,0.2727272727272727,0.6657707910750507
MINAUSDT,170351.3513,1581.295236238426,21,0.0599549993353079,0.0028884156597575516,-0.005130370399734518,0.42857142857142855,-0.05817485249351295,0.039145822695162646,19,0.02002527093471196,-0.0052210173294605635,0.3684210526315789,0.6628296146044625
PIXELUSDT,185140.2518,896.2517524421296,17,0.11766630544668044,0.00679433658209091,-0.0068794056498857606,0.4117647058823529,-0.05628810468371215,0.0697802943485677,14,0.044762472585338164,-0.007031374677596013,0.35714285714285715,0.6622718052738337
SKRUSDT,2098924.1545,196.15201864583332,12,0.06036718282977849,0.005158227759601591,-0.006473004403483139,0.4166666666666667,-0.0532970260020712,0.02593866209195217,8,0.033558069317345396,-0.0018372214956927082,0.5,0.660446247464503
ALGOUSDT,10373638.532,1776.5893681828704,20,-0.010379093470125667,-0.0004914624452940051,-0.002209811290674323,0.35,-0.02773185472543982,-0.020611692272345827,17,0.010447948705821553,-0.001127242651736803,0.4117647058823529,0.6581643002028398
CROSSUSDT,154005.1928,390.1298774421296,19,0.021596892513614296,0.0012108972299724214,-0.003962994972495081,0.3684210526315789,-0.027606514547056316,-0.006218092843752521,15,0.027989023705372817,-0.003138275124732636,0.4,0.6579614604462475
SUPERUSDT,165707.4915,985.3279561458334,28,0.016726193213982166,0.0006478705114973553,-0.004170455989986332,0.39285714285714285,-0.02673798381003034,-0.004973359038400016,25,0.02180801132260246,-0.004240661355681795,0.4,0.6564908722109534
ARIAUSDT,177042.2306,335.05667142361114,17,0.10872385867904932,0.006358098415613881,-0.006078125000000044,0.4117647058823529,-0.0841500253512032,0.21059550075787725,10,-0.0841500253512033,-0.010194102513972625,0.1,0.6541582150101419
ATUSDT,93774.1725,279.01047929398146,12,0.012904326434114877,0.001123958693214467,-0.0042898950920552395,0.4166666666666667,-0.01643763411080379,-0.007344579717274424,11,0.0203987262222598,-0.003883718153062209,0.45454545454545453,0.6534482758620689
BROCCOLIUSDT,640548.9095,536.0811390162037,13,0.026172991317115146,0.0020934855706926147,-0.005328699563884597,0.38461538461538464,-0.03909231432700555,0.00522232707817194,9,0.02084182143052793,-0.005328699563884597,0.4444444444444444,0.6502028397565922
SHELLUSDT,137091.7685,533.2742871643519,19,0.04294878912143507,0.0023169435815234445,-0.004312825366777128,0.3684210526315789,-0.049439852012724494,0.03516819393939863,14,0.007516261828357518,-0.004490052846856828,0.35714285714285715,0.649239350912779
AGIUSDT,88174.1314,991.2367755902778,21,0.018023503312086353,0.0009443456847965317,-0.004017041278156718,0.42857142857142855,-0.037927091284927994,-0.038361909057063714,16,0.058634753448525645,0.0011144314325123314,0.5,0.6484279918864098
LAUSDT,1550903.8038,425.3671343865741,26,0.07827240502552857,0.0030789902076681086,-0.006273899035586949,0.38461538461538464,-0.0859797823137225,0.05830781978535193,22,0.01886462980517911,-0.006428778588528693,0.3181818181818182,0.6480730223123732
ROSEUSDT,769942.2158,1663.3366945717592,28,0.046200428147509465,0.001739307603307344,-0.005504440067291837,0.35714285714285715,-0.047069872832428694,-0.017424969904739185,20,0.06475372984603522,-0.005453000211772085,0.35,0.6475659229208924
UNIUSDT,38970396.1998,1708.5893681828704,12,0.02928149574754224,0.002568925562425106,-0.0076859999687968195,0.4166666666666667,-0.029864043544239993,-0.00996858953841806,9,0.03964529293839347,-0.007480155062111859,0.4444444444444444,0.6474645030425964
WIFUSDT,9840590.2049,936.1923311458334,24,0.04214655737185691,0.0018760857685502879,-0.006189132485286296,0.4166666666666667,-0.06697369142018927,0.0013150410656987965,20,0.04077789170399493,-0.006189132485286296,0.4,0.646450304259635
CKBUSDT,161100.5321,1631.381636701389,20,0.038382859012736414,0.0020016268456588436,-0.004159526459913575,0.35,-0.04540922900407829,0.051101246907468534,17,-0.012100059753665238,-0.004411030298658413,0.29411764705882354,0.6447768762677485
NAORISUSDT,207391.7038,369.0795302199074,20,0.16473483979251635,0.00833678833719786,-0.006245692056076112,0.35,-0.08153050454108512,-0.0018279364296319711,15,0.16686779995261425,-0.0063624800412188645,0.3333333333333333,0.6439655172413793
TRUSTUSDT,396609.3016,263.07674086805554,7,-0.01749373887150074,-0.0025085802146501686,-0.0020285949393129546,0.42857142857142855,-0.01987956112890299,0.0024342133505044217,6,-0.01987956112890288,-0.0030711986405438365,0.3333333333333333,0.6434584178498985
MITOUSDT,87276.2737,340.163222349537,14,0.015904177810948106,0.0012075978622499116,-0.003951853416576722,0.42857142857142855,-0.0390167724188053,-0.006725554141490231,12,0.022782959983309592,-0.003951853416576722,0.4166666666666667,0.6428498985801218
MANAUSDT,461250.5685,1730.5893681828704,21,0.01205259005277215,0.0006468853331194228,-0.005032969735702219,0.42857142857142855,-0.042028388080440626,0.0072005182877719065,16,0.004817384102670186,-0.004659548972143212,0.4375,0.642444219066937
1000000BABYDOGEUSDT,131442.6953,784.107284849537,18,0.016964124860497698,0.0009926449666126415,-0.004290961821372784,0.3888888888888889,-0.030174589650595385,0.039539338901302346,12,-0.02171655578197229,-0.004647610116011002,0.25,0.6414300202839757
MEGAUSDT,2488430.601,285.09750475694443,21,0.07631803023979078,0.0036878142831455792,-0.007766691064374553,0.38095238095238093,-0.05591230262653035,0.028157587299002307,17,0.04684149933407289,-0.007766691064374553,0.35294117647058826,0.6408215010141989
CETUSUSDT,42761.1305,911.4337779050926,21,0.02063290707676324,0.001034663510911844,-0.004098804616525674,0.42857142857142855,-0.04290420085651803,0.009483520503763998,16,0.011044644460798336,-0.004512518233791617,0.375,0.6408215010141989
PLAYSOUTUSDT,82215.2982,196.17603484953705,14,0.38616820529040585,0.02872609050087579,-0.007534671693280093,0.35714285714285715,-0.050832315586827326,0.4036861394899194,11,-0.01247995097100485,-0.00787436824997112,0.2727272727272727,0.6389452332657202
ORDERUSDT,186715.7972,707.2127941087963,23,0.03412740858094332,0.0015454445958002518,-0.004500572852030759,0.30434782608695654,-0.02520244020270701,0.038743757602758055,18,-0.004444165356495833,-0.004326082202882719,0.2777777777777778,0.6384381338742394
TIAUSDT,6730072.2302,1007.9140325347222,24,0.02450944149529155,0.0011032156201275466,-0.005651103462361306,0.4166666666666667,-0.07578616095988178,0.050695745646401225,19,-0.02492282305283311,-0.0068548707267326306,0.3684210526315789,0.6359026369168358
HOMEUSDT,103929842.8523,420.1200394791667,28,0.11550077952730375,0.004831961870161839,-0.009368938406100036,0.35714285714285715,-0.09143699484469425,0.07085647405215623,22,0.041690279282911025,-0.007107490922831861,0.4090909090909091,0.6348884381338743
JELLYJELLYUSDT,271844.5683,551.3079908680555,15,0.0627153735634367,0.0042544189374905525,-0.0059122247614834525,0.3333333333333333,-0.0362399606997843,-0.02220615429455086,12,0.08685013536439179,-0.005253464849453992,0.4166666666666667,0.6330121703853956
BBUSDT,151065.2302,812.1025626273148,23,0.05305385709906396,0.0023617207011587273,-0.005184100418409997,0.391304347826087,-0.05870805882247565,0.044875329576054446,21,0.007827275935711642,-0.00559295168753282,0.3333333333333333,0.6320993914807301
TNSRUSDT,218893.1158,847.2645533680555,12,0.0013612699937914918,0.00016036797865976826,-0.0037443285810791474,0.4166666666666667,-0.03761197921087511,-0.019654087959495747,9,0.021436676274342537,0.0017649769585254002,0.5555555555555556,0.6318458417849899
DOGEUSDT,50188851.4396,1889.1421459606481,26,-0.018188906938595983,-0.0006733536142564449,-0.003977937100038186,0.38461538461538464,-0.036717503645568916,-0.00966164496637334,20,-0.008610453113201633,-0.00365757306056702,0.4,0.6310344827586207
AUSDT,429062.3849,433.2421228125,24,0.03425342955656063,0.0014891621592788655,-0.005571751557725379,0.375,-0.0459103203316894,0.003813476132885407,22,0.030324312382159935,-0.005571751557725379,0.36363636363636365,0.6293610547667343
MONUSDT,2441874.2062,253.00735429398148,23,0.026601248585903958,0.001274863567451603,-0.004815185185250591,0.30434782608695654,-0.05406772214603561,0.03083968264853354,21,-0.004111632617537331,-0.004815185185250591,0.2857142857142857,0.6281947261663284
AUCTIONUSDT,101168.0817,1103.315409849537,15,0.007556615738453454,0.0005218961077542908,-0.0006990671080350222,0.3333333333333333,-0.018282447958238857,0.00828454396504652,14,-0.0007219472230830526,-0.001000090615143722,0.2857142857142857,0.6281440162271805
BELUSDT,221674.6077,1509.3395417939814,14,0.04859969211442472,0.0035861581458809244,-0.0058422706187843945,0.35714285714285715,-0.033350739892270664,-0.004495400688757756,12,0.05333485434413565,-0.0058422706187843945,0.3333333333333333,0.6274847870182556
XTZUSDT,1220495.3316,3137.58936818287,20,0.02056994029296577,0.0010977504151907015,-0.005855404731534008,0.35,-0.024628355007597302,0.02078634556522929,14,-0.00021199859618370454,-0.005855404731534008,0.2857142857142857,0.6273326572008113
REZUSDT,115717.0178,818.2606992013889,19,0.07386574580851235,0.003946892858430979,-0.006029006363019839,0.3684210526315789,-0.04815901407054346,0.111866187010905,11,-0.03417717135957821,-0.006040370423717078,0.18181818181818182,0.6265212981744421
IOUSDT,387701.3305,784.013673738426,25,0.08455416909115532,0.0034550597070489796,-0.006035184563874751,0.28,-0.049961503255432915,0.0,25,0.08455416909115532,-0.006035184563874751,0.28,0.6234279918864097
BOBAUSDT,73494.4674,1581.2588010532406,13,0.0565061497873951,0.004610758418812823,-0.005201676211507244,0.3076923076923077,-0.02403185349465209,-0.015991481938134045,9,0.07367581722597571,-0.005311342592592582,0.4444444444444444,0.6219574036511155
TUTUSDT,3940707.0951,503.2051552199074,5,0.02120539082335715,0.004512378859440313,-0.0071261658221777316,0.4,-0.03168564126553908,0.0,5,0.02120539082335715,-0.0071261658221777316,0.4,0.6213995943204867
WAVESUSDT,265138.3651,1672.2742524421296,23,0.010075998793640295,0.0005033324519695167,-0.003874074941048854,0.34782608695652173,-0.038023769326069656,-0.03247806558058619,19,0.043982531930671254,-0.003630828241984684,0.42105263157894735,0.6212474645030426
QUSDT,166397.7468,326.1405024421296,9,0.14296722149313768,0.016736905902813612,-0.009436933745239573,0.3333333333333333,-0.03480782870878141,-0.04536567255116264,5,0.19728275909331772,0.0036244618083239874,0.6,0.6208417849898581
SUSDT,987932.5075,566.2231644791667,28,0.06832550138222038,0.00276144396251101,-0.005511502052637173,0.2857142857142857,-0.07702769512709873,-0.038200869207632326,25,0.11075739952280128,-0.005449329231207111,0.32,0.6171399594320487
SAHARAUSDT,1422331.2943,410.1230140162037,31,0.01205526535912127,0.0005152257484178303,-0.004707032127611809,0.3548387096774194,-0.05914372066986706,-0.024140725980587585,24,0.03709140477870676,-0.004649923249434639,0.375,0.6148073022312374
IOTXUSDT,123457.3578,1726.5893681828704,23,0.05762323149785886,0.002544716984574393,-0.005323389537397304,0.34782608695652173,-0.049841799956993005,0.07430721290872078,14,-0.015529991058785608,-0.00566482367983756,0.21428571428571427,0.6146551724137931
ACHUSDT,439794.427,1579.250745497685,14,0.010577771377477063,0.0008265109758474688,-0.005288362249765698,0.35714285714285715,-0.027286572452147273,0.016955909871936514,11,-0.006271794511979123,-0.005099996941108852,0.36363636363636365,0.6143002028397566
TRBUSDT,314223.5196,1516.4846922569445,25,0.03945487850550822,0.0016682147139702153,-0.004252455532210874,0.32,-0.07542302737612128,0.0975783067582785,22,-0.05295606508882156,-0.004826182828349289,0.22727272727272727,0.6108012170385394
SPKUSDT,308344.672,413.20549086805556,19,0.046912775578638044,0.0025785619233967302,-0.005253469053448478,0.2631578947368421,-0.0352288103037679,0.015382322298126638,16,0.031052789267739023,-0.005467448747452862,0.25,0.6102434077079109
ALLOUSDT,4006749.0345,263.06691447916666,17,0.18195853730661127,0.01190151291364639,-0.012546087453285448,0.29411764705882354,-0.08534256733055812,0.26390626052837196,13,-0.06483686787618481,-0.012546087453285448,0.23076923076923078,0.60552738336714
UAIUSDT,23519788.7025,260.1646691087963,16,0.11654189519269931,0.00827789882825608,-0.009693011766833015,0.3125,-0.10477089050217814,0.0344671135416903,12,0.07934015550287588,-0.009693011766833015,0.25,0.6032454361054768
BTCUSDT,3898411706.2682,2333.58936818287,18,-0.0012977611872284633,-2.879555061689858e-05,-0.0037186466371225127,0.2222222222222222,-0.03610089135805328,-0.019089001916608228,13,0.018137466869207808,-0.003327150119892374,0.23076923076923078,0.602789046653144
MMTUSDT,6785435.8028,281.1988242013889,9,-0.00958665350207677,-0.0010191315326271893,-0.006244862397629779,0.4444444444444444,-0.028062944497143416,0.013756142163734664,6,-0.0230260461021613,-0.007496495654387203,0.3333333333333333,0.5984787018255578
WUSDT,936562.8377,853.0620070717592,33,0.08182291620770066,0.0027744052240625478,-0.007018899016747348,0.3333333333333333,-0.09574697731742066,-0.015236332434929722,27,0.09856095613541438,-0.007018899016747348,0.3333333333333333,0.5984279918864099
TWTUSDT,368159.4674,1356.3224584606482,13,0.005286908325245587,0.0004566062515246947,-0.003864208398938306,0.3076923076923077,-0.03793086986781957,0.015032608695652261,12,-0.00960136678064949,-0.004317905659012355,0.25,0.5983265720081136
BLESSUSDT,69138603.0684,314.1691714236111,10,0.0427437627031626,0.004545942970355654,-0.012233200938479738,0.4,-0.052052659812735325,-0.03807970082373169,8,0.08402303558424395,0.004303784455037207,0.5,0.597870182555781
TURTLEUSDT,92010.7069,285.9616251273148,11,0.020329666564115056,0.0019417387318777916,-0.003175614554347005,0.2727272727272727,-0.028346892318102168,0.032991791759741984,9,-0.012257721016404433,-0.003175614554347005,0.2222222222222222,0.5978194726166328
IOSTUSDT,113429.1559,1757.5893681828704,30,0.008529425490030995,0.0003734301882206175,-0.004387659390292341,0.4,-0.04720998287854028,0.05214361556338032,26,-0.04145269659788431,-0.004387659390292341,0.38461538461538464,0.5963488843813387
1000BONKUSDT,5659745.8876,1306.4986390162037,29,0.09064227543136294,0.0033888136021952785,-0.008628576531210186,0.3103448275862069,-0.07773543020470974,0.009747589091056552,25,0.08011377022759247,-0.008745423707669397,0.28,0.5931034482758621
ZETAUSDT,204124.3914,915.4188936458334,18,0.04705349963638561,0.0027153108168181763,-0.00516096529926302,0.3333333333333333,-0.07040708638594151,0.09584259242103066,11,-0.044521989857006616,-0.00581973327945151,0.18181818181818182,0.591734279918864
ASTRUSDT,87987.4071,1583.4305487384258,16,0.003391646017421035,0.0002662930518964534,-0.004550566957311929,0.375,-0.02803467622182443,-0.012428669542371096,10,0.016019415582326557,0.0001334961866278914,0.5,0.5904158215010142
CLOUSDT,1228887.599,291.1016714236111,16,0.10041032697827879,0.0069297407231507235,-0.013142271016806761,0.375,-0.10552251718410421,0.0006850086883263273,15,0.09965705234324429,-0.014104116638177233,0.3333333333333333,0.5897058823529412
SSVUSDT,205888.3513,1252.2783728125,8,-0.0018395879925185987,-0.0001604544028807744,-0.004635554311152978,0.375,-0.03206154339609657,-0.012400893468572982,5,0.010693919634199744,-0.00487917765332102,0.4,0.5884888438133874
BERAUSDT,1973044.9112,544.0362663310185,24,0.00923801970768423,0.0004937791234024269,-0.006169233544075613,0.375,-0.043129324744812125,-0.03681129336825528,18,0.047809232769113974,-0.002747862874312389,0.4444444444444444,0.5879817444219068
1INCHUSDT,369329.9081,1702.5893681828704,16,0.020378506516971706,0.0013342696775319187,-0.004579068837578248,0.25,-0.04014800573910393,0.013210272475379536,12,0.00707477434479542,-0.004579068837578248,0.25,0.5842799188640974
B3USDT,424372.2987,538.161347349537,23,0.028165169270035095,0.001354589588031952,-0.006126249523166648,0.34782608695652173,-0.047824112441939404,0.06996943655652488,20,-0.03907052468809624,-0.006214681595243353,0.3,0.5829107505070994
BARDUSDT,1579823.0108,322.1803751273148,21,0.018466580466661275,0.0009775459154560103,-0.005272788359339752,0.3333333333333333,-0.07744418518871266,-0.057263938957443306,13,0.08033056393361604,-0.00022299922299928634,0.46153846153846156,0.5817951318458418
METISUSDT,107659.2244,944.9606181828703,13,-0.0048379855015137085,-0.00033443664405481563,-0.004084041349695976,0.38461538461538464,-0.03542459811776988,-0.005481698316272987,11,0.0006472609037653232,-0.004834688001671416,0.45454545454545453,0.5808316430020284
MTLUSDT,101615.6263,1574.3151783680555,10,-0.00963093551557992,-0.0009425375624055651,-0.004728923975514886,0.4,-0.014933623279937414,-0.015440913030837167,8,0.005901095822641311,-0.0017438675616771584,0.5,0.5807302231237322
POLUSDT,4075611.487,698.2350510532408,25,-0.026207556114325015,-0.001028942060185436,-0.004117600281683175,0.4,-0.05037848586185656,0.0051167690830407064,21,-0.03116486179605038,-0.004117600281683175,0.38095238095238093,0.5765720081135902
RVNUSDT,90634.8895,1671.2784075347222,25,0.010162875595164156,0.0004968100645385664,-0.004614277219732842,0.32,-0.03127960931664642,-0.009369587452024097,22,0.019717205124915926,-0.004627747053870256,0.36363636363636365,0.5751014198782961
MNTUSDT,2541275.1864,1037.3526204976852,20,-0.012713417024095675,-0.0006118598977393192,-0.0034677988410891083,0.3,-0.048073261950874024,0.02848053163738573,17,-0.04005321189298472,-0.0035099307315745723,0.23529411764705882,0.5748985801217039
1000BTTUSDT,76274.6758,1621.3336042939816,11,0.000996393233388071,0.00011071372390855468,-0.002410605658861863,0.2727272727272727,-0.011268989284086262,-0.010489649194232675,5,0.01160780422182306,-0.002410605658861863,0.4,0.5706389452332657
SANDUSDT,1788971.5185,1737.5893681828704,26,-0.007085142657705545,-0.0002225066470867031,-0.0050594693327724585,0.34615384615384615,-0.047278883468067634,0.01207153917763959,22,-0.01892818945477981,-0.0050594693327724585,0.3181818181818182,0.5663793103448275
SYRUPUSDT,390913.1559,442.27240059027775,13,0.06488662728755656,0.005604372566155442,-0.006139032432066593,0.07692307692307693,-0.03507384303369698,-0.011558193681697193,11,0.07733871683755544,-0.006139032432066593,0.09090909090909091,0.5655172413793104
ICPUSDT,4428873.2887,1784.5893681828704,28,-0.0009572035902057907,6.346534033062165e-05,-0.0057729299969954675,0.32142857142857145,-0.03777408369100832,0.022737220733765273,19,-0.023167656210822174,-0.005778315220979712,0.2631578947368421,0.5625253549695741
ANKRUSDT,116737.5816,1714.5893681828704,22,-0.0028048264586759686,-8.884393415607516e-05,-0.00426876259791703,0.3181818181818182,-0.023022731585210954,0.004392289026691865,21,-0.0071656419150148976,-0.004291143675179686,0.2857142857142857,0.5618154158215011
AEROUSDT,3486541.0594,750.2108033680555,19,-0.004520978643701046,-0.0001491743444000002,-0.00603231627436973,0.3684210526315789,-0.04380728954975266,-0.013557864216655391,16,0.009161090392573845,-0.005209843111779632,0.375,0.5599898580121704
BRUSDT,91828.2207,502.03395151620373,13,0.022366004079270585,0.0018533119508144214,-0.007025181747509212,0.46153846153846156,-0.04030534316912304,0.02896178700556251,11,-0.0064101339909686805,-0.007025181747509212,0.45454545454545453,0.5592799188640973
XVGUSDT,196114.8101,1126.2851320717593,24,0.02460199652535988,0.0011251718413507427,-0.005638086035453848,0.3333333333333333,-0.05289254311285274,0.008641769501937402,14,0.015823484120931486,-0.00613299705755732,0.2857142857142857,0.559077079107505
HAEDALUSDT,59943.4347,461.1102825347222,24,0.0031848609128988237,0.00020343384697585373,-0.004969019549663333,0.375,-0.03711118430806104,-0.006343492244732518,20,0.009589182059659418,-0.004523211713693131,0.4,0.558265720081136
FOGOUSDT,269465.3773,205.28764364583333,24,0.010088912327316013,0.0005246963918039924,-0.005435932087384464,0.3333333333333333,-0.0435164048630966,0.04262011304057722,19,-0.03120139378319786,-0.005481528686914649,0.2631578947368421,0.5580628803245438
CVXUSDT,586853.7086,1567.2712894791666,15,0.008940391298269956,0.0006785304178353583,-0.005488424933832835,0.3333333333333333,-0.051641165531132405,0.00976857178440782,12,-0.0008201686101938499,-0.005677459750886737,0.25,0.5580628803245437
AVAUSDT,92541.1357,596.1646806828704,14,-0.0004972096733557585,2.0801013190368607e-05,-0.004748672822991406,0.35714285714285715,-0.03220162141525751,0.0,14,-0.0004972096733557585,-0.004748672822991406,0.35714285714285715,0.5573022312373225
RUNEUSDT,232809.6825,1709.5893681828704,9,-0.0007480717862615727,-3.7618739903253986e-05,-0.005297158564099068,0.3333333333333333,-0.024441819240421214,-0.006008839127872645,8,0.00529256954055346,-0.005148476598295703,0.375,0.5563387423935091
VINEUSDT,255866.0523,558.0988820717592,24,0.04890712703779454,0.002166012905019448,-0.008143631318796918,0.375,-0.05238747819766798,0.061648930739889085,18,-0.012001899435074903,-0.008143631318796918,0.3333333333333333,0.5507606490872211
SUSHIUSDT,648440.6314,1708.5893681828704,19,0.0019243087903850764,0.00016817779274318724,-0.006224865457576833,0.42105263157894735,-0.057373925281696825,0.02612712644445425,15,-0.02358656839911455,-0.0063039117758134635,0.3333333333333333,0.54868154158215
WALUSDT,284235.0455,495.16858114583334,20,0.002931554999823671,0.0002267172132182305,-0.0054205611475559015,0.35,-0.04390528694775475,0.045512620446282126,18,-0.04072745236521669,-0.005813749363904496,0.2777777777777778,0.548630831643002
GALAUSDT,2454412.3248,1729.5893681828704,33,0.0087911965998404,0.0003468745098138549,-0.006210943482730879,0.3939393939393939,-0.08506193116961203,0.01800322141463484,27,-0.009049111654080066,-0.006210943482730879,0.37037037037037035,0.5481237322515213
DOTUSDT,11823739.908,1965.1907570717592,33,0.005788273820667378,0.0002449185250726333,-0.0056964798362308935,0.3333333333333333,-0.08340356992202691,0.058029952780292327,29,-0.04937637051044175,-0.005833065223113886,0.27586206896551724,0.545892494929006
LINEAUSDT,818516.8912,337.19023623842594,18,-0.00644853352420327,-0.00029492028386908964,-0.005988692282943907,0.3888888888888889,-0.046309396880290565,0.019924566486672957,12,-0.02585789270840244,-0.006928717894909286,0.25,0.5447768762677485
LIGHTUSDT,441350.2337,311.0366019791667,8,0.004577991697420458,0.0006518433475272561,-0.00650362440002955,0.375,-0.037564381633163446,-0.0068511119918007735,7,0.011507945915484097,-0.006156136808258327,0.42857142857142855,0.5438640973630832
RLCUSDT,214770.4035,1231.2919260532408,12,0.010087759578480515,0.0009373119708748212,-0.004390673034955716,0.25,-0.045808201739571786,-0.009238915126387082,7,0.01950689727315358,-0.0036759453048565973,0.2857142857142857,0.5433062880324544
ONTUSDT,112043.9475,1520.313673738426,21,-0.011999965715227767,-0.0005427389978952793,-0.003681282726758494,0.3333333333333333,-0.03862914674030937,0.02106628789125664,17,-0.032384042053502426,-0.004502878126388054,0.23529411764705882,0.5401115618661257
AIXBTUSDT,427812.3614,592.2293334606481,22,0.013667190271573482,0.0007139863374240733,-0.006485474208140384,0.36363636363636365,-0.05187075376318673,0.03137210594531048,17,-0.017166370480331872,-0.00697531989538469,0.29411764705882354,0.5400101419878296
LDOUSDT,8889852.6031,1476.3021112384258,16,-0.017584212732760895,-0.0010377139034371677,-0.005466469522604044,0.3125,-0.036957665551462404,-0.015689558368280454,13,-0.0019248544812136004,-0.005241679416941868,0.3076923076923077,0.5385395537525355
ONDOUSDT,32209747.0856,925.151960775463,14,-0.006818929711008392,-0.00041358028808791104,-0.0061241840766756974,0.2857142857142857,-0.030158955779127417,-0.013917293491213734,11,0.007198548086637668,-0.006266168276433669,0.36363636363636365,0.5379310344827586
FLUIDUSDT,1263847.2922,314.09785197916665,12,-0.014258455153029481,-0.0011237849018193764,-0.006173191722185944,0.4166666666666667,-0.0463410297178265,-0.0014094896016528802,7,-0.012867101597281327,-0.006750985751867277,0.2857142857142857,0.5375253549695741
BUSDT,465282.2214,438.33189133101854,23,0.0805171417085504,0.0037823011460397286,-0.006855425513705659,0.2608695652173913,-0.1448898911889921,0.08794976471068461,17,-0.00683177040266203,-0.010098663208657155,0.23529411764705882,0.5370182555780934
STRKUSDT,3148087.2205,896.0184654050926,29,0.02781294495078157,0.001094104548040456,-0.007792111647777599,0.3448275862068966,-0.07453570670085319,0.0766266016308994,25,-0.04533944879884433,-0.007869344300298842,0.28,0.5351419878296146
10000SATSUSDT,485167.5212,992.1854908680556,18,-0.018622012494004747,-0.000967784049432818,-0.005284331709759559,0.3888888888888889,-0.043366947622791474,0.011529270110561152,14,-0.02980762247371349,-0.005284331709759559,0.35714285714285715,0.5346348884381339
XVSUSDT,37308.9155,1061.267296423611,7,0.012163693634711592,0.0018103980490427691,-0.0052749101477274065,0.2857142857142857,-0.02583984050426813,0.007086381801248098,4,0.005041585235600721,-0.00522991770855885,0.25,0.5345841784989859
BSVUSDT,332451.2074,1698.4584885532408,22,-0.0096925113396934,-0.00040277961472636516,-0.004943801135523672,0.36363636363636365,-0.05487624431202298,0.024876545798340644,16,-0.033729971946139026,-0.005092135920868045,0.25,0.5333164300202841
AWEUSDT,210856.6832,439.2075626273148,11,-0.016459361227786906,-0.0014496501665271651,-0.005268450737802465,0.36363636363636365,-0.025558531668793183,-0.014713631015095596,9,-0.001771799821497444,-0.005190447589610402,0.4444444444444444,0.5327079107505072
STORJUSDT,679152.789,1716.5893681828704,27,0.005422914094486586,0.00028922555324424295,-0.005902871862995539,0.37037037037037035,-0.07409079543153507,0.023124911815107785,22,-0.01730189297142204,-0.005957396944066161,0.3181818181818182,0.5315415821501015
SENTUSDT,759879.4558,262.29089596064813,16,-0.0020156146738152803,-2.6710703258665813e-05,-0.0049410322766592065,0.25,-0.04331375717701513,0.04165785017337331,15,-0.041926881115444736,-0.006037900617573365,0.2,0.5289046653144017
ZKUSDT,1153929.0387,775.5004792939815,27,0.023355359009929577,0.0009747284649887768,-0.006459216441875303,0.3333333333333333,-0.09763712826140014,0.052007616502394605,24,-0.02723578902187518,-0.0065337067510444205,0.2916666666666667,0.5278397565922921
AXSUSDT,599763.3026,1818.5893681828704,33,-0.024395964469578924,-0.0007072975776927326,-0.004200512655838872,0.3939393939393939,-0.06415933314595146,0.01803503484430591,27,-0.04167931147907322,-0.004200512655838872,0.37037037037037035,0.5273326572008115
PIEVERSEUSDT,2604209.986,263.02405568287037,18,-0.02348614259459847,-0.0012604312596432268,-0.004993923789835152,0.3333333333333333,-0.04267576396859807,-0.0156805690843429,14,-0.007929919155404974,-0.004993923789835152,0.35714285714285715,0.5268255578093306
USELESSUSDT,1979562.3563,390.1336042939815,27,0.06794501588959068,0.0029605367420812703,-0.013786923645201177,0.3333333333333333,-0.16429524107869198,0.15100651067313509,22,-0.07216422671229583,-0.01425653706088964,0.22727272727272727,0.5260141987829614
BANUSDT,224018.8375,624.2283728125,17,0.031976673609669826,0.0020359392872178177,-0.007042015427130232,0.29411764705882354,-0.04083725178136566,-0.017472237479009167,13,0.05032825837083954,-0.005502339701814129,0.3076923076923077,0.5233772819472616
MASKUSDT,117091.207,1706.1108728125,25,-0.012542935999073412,-0.00047297637730777845,-0.00473620215554038,0.4,-0.05833828019501841,0.002803145375001037,19,-0.015303184323714802,-0.00473620215554038,0.3684210526315789,0.5202839756592292
AAVEUSDT,22909129.8578,1909.199784849537,15,-0.028357772814672222,-0.0018849883147501838,-0.006305249851120131,0.4,-0.033794165836325996,-0.017726650671095245,9,-0.01082297728105952,-0.006305249851120131,0.4444444444444444,0.5195740365111562
FLOWUSDT,512229.9218,1712.9227015162037,24,-0.012421930737146702,-0.00046160917325299656,-0.004862337076341704,0.2916666666666667,-0.045589160896523984,0.0347515229296147,20,-0.045589160896523984,-0.004862337076341704,0.25,0.5183062880324544
APEUSDT,1082772.2372,1600.4750510532408,16,-0.012543873652959836,-0.0007183559034091013,-0.005299204808598134,0.3125,-0.049890142498815626,-0.012191375173925323,11,-0.00035684895856857857,-0.0047785419593251435,0.36363636363636365,0.5175456389452333
HFTUSDT,16144800.9305,1239.3075510532408,16,0.02449165565222966,0.001867904711727375,-0.0080153214728379,0.3125,-0.07529080671685395,0.08697168782302178,11,-0.05748082757880024,-0.008129054235325173,0.2727272727272727,0.5164300202839758
XRPUSDT,126035011.6075,1909.1907570717592,26,-0.029534481360958265,-0.0011200996489952018,-0.0038928399901715363,0.2692307692307692,-0.05048348904044153,0.013218294795982688,22,-0.04219502981393497,-0.0038928399901715363,0.22727272727272727,0.5146044624746451
STXUSDT,974446.0799,1708.2562316087963,29,-0.003609918344032459,-3.419577929428323e-05,-0.00564685237883955,0.27586206896551724,-0.04574148537049649,0.004992034520113986,22,-0.008559224917890962,-0.005188558986802038,0.3181818181818182,0.5095841784989857
INUSDT,403273.4993,362.1608843865741,20,0.0030239159309586316,0.0002629164489082347,-0.007267603923544862,0.35,-0.03738171680292113,0.014978958106820706,15,-0.011778610857274163,-0.007076560308068357,0.3333333333333333,0.5032961460446247
KSMUSDT,619431.3959,1757.5893681828704,25,-0.013081495893946693,-0.0004676973310717078,-0.004912949542610011,0.28,-0.051996117703923095,-0.012220885898358347,21,-0.000871257534505232,-0.00473754016788963,0.2857142857142857,0.5004056795131846
4USDT,340693.2062,300.07170614583333,16,0.006957602861638934,0.0005499913440252385,-0.005851477370563073,0.25,-0.041070518844775195,0.013876446071784176,13,-0.0068241482844898504,-0.005802926221507464,0.23076923076923078,0.49797160243407707
LRCUSDT,140886.8368,1727.5893681828704,25,-0.006656186451539425,-0.00021344027262830664,-0.004727637862816935,0.32,-0.05841146200393155,-0.0075521905451428895,22,0.0009028223802474145,-0.004648048966490569,0.3181818181818182,0.4976166328600406
HANAUSDT,446383.2535,291.1080603125,21,-0.01910560438865594,-0.0008310110656074511,-0.004675283921654171,0.3333333333333333,-0.0602538201545455,-0.008592324761776848,18,-0.010604396041570596,-0.004647098943603044,0.3333333333333333,0.49690669371196755
EDUUSDT,60552.0665,1187.2591135532407,13,0.03197626802247555,0.0026328637322883775,-0.009243965977709045,0.38461538461538464,-0.046784026207185136,0.050977320098194445,6,-0.018079412098011116,-0.0055883523687543235,0.3333333333333333,0.4968559837728195
CLUSDT,77910899.2008,133.2662200347222,26,-0.011957539891663038,-0.0003679640668985744,-0.004717476328205516,0.19230769230769232,-0.08508319306251,-0.013341923332072736,16,0.0014031035402706227,-0.005309402278606045,0.1875,0.4921906693711968
LPTUSDT,303250.3172,1695.5389167939816,30,-0.018400439666513724,-0.0005713824241234266,-0.005093546248107871,0.36666666666666664,-0.06520725601432031,0.05007186528666896,24,-0.06520725601432009,-0.005726047390832933,0.2916666666666667,0.48853955375253555
ENAUSDT,51605972.0816,854.1846691087962,17,-0.00625670865912431,-0.00012669661691392975,-0.009918432677672229,0.35294117647058826,-0.04815145592577974,-0.05609160986279493,14,0.052796332487760944,-0.008804644255509031,0.42857142857142855,0.4874239350912779
ETHBTCUSDT,248093.188,788.2331413310185,14,-0.022762340310451656,-0.0016373119586922187,-0.0028136885449588913,0.21428571428571427,-0.03426878436668257,-0.006606093579879291,8,-0.01626368616332108,-0.0028136885449588913,0.125,0.48635902636916845
SEIUSDT,2977128.3267,1084.4443797569445,20,-0.017194694174904268,-0.0008168646867713292,-0.006199696938443299,0.35,-0.06290773707705422,0.026011523603333586,17,-0.042110850399124766,-0.006491582602957346,0.29411764705882354,0.483316430020284
FILUSDT,4063004.164,1862.287284849537,22,-0.02072455451823052,-0.0008589450489252022,-0.005667301959931647,0.3181818181818182,-0.05777924980117066,-0.021914724914379846,17,0.001216837045261654,-0.005465361459622619,0.35294117647058826,0.4825050709939148
SXTUSDT,300760.7869,458.33086123842594,17,0.04080329696388807,0.002550810327587207,-0.00812391693540504,0.29411764705882354,-0.06777238067216751,0.06670659351168395,10,-0.024283431550301326,-0.008480691630697867,0.2,0.481288032454361
RSRUSDT,193329.5946,1707.9446806828703,18,-0.021690456889302157,-0.0011773759884569019,-0.004774473310149851,0.3333333333333333,-0.04839576648803634,0.004628302529825934,14,-0.026197509420004317,-0.005907562849836844,0.21428571428571427,0.47976673427991884
XCNUSDT,2313525.7009,1559.2603056828705,19,-0.051117011344046004,-0.002741543179826397,-0.0033442732752846363,0.3157894736842105,-0.0418784452427895,-0.024726127860505542,17,-0.027059971806325467,-0.0023900472616068527,0.35294117647058826,0.4796146044624747
PAXGUSDT,3747416.2841,1604.2511042939814,21,-0.03746563579356055,-0.0018102924788207752,-0.0025789008726927456,0.14285714285714285,-0.03516735412953442,-0.02138538969944337,14,-0.016431643187075018,-0.0023116673431046167,0.21428571428571427,0.47778904665314403
GMXUSDT,118933.7578,1394.2934191087963,11,0.0015335871480672836,0.00023592627371323138,-0.007809596658248984,0.36363636363636365,-0.025090692317226826,-0.02288074382489136,6,0.02498602992282395,-0.0030985844832576706,0.5,0.47773833671399596
BICOUSDT,15456703.6155,1706.1030603125,23,-0.04398852996498992,-0.001865411804279228,-0.00245747599451318,0.34782608695652173,-0.10876293567417872,0.04869319512547543,19,-0.08837830313123751,-0.0056424802567772705,0.2631578947368421,0.4775354969574037
KNCUSDT,85573.5768,1667.2695302199074,19,-0.01768747253596248,-0.0008894979737261427,-0.004175895553251373,0.2631578947368421,-0.037374254168260124,-0.018253741864002748,14,0.0005767980507667136,-0.0034212550684387657,0.2857142857142857,0.47535496957403656
FOLKSUSDT,270439.691,238.12661355324073,13,0.012165078514543737,0.0012905688635199014,-0.0076341867938218835,0.3076923076923077,-0.04839184914727879,-0.03880820051606826,11,0.053031329499460655,-0.00651899627179131,0.36363636363636365,0.47368154158215003
NOMUSDT,356833.9248,307.24378947916665,16,-0.0004261713469516648,0.00011540689925252506,-0.006588591662723907,0.3125,-0.049529187519339324,0.012182300717846761,13,-0.012456720549110956,-0.005864152197938343,0.3076923076923077,0.4723123732251522
ICNTUSDT,4730677.4797,397.13084966435184,18,0.018355693155574837,0.001523799317012896,-0.00996335414049454,0.3333333333333333,-0.12193301218833286,0.022281849052145697,15,-0.003840580658074688,-0.009722365592143012,0.3333333333333333,0.4721602434077079
SNTUSDT,190535.4055,1006.2364283680555,18,-0.015767650222298757,-0.000807464104503207,-0.0054751096244035615,0.3333333333333333,-0.05114888351660718,0.027246565049056315,14,-0.041873311369311605,-0.006481322765069796,0.21428571428571427,0.4720588235294118
1000TAGUSDT,426514.9844,372.2299005902778,12,0.017214139989510935,0.001833843205817744,-0.007862631886840332,0.25,-0.04528524960410407,-0.023776880967131153,6,0.04198939787171985,-0.00454724054271366,0.3333333333333333,0.46501014198782964
ACUUSDT,194213.1761,193.26670614583333,9,0.007772773580804637,0.0011525905526650218,-0.00503526021727274,0.1111111111111111,-0.058410787434543865,0.04556007773780202,6,-0.036140729702261565,-0.005031168185164968,0.0,0.46480730223123734
CYBERUSDT,103633.5784,1084.8206760532407,22,-0.018614599956432554,-0.0008205233522504376,-0.004336204444258417,0.2727272727272727,-0.04297567935651636,0.013380140848132438,18,-0.03157229899708447,-0.004336204444258417,0.2777777777777778,0.4642494929006086
XMRUSDT,6480359.5656,1686.452620497685,9,-0.02630169905515134,-0.0029115840797315773,-0.007530059620285189,0.3333333333333333,-0.024642022114311768,-0.027536484282368434,7,0.0012697496690208254,-0.0006142347381617999,0.42857142857142855,0.461815415821501
COAIUSDT,259024.0232,306.231648275463,11,0.01365559270109018,0.0015703902116822094,-0.009982757277559817,0.36363636363636365,-0.06037951350039805,-0.043602079676790084,7,0.05986804358433817,-0.009627048415314365,0.42857142857142855,0.4616125760649088
TUSDT,558111.0424,1247.2792408680555,21,-0.028369673705648135,-0.0013232665451602078,-0.005055361614358044,0.3333333333333333,-0.06054733051235128,0.004764778119024093,17,-0.032977322201422465,-0.005256163064532692,0.23529411764705882,0.46049695740365115
SONICUSDT,121538.435,574.0720649421296,23,0.012066869317490347,0.0006291368713044983,-0.005940294247086752,0.2608695652173913,-0.058946677256799584,-0.0025111858834352407,20,0.014614755568799653,-0.005869684234741489,0.25,0.45963488843813394
THETAUSDT,668186.8874,1818.5893681828704,26,-0.01845412499974508,-0.0006579382778129511,-0.006255512122993911,0.34615384615384615,-0.05321981764987016,-0.0009775079890885774,21,-0.017493717259036035,-0.00644562502972723,0.3333333333333333,0.45826572008113586
ASTERUSDT,2498317.7725,319.2653751273148,20,-0.032670103623990254,-0.0016322639082926634,-0.004384338280082333,0.25,-0.05443400522102182,0.003396837505242889,17,-0.035944842340650096,-0.004139244800680507,0.23529411764705882,0.4569979716024341
TRXUSDT,7649092.9717,1818.5893681828704,17,-0.042562930293533086,-0.0025542156827297316,-0.002619430946820266,0.058823529411764705,-0.03879898435545037,-0.028130805062688946,8,-0.014849863856190249,-0.001962485685382597,0.125,0.452789046653144
FLRUSDT,772428.7122,1237.257099664352,23,-0.03058212996337184,-0.0013119630924316012,-0.004164196746633485,0.2608695652173913,-0.059926358335348096,0.0,23,-0.03058212996337184,-0.004164196746633485,0.2608695652173913,0.45263691683569984
ACEUSDT,869390.3816,960.3049353125,22,-0.01772429007478382,-0.0006973891798435469,-0.006996449279471627,0.36363636363636365,-0.06331285286923516,0.024182436683647834,13,-0.04091724799941654,-0.00506706781076982,0.38461538461538464,0.44842799188640975
AZTECUSDT,133613.56,173.2784191087963,19,-0.024730269768305724,-0.0012448856622949173,-0.004844476204494018,0.3157894736842105,-0.049101066408754446,-0.03448054631151798,13,0.010098477566624187,-0.004812491167893617,0.3076923076923077,0.44624746450304265
1000TURBOUSDT,238979.1135,887.1224816087963,22,-0.021903742424945194,-0.000951787069634406,-0.005452708246585169,0.36363636363636365,-0.07196545581036251,0.01690469313634213,19,-0.03816329674081276,-0.006015256176273852,0.3157894736842105,0.4451825557809331
ARPAUSDT,57883.3017,1568.0881760532407,22,-0.03105288933537753,-0.0014031930392636874,-0.004907368764220487,0.36363636363636365,-0.04431389444929723,-0.008448477518110509,16,-0.022797011859441496,-0.004907368764220487,0.375,0.4449797160243408
SAFEUSDT,278398.6379,827.197134386574,10,-0.012016823052616754,-0.0011230252121238514,-0.006773926082463743,0.3,-0.039578688317967625,0.019183204552575717,5,-0.030612776452580204,-0.007528134644530281,0.2,0.44366125760649083
OPENUSDT,1616223.1281,330.04475012731484,12,0.0019208740892124876,0.0003432551711789189,-0.009119384717124146,0.3333333333333333,-0.08107108493015891,0.027048282698699744,11,-0.02446565466568129,-0.009377247971813163,0.2727272727272727,0.4404158215010142
BANDUSDT,65700.1419,1628.3033033680556,9,0.0037138101234446275,0.0005075789457062627,-0.005960147530450598,0.2222222222222222,-0.04105766136565525,0.03356894939875743,5,-0.028885483927008404,-0.005960147530450598,0.0,0.4401115618661257
PROMPTUSDT,112303.7047,481.0018103125,13,-0.009708504792796835,-0.000677131013583243,-0.00708248258314914,0.3076923076923077,-0.023026380330830376,-0.010944687728426827,9,0.001249862288076553,-0.00708248258314914,0.3333333333333333,0.43930020283975657
ANIMEUSDT,141377.3828,557.9918681828703,15,-0.024157458338631255,-0.0015874426467487786,-0.005102964316607727,0.3333333333333333,-0.056504915022891344,-0.004131126474651081,11,-0.020109406365004356,-0.005102964316607727,0.2727272727272727,0.43828600405679513
PUNDIXUSDT,87329.2762,461.1227015162037,18,-0.017799352930503387,-0.0009424229580605486,-0.004811240232474367,0.2777777777777778,-0.0563994875860534,0.019584355124508956,14,-0.03666563523372901,-0.004843889108553156,0.21428571428571427,0.43544624746450306
B2USDT,316486.1221,421.20137049768516,14,-0.029344485262769004,-0.0017569246136013533,-0.00491943957752261,0.35714285714285715,-0.09883438188208549,-0.011267548380371473,12,-0.01828294080242432,-0.0026904910382938288,0.4166666666666667,0.43397565922920894
INITUSDT,121277.9243,477.2734769791667,8,-0.028856896898562634,-0.003622314917076916,-0.006623766369949268,0.375,-0.01823075372815175,-0.01241663745431576,7,-0.016646958695080483,-0.005740201358145346,0.42857142857142855,0.43351926977687627
TACUSDT,249440.3149,385.139159849537,21,-0.03115912517468633,-0.00048524288486275136,-0.004629417382999156,0.38095238095238093,-0.23087100274355943,0.05165024599163526,11,-0.07874231141194499,-0.01386587401270356,0.2727272727272727,0.4335192697768762
ERAUSDT,3042091.7589,382.9321691087963,19,-0.006770353527608908,-0.00020959910660832046,-0.00786218106746528,0.2631578947368421,-0.05196523551176502,0.033403338023278994,16,-0.03887513236383855,-0.008003833682378392,0.1875,0.4334685598377282
ONGUSDT,61837.6069,980.2877130902777,22,-0.0061451986791879465,-0.00020879708038135062,-0.004455942750048402,0.13636363636363635,-0.05695503639618693,0.013423841082548016,18,-0.01930982770331513,-0.004455942750048402,0.1111111111111111,0.43326572008113595
COMPUSDT,794995.9014,1818.5893681828704,14,-0.02063530871343211,-0.001444073816118575,-0.006033966229767872,0.2857142857142857,-0.05684178533231432,0.0,14,-0.02063530871343211,-0.006033966229767872,0.2857142857142857,0.4322515212981744
ACXUSDT,704990.6921,606.1756992013889,9,-0.029658374368756735,-0.003328165008790184,-0.005657959652735855,0.2222222222222222,-0.025590090041173075,-0.0064149069634975575,8,-0.023393534754255096,-0.0052260286761267585,0.25,0.43169371196754563
DYDXUSDT,607301.4366,1758.5893681828704,16,-0.03211918977430239,-0.0018987920913816486,-0.005708959490801079,0.375,-0.07444869230582574,-0.048364308556454905,13,0.01707073297924544,-0.005302390114174104,0.46153846153846156,0.429158215010142
NEOUSDT,448060.9905,1647.4918103125,18,-0.04428317450157637,-0.002486854896128802,-0.004613242977670239,0.3333333333333333,-0.059646337823474394,0.012866320696052647,16,-0.05642353194087357,-0.0056099032030498255,0.25,0.4274340770791075
CLANKERUSDT,113953.5001,463.16147466435183,20,-0.006274680831419799,-0.0001976502146338596,-0.005878330144841403,0.3,-0.0649043103068081,0.055307188581617206,15,-0.05835444890298325,-0.0075749280136697674,0.26666666666666666,0.42733265720081137
ARKUSDT,200921.1867,1099.3426436458333,23,-0.022703320237476787,-0.0009504986200509889,-0.005175188540672226,0.2608695652173913,-0.04576420182651264,-0.010386223396318228,20,-0.012446367595478014,-0.005154090070956518,0.25,0.4271805273833672
XAUTUSDT,38997963.3872,488.12687975694445,24,-0.05448585171791931,-0.0023280764720017264,-0.0027684504688135205,0.16666666666666666,-0.04983085731200754,-0.024168423492057722,17,-0.031068300058862297,-0.002559727303195757,0.23529411764705882,0.42657200811359025
XPINUSDT,331779.5555,326.1468681828704,12,-0.023095112210090418,-0.0018264384646400715,-0.007575882870545836,0.4166666666666667,-0.05299759393626946,-0.0231105465442355,8,1.579946849705749e-05,-0.0025455564111026,0.5,0.426369168356998
BANANAS31USDT,81016.6976,494.19411355324075,15,-0.04001264377679059,-0.002655520781289907,-0.004626967975095097,0.4,-0.06514852912467628,0.0,15,-0.04001264377679059,-0.004626967975095097,0.4,0.424340770791075
CARVUSDT,120086.2117,657.2273890162037,18,-0.018025927296108746,-0.0009441125957962241,-0.0057020674420215625,0.3333333333333333,-0.062263155864485276,0.030884549230482117,14,-0.04744515432217988,-0.00572977434904015,0.21428571428571427,0.4241886409736309
PNUTUSDT,738808.1059,631.2443913310185,22,-0.03626706601058283,-0.0015986396259890761,-0.005133901834419418,0.2727272727272727,-0.049680426004534706,-0.005405032440433444,19,-0.031029750377558285,-0.005501239165390802,0.2631578947368421,0.4222616632860041
ACTUSDT,1316293.8117,631.2461737384259,19,-0.01617045685339147,-0.0007438531140482436,-0.00724681937056526,0.3157894736842105,-0.07212757648319301,0.060306910962731,12,-0.07212757648319301,-0.00785607026035201,0.16666666666666666,0.42221095334685604
MELANIAUSDT,187838.6481,561.3715556828704,19,-0.024046671492096716,-0.0012302720390935966,-0.005317195605436419,0.3157894736842105,-0.061827306003548244,0.012987043580683366,18,-0.036558922749766354,-0.005383880949938523,0.2777777777777778,0.421501014198783
RECALLUSDT,451114.6673,293.0746806828704,16,-0.022620817173973795,-0.001347330153158112,-0.007012415410618144,0.375,-0.06380486747600767,-0.052327229141378884,6,0.03134669780634325,0.0006351495671163008,0.6666666666666666,0.4207403651115619
WAXPUSDT,3968934.0587,1029.3242177199074,24,-0.027916732642153885,-0.0011098711572115705,-0.005463539822021079,0.25,-0.0739495937736605,0.00014629383964170906,19,-0.02805892163441359,-0.0051776895355638555,0.21052631578947367,0.42028397565922926
CCUSDT,2899696.5161,277.03317605324077,20,-0.04834912813022885,-0.0024623305481776825,-0.0043041141081068815,0.25,-0.05705200673670352,-0.009562207423505664,16,-0.03916139004129049,-0.0043041141081068815,0.1875,0.4176470588235295
FLUXUSDT,67518.5918,699.234472349537,21,-0.0313574840201748,-0.0014810678314912938,-0.004641689461280184,0.3333333333333333,-0.0576074938380543,0.013298068007215447,17,-0.04406951265111103,-0.0050211221398621655,0.29411764705882354,0.41749492900608515
1000000MOGUSDT,413816.9416,809.9341251273148,17,-0.044846090689323104,-0.0026717645272173103,-0.00500311201678194,0.29411764705882354,-0.039790333236705666,-0.0136917565198581,16,-0.031586813123996915,-0.004726160345908114,0.3125,0.41668356997971606
CHRUSDT,80388.5218,1720.5893681828704,21,0.003660556664074832,0.0003303345908132987,-0.006600821047087701,0.2857142857142857,-0.06013412003917962,-0.015273869698791298,16,0.019228114071751623,-0.006659730383331729,0.3125,0.4163286004056795
PRLUSDT,1289744.1115,130.38731957175926,20,-0.033509363411726056,-0.0016265119540939121,-0.005337244075750646,0.3,-0.07709755681265973,0.010564060565600997,12,-0.04361269680683011,-0.005337244075750646,0.25,0.41566937119675457
2ZUSDT,189868.7922,306.0212316087963,20,-0.03182855200828949,-0.0015806794099399387,-0.0047034423152499385,0.3,-0.061178590512178666,0.018790327631302395,16,-0.04968527700619363,-0.005035931764410972,0.1875,0.4154665314401622
TREEUSDT,336198.0549,371.0034306828704,13,-0.018715447317257494,-0.001339488129160148,-0.007964772869527459,0.38461538461538464,-0.056808732705096565,-0.016106674831820156,10,-0.0026514789954403817,-0.008265280874955705,0.4,0.4137931034482759
HYPEUSDT,139104029.7014,608.0530255902778,27,-0.042372756060802486,-0.0015291225714944218,-0.006211543864380053,0.37037037037037035,-0.08263033485788918,0.004894787495488773,26,-0.04703730593935762,-0.006215304801081844,0.34615384615384615,0.4129817444219067
LQTYUSDT,104671.7016,1240.2518681828703,10,-0.02104209528458767,-0.002075531351175064,-0.0065991749405988065,0.3,-0.025841406792724286,-0.017458619714948997,7,-0.003647149770525826,-0.005139565795431843,0.2857142857142857,0.40755578093306294
SOSOUSDT,208372.6326,404.1254908680556,15,-0.011370712502435487,-0.00055802057707263,-0.005806014314869489,0.26666666666666666,-0.07880840112455423,0.014088637791010106,9,-0.025105645941269517,-0.00571976384516859,0.3333333333333333,0.4061866125760649
USD1USDT,659929.87,384.1380255902778,0,0.0,,,,0.0,0.0,0,0.0,,,0.4057809330628803
KITEUSDT,659554.1633,279.0874353125,17,-0.024729604216215395,-0.0013130719111184412,-0.006534607682561088,0.29411764705882354,-0.05150820557486735,4.304691523215887e-05,10,-0.024771584791136836,-0.007826444985868208,0.3,0.4047160243407708
YFIUSDT,299339.6303,1700.4832454976852,11,-0.02196675926767211,-0.0019698851954438623,-0.00641968853657171,0.2727272727272727,-0.041145797926979144,0.002029681782981463,9,-0.023947834567091042,-0.00641968853657171,0.2222222222222222,0.4023833671399595
SUNUSDT,117619.5053,1628.312585775463,22,-0.04107179552657514,-0.0018999267506490788,-0.0028469248916648806,0.22727272727272727,-0.04538114304024188,-0.011498476585163675,14,-0.029917322574525507,-0.0027307384419223415,0.21428571428571427,0.39984787018255574
POWERUSDT,134518.2047,218.1485001273148,8,-0.01292658056438789,-0.0014419620562933916,-0.009967225689710646,0.375,-0.049665460758345326,0.013226804175651585,6,-0.025811974803921167,-0.009967225689710646,0.3333333333333333,0.3981237322515213
ZKCUSDT,163557.6811,323.0023774421296,16,-0.02687830710526684,-0.0016628510243309885,-0.005432770921832918,0.25,-0.04492185233667112,0.006825998536678091,13,-0.0334757998809434,-0.005560074302766504,0.23076923076923078,0.39634888438133875
ORCAUSDT,371384.6575,855.198986238426,12,-0.01883993156383379,-0.0015177460451226603,-0.005632742429321768,0.16666666666666666,-0.05473254721731746,0.010029396925721468,9,-0.028582661630865536,-0.004980997106295292,0.1111111111111111,0.39553752535496955
PENGUUSDT,6593053.1155,594.9904561458334,22,-0.01631186034356058,-0.0006016865961017894,-0.006954087736156299,0.22727272727272727,-0.08485708933967995,0.027307192274926173,19,-0.042459600153186616,-0.007159632356984246,0.15789473684210525,0.3954868154158215
USTCUSDT,41756.5781,981.3098079976852,24,-0.02176957369017629,-0.0008654250461932507,-0.005204517274236208,0.2916666666666667,-0.06708520522803085,0.026290859709569903,20,-0.04682925210241695,-0.005357771048134507,0.25,0.3913286004056795
HUMAUSDT,614942.5404,435.04638207175924,25,-0.030582421914517655,-0.0011731587265873555,-0.006676226681901486,0.28,-0.04141353530931491,-0.001219813068544462,20,-0.02939846948324376,-0.006547371541483437,0.25,0.39036511156186615
MYXUSDT,3415406.2343,364.19490059027777,36,-0.010283051247020891,1.9112737872981993e-05,-0.01104921079161586,0.3055555555555556,-0.09820664227431108,-0.030409605998037326,27,0.020757790996613457,-0.011275650216702182,0.2962962962962963,0.38823529411764707
NIGHTUSDT,524346.1564,238.15771309027778,12,-0.019457040564236916,-0.001484956722077944,-0.0057948386210288074,0.16666666666666666,-0.06384179914406041,0.0,12,-0.019457040564236916,-0.0057948386210288074,0.16666666666666666,0.3841784989858012
ZRXUSDT,843739.5198,1590.2620765162037,22,-0.04858132308950669,-0.0022322286803304657,-0.004556845602592784,0.2727272727272727,-0.07926148494771679,-0.025419620622539107,19,-0.023765820610674226,-0.004172646458953543,0.3157894736842105,0.38250507099391484
ENJUSDT,329584.4482,1737.9227015162037,22,-0.03158777695776038,-0.001418068584025469,-0.005721297882118447,0.3181818181818182,-0.07823995940037476,0.0025600240439291877,18,-0.03406060503385211,-0.005721297882118447,0.3333333333333333,0.38179513184584174
0GUSDT,797297.3138,320.33316447916667,18,-0.038343561894163436,-0.00207798197802542,-0.007501045288156981,0.3888888888888889,-0.06482255633248224,-0.03295071385899495,14,-0.005576601019673499,0.00028820018185832285,0.5,0.3812880324543611
CHZUSDT,877706.0949,1757.5893681828704,33,-0.0299356765057468,-0.0007971798678711265,-0.0070525400601310064,0.36363636363636365,-0.10130803809895861,-0.06784628337045107,27,0.04066990903794365,-0.005990504735923773,0.4444444444444444,0.37773833671399604
XAUUSDT,117243059.2386,148.4963126273148,15,-0.05990332373042506,-0.004108593009064439,-0.004234171027548083,0.0,-0.05481317430335231,-0.019508499814430813,11,-0.041198545737876624,-0.004226921385005577,0.0,0.377738336713996
DBRUSDT,73598.5946,656.1434191087963,8,-0.027235347591470505,-0.003423757075364547,-0.005695530870429843,0.25,-0.03792892663724046,0.011115165336374133,7,-0.03792892663724057,-0.006556116234848418,0.14285714285714285,0.3753549695740365
LITUSDT,5236718.8672,217.1669376273148,13,-0.015788882358864775,-0.0010191182961027689,-0.009844784453933886,0.23076923076923078,-0.07168264700451332,0.0,13,-0.015788882358864775,-0.009844784453933886,0.23076923076923078,0.3688640973630831
CFGUSDT,378053.6757,140.42067605324075,21,-0.021029373251382433,-0.0008881248664212767,-0.006612457362997869,0.2857142857142857,-0.08262926293456385,0.003743548108951611,19,-0.02468052861411174,-0.007097539281140207,0.2631578947368421,0.3669371196754564
WETUSDT,217819.5955,243.13108114583332,13,-0.02123880409429668,-0.0015615015224282197,-0.008482116747204227,0.3076923076923077,-0.044305933980866685,-0.01863702258608846,8,-0.0026511918302282167,-0.008478767424767386,0.375,0.3661764705882353
CTCUSDT,241873.8191,1540.2575394791666,17,-0.03891395286759447,-0.002270403462257284,-0.005675282923175983,0.29411764705882354,-0.056008628142204864,0.01261929861074984,13,-0.050891042219958216,-0.005675282923175983,0.23076923076923078,0.3654665314401623
SOONUSDT,2995063.3293,438.2155718865741,12,-0.04141764203204623,-0.003338068991845753,-0.0068540138944586096,0.25,-0.03935913239581357,-0.024616772452811575,9,-0.01722489079649603,-0.006663784615264178,0.2222222222222222,0.36521298174442196
GASUSDT,248553.3314,1016.2913126273148,23,-0.04100445437810896,-0.0017879508148097092,-0.005065044213072411,0.21739130434782608,-0.051243375607859076,-0.004580831505155314,20,-0.036591241183378864,-0.005026694343662485,0.2,0.3632860040567952
HBARUSDT,8932640.6675,1744.5893681828704,29,-0.055912563916191815,-0.0019586165394442447,-0.005019399386919975,0.27586206896551724,-0.09626561344159301,-0.018903871888603874,22,-0.03772177971880253,-0.004531020624746695,0.2727272727272727,0.36323529411764705
BATUSDT,218883.3333,1714.5893681828704,19,-0.043672067583321095,-0.0023157575878217764,-0.0037162103719013953,0.15789473684210525,-0.06065493733930716,0.0028929248464830692,16,-0.04643067198517936,-0.0035982975839901612,0.125,0.36171399594320486
MEWUSDT,134739.5356,833.2034769791667,27,-0.047474468752966015,-0.0017644278843539816,-0.005643344054629406,0.37037037037037035,-0.06499723008775227,-0.006508447419712682,22,-0.041234393213366416,-0.005489236211656034,0.36363636363636365,0.3612576064908722
PARTIUSDT,444965.9804,497.04152096064814,25,-0.01593437832038813,-0.00019086968559068219,-0.00837554712023647,0.32,-0.13060753785214407,0.0,25,-0.01593437832038813,-0.00837554712023647,0.32,0.3573529411764706
SIGNUSDT,276187.6219,463.12451864583335,28,-0.04065706733612162,-0.0014264826348225187,-0.005748796695515534,0.32142857142857145,-0.07732134823037884,0.0002993708912946147,23,-0.040944180731537494,-0.005832823822206067,0.30434782608695654,0.35613590263691686
SPXUSDT,2073001.7373,644.3174121643518,24,-0.03379668011436143,-0.001325079306629016,-0.008395356766298545,0.3333333333333333,-0.06842376750587931,-0.01995718435734195,21,-0.014121317493607788,-0.008291140276616482,0.3333333333333333,0.3546146044624746
DASHUSDT,2040217.8685,1757.5893681828704,17,-0.0361575879466044,-0.0020621468684030816,-0.007367490337930937,0.23529411764705882,-0.043407906627387915,0.0,17,-0.0361575879466044,-0.007367490337930937,0.23529411764705882,0.35451318458417846
APRUSDT,742185.3053,285.07701864583333,17,-0.05557485253077732,-0.003192660209518041,-0.006193005950121732,0.4117647058823529,-0.1002380395368404,-0.03072357970069195,14,-0.02563899452171936,-0.006040040648243649,0.42857142857142855,0.3537525354969574
TAUSDT,180175.0278,379.2060464236111,26,-0.029260046414536278,-0.0010476961525484137,-0.0057000625273102,0.2692307692307692,-0.07609728705375329,-0.08234341634729203,18,0.05784666167975305,-0.0050071405031137375,0.3888888888888889,0.35192697768762676
RLUSDUSDT,40943.6837,312.00215753472224,0,0.0,,,,0.0,0.0,0,0.0,,,0.34756592292089245
XLMUSDT,9929631.0819,1818.5893681828704,28,-0.0607329777639406,-0.002175704009393181,-0.0057292907241784366,0.25,-0.05257519627292728,-0.025442527449259233,22,-0.036211769247754155,-0.0044807768307421605,0.2727272727272727,0.344421906693712
DYMUSDT,71688.2954,909.4804561458334,20,-0.003424204706389933,-1.7166931309714387e-05,-0.007020984344271341,0.25,-0.08923562079499114,0.0006629595774580999,17,-0.004084456454322871,-0.006584828060930747,0.23529411764705882,0.34391480730223123
ZORAUSDT,229045.5358,466.2022154050926,32,-0.04589953258692592,-0.0013548755607250829,-0.006178068919931278,0.3125,-0.05243992972018163,-0.06147540275119312,26,0.01659612354319351,-0.005602201830341435,0.34615384615384615,0.33975659229208927
API3USDT,229312.3283,1618.4434306828703,19,-0.04837778938511461,-0.0025672771220096183,-0.005155330003188462,0.2631578947368421,-0.06653724673944261,-0.013626104524411153,16,-0.0352317564567618,-0.004879313509136506,0.25,0.3372210953346856
KASUSDT,1513054.0485,1096.231949201389,21,-0.047313061320170546,-0.0022748518623425472,-0.005663051186932887,0.19047619047619047,-0.06489793964285218,0.006881335973678571,18,-0.053824016155232135,-0.005767445392023617,0.16666666666666666,0.33620689655172414
BMTUSDT,61346.4639,509.25691447916665,17,-0.03567404654611972,-0.0020937499286706835,-0.005539303454087373,0.23529411764705882,-0.04823036492843613,-0.009856257938545387,15,-0.02607478844821276,-0.005539303454087373,0.2,0.3355476673427992
AXLUSDT,178952.3473,971.191798738426,15,-0.018272591165499508,-0.0011221404388616885,-0.007154670688582442,0.2,-0.05731061106606117,-0.013286792288359828,14,-0.005052936190752866,-0.006597133760417927,0.21428571428571427,0.33362068965517244
CROUSDT,391835.365,1715.5893681828704,23,-0.06294282824157893,-0.0028137198555182397,-0.004245739398588854,0.21739130434782608,-0.063202285337574,-0.015898030811989594,20,-0.04780479960669737,-0.004239289346982477,0.25,0.33052738336714
SQDUSDT,716432.1058,419.11477327546294,22,-0.041172570330663016,-0.0018253922820218467,-0.006590084922121041,0.2727272727272727,-0.06319581704225574,0.006281150624263265,20,-0.04715751748453956,-0.006590084922121041,0.25,0.3304766734279919
THEUSDT,1136129.6251,615.2212663310186,19,-0.023970992018938486,-0.0011307807807891448,-0.008595204964091718,0.21052631578947367,-0.05952278542818401,0.008205023737801742,15,-0.031914159321931646,-0.008595204964091718,0.2,0.3303245436105477
HNTUSDT,261897.6083,1653.3064978125,36,-0.06870697079855348,-0.0018917817432774825,-0.004637369752295783,0.3333333333333333,-0.08793882656258989,-0.06958425711784999,25,0.0009428971145510889,-0.004215618128758702,0.36,0.32885395537525364
CYSUSDT,19540102.2799,235.12705336805556,13,-0.05311440391621858,-0.004158037854877467,-0.007114232448498069,0.23076923076923078,-0.043747495755040555,-0.024564078939363188,10,-0.02926929833157199,-0.005797525333297414,0.3,0.32870182555780936
BIOUSDT,772287.7362,588.1762431828704,21,-0.034638203625322106,-0.0015759704808273336,-0.008114536493974644,0.3333333333333333,-0.08531180467078281,0.029410742496050357,20,-0.06221903801593365,-0.008681883655349776,0.3,0.3286511156186613
1000PEPEUSDT,42574176.3528,1189.1695649421297,12,-0.03946114166289627,-0.003287357966643256,-0.008043871503662814,0.25,-0.06224214290114949,-0.010999872185900261,7,-0.028777821839013895,-0.007860687018755419,0.14285714285714285,0.32829614604462476
NEARUSDT,32870061.3743,1758.5893681828704,32,-0.06512370629985542,-0.0020204176488713838,-0.007038720279485155,0.375,-0.09723037735002671,-0.013253999704881503,30,-0.052566421935797525,-0.007038720279485155,0.36666666666666664,0.3247971602434077
BLUAIUSDT,466646.8693,285.1040904050926,10,-0.034914759657176164,-0.003409638675763238,-0.009112671278310447,0.3,-0.05359388249962793,-0.04624817894276734,6,0.011882985736297869,-0.005250495191248539,0.3333333333333333,0.3218559837728195
POWRUSDT,60270.4947,1015.2967524421297,17,-0.038141537935370784,-0.002255218050334103,-0.005628190844907398,0.23529411764705882,-0.05304800842423851,-0.0004747613530388106,14,-0.037684667806208494,-0.005060499554613739,0.21428571428571427,0.32063894523326575
TOWNSUSDT,638460.2217,363.98289827546296,10,-0.03833442321935543,-0.0038435301187700666,-0.008310996521572356,0.2,-0.030375137523494744,-0.033579664602328085,7,-0.004919969544174174,-0.0064091828999108804,0.2857142857142857,0.31972616632860046
EDGEUSDT,1266817.0647,137.4382802199074,20,-0.04246324474016494,-0.002008984880716541,-0.011004766057061521,0.35,-0.06858052692204042,-0.012535820821984345,12,-0.030307351445490016,-0.011004766057061521,0.3333333333333333,0.31901622718052736
RESOLVUSDT,574452.0215,420.03961123842595,16,-0.03373837449230188,-0.0019912075066993162,-0.007974498861222368,0.25,-0.05204989579749986,-0.05226475030676536,12,0.019548049753831842,-0.007307154090673783,0.3333333333333333,0.3167342799188641
VELOUSDT,531238.1684,806.1991714236111,14,-0.04084520031017269,-0.0029305919404245856,-0.007435401213888081,0.2857142857142857,-0.06103094284459232,-0.03271157562967475,7,-0.008408686050174419,-0.0073071516578872,0.2857142857142857,0.31572008113590266
ATHUSDT,211516.2684,782.2131644791667,18,-0.033209940651544034,-0.0017869744597545706,-0.007481114135791388,0.2777777777777778,-0.057166651132605883,-0.010052557659819605,14,-0.023392537827039983,-0.0074227479594456405,0.2857142857142857,0.3127281947261663
APTUSDT,5621852.5473,1385.940386701389,28,-0.04989765879220498,-0.0017567795800165606,-0.007076573045236344,0.2857142857142857,-0.08694018851760954,-0.013044216546926335,21,-0.03734052007511335,-0.007255649627672666,0.23809523809523808,0.31135902636916835
SNXUSDT,643925.6812,1695.5467987384259,17,-0.05874540136235917,-0.003497679203564631,-0.00537399800919791,0.23529411764705882,-0.0735239336087038,-0.004619514858005602,11,-0.054377082243713515,-0.00537399800919791,0.18181818181818182,0.31009127789046653
ZILUSDT,835760.2556,1647.8265672569444,27,-0.04495877891367328,-0.0016319087006024884,-0.006317082030702136,0.25925925925925924,-0.08241394647755995,0.03315780761633902,20,-0.07560953995037778,-0.006450160590684039,0.15,0.30816430020283975
OGNUSDT,99695.89,1599.3183149421295,22,-0.03851530363061084,-0.0017212588310726836,-0.005824968175197619,0.2727272727272727,-0.07556875672334662,-0.009380774292509275,16,-0.029410421867487768,-0.005910959595718523,0.25,0.30491886409736313
ZECUSDT,52131509.4141,1714.5893681828704,22,-0.04846776066234493,-0.002159394047496811,-0.0065011874676507144,0.22727272727272727,-0.12196213080691354,0.06345918254283989,18,-0.1052479916883654,-0.007277033595714243,0.1111111111111111,0.304817444219067
ZEREBROUSDT,4739398.362,582.2443681828704,8,-0.026248908838697016,-0.0030261963793501295,-0.010840859906388056,0.125,-0.06813314666041148,0.03261021774374284,5,-0.05700033330199594,-0.01051171755277569,0.0,0.30476673427991885
RIVERUSDT,1514211.393,286.0675279050926,27,-0.04240674808207334,-0.0014974043145879283,-0.0074910034602077005,0.2962962962962963,-0.11306352536798425,-0.018514089641756715,19,-0.024343353468615936,-0.0066933395041696144,0.3157894736842105,0.30253549695740367
STBLUSDT,317155.7816,321.17340753472223,17,-0.051073338507471866,-0.0030325140145194404,-0.006701942913197811,0.29411764705882354,-0.058718691178144766,-0.022401902312843336,13,-0.02932844924970779,-0.0057784535186793376,0.3076923076923077,0.3021805273833671
ESPUSDT,1864385.9293,175.1936968865741,11,-0.05212079209908682,-0.004830139102597209,-0.006257820198486862,0.18181818181818182,-0.05679371592617044,0.004954296749275944,10,-0.05679371592617044,-0.006567529250940728,0.1,0.302079107505071
ILVUSDT,106997.823,1712.5893681828704,20,-0.0617709573477071,-0.0031532115577380107,-0.0051233353537147855,0.3,-0.06551037643842672,7.385735980891539e-05,17,-0.06184024735011662,-0.005164534206464676,0.23529411764705882,0.3018762677484787
BABYUSDT,1069215.7454,488.1903519791667,21,-0.06846400968139188,-0.00332314291488026,-0.00578441197450874,0.2857142857142857,-0.07403858906171668,-0.014151959562546446,20,-0.055091705710289096,-0.005729410474032747,0.3,0.3004056795131846
COWUSDT,127543.1639,634.1680603125,28,-0.05209883187885378,-0.001868951404082354,-0.005626597391246767,0.2857142857142857,-0.06691384394707456,-0.011255690933366869,23,-0.04130809206279218,-0.005145018847952819,0.2608695652173913,0.3004056795131846
TRUTHUSDT,84317.0829,306.9960001273148,11,-0.028595659263863316,-0.0024081690203416276,-0.007016936562174946,0.2727272727272727,-0.07045761313594712,0.0,11,-0.028595659263863316,-0.007016936562174946,0.2727272727272727,0.29812373225152133
YBUSDT,95308.1318,297.2637200347222,19,-0.05508125391548202,-0.002935390430751785,-0.006145607373059691,0.3157894736842105,-0.05220317019144849,-0.018880360879249825,17,-0.0368975317512491,-0.006054118653513018,0.35294117647058826,0.29716024340770797
INJUSDT,7147425.0006,1448.5893681828704,16,-0.05703216217105478,-0.0036252655628805225,-0.007659234483431031,0.3125,-0.08376873937244433,-0.007766358338257673,12,-0.049651414509882086,-0.007659234483431031,0.25,0.2959432048681542
ESPORTSUSDT,4120665.7805,371.1689515162037,27,-0.047717191151836036,0.0011402889812782578,-0.008581521369441236,0.3333333333333333,-0.26272702667226,-0.02774317236615287,21,-0.02054397379167161,-0.01229679618348356,0.23809523809523808,0.2946754563894523
HEIUSDT,375870.2285,536.1979908680555,18,-0.05164222984022393,-0.002578916838595402,-0.007954108432345064,0.3888888888888889,-0.1063202954338337,-0.06628718961252733,16,0.01568465122185314,-0.0058664608863607795,0.4375,0.29132860040567954
XAGUSDT,30763017.2314,148.4726667939815,27,-0.08638845320594601,-0.0033177217573705756,-0.00535376511894825,0.2222222222222222,-0.0918830119123395,-0.020282909263890203,21,-0.06747411530035397,-0.00532801913194536,0.23809523809523808,0.2904158215010142
PTBUSDT,4691713.8482,335.0422501273148,17,-0.034223109956439735,-0.0017805059160223209,-0.01100669302802948,0.23529411764705882,-0.08589260355635164,0.011123994037572915,8,-0.04484821274286532,-0.007318425618287272,0.125,0.2886916835699797
HEMIUSDT,277696.6608,315.04727327546294,18,-0.03733528001156239,-0.002019810454522017,-0.0078467581009245,0.2777777777777778,-0.07074640061032655,0.035954792772078914,15,-0.07074640061032667,-0.007861757669206382,0.2,0.28808316430020287
ROBOUSDT,1844536.9401,160.19281725694444,22,-0.0804380531883847,-0.00374043784214875,-0.006771035929077406,0.36363636363636365,-0.09426386320680102,-0.006263435010321783,20,-0.07464213433550504,-0.006771035929077406,0.35,0.2870689655172414
XDCUSDT,271345.0477,540.1971575347222,22,-0.06446167418079951,-0.0030088563443950566,-0.004117639419440266,0.09090909090909091,-0.08125369993026699,0.0005070489790115484,16,-0.06493579752997214,-0.003990544930563721,0.0,0.28473630831643004
LSKUSDT,422711.3575,944.9484538310185,18,-0.06644636917594915,-0.0037987852177985273,-0.004804484419261234,0.05555555555555555,-0.06459339751380355,-0.023083944694969993,13,-0.044387052751876266,-0.005262452692600394,0.07692307692307693,0.2827586206896552
FIGHTUSDT,537032.2627,193.10168299768517,11,-0.03535428052320155,-0.0031951430356752315,-0.007943061446809563,0.18181818181818182,-0.06385660856067177,0.018711448352209947,9,-0.053072662492272826,-0.007943061446809563,0.1111111111111111,0.27936105476673434
BEAMUSDT,155836.918,994.1808496643519,16,-0.03869421879116297,-0.002414053200565966,-0.0064481086437679904,0.1875,-0.06076362036454952,-0.0015983223311328842,11,-0.03715528257789391,-0.006593189688840705,0.09090909090909091,0.2775354969574037
HIVEUSDT,74733.8523,589.1490904050926,21,-0.06611841884534408,-0.0032143179323912154,-0.004030442430588254,0.19047619047619047,-0.06811679799350423,-0.04735661063696317,17,-0.019694471633216026,-0.0030840445010323894,0.23529411764705882,0.2773833671399595
SUIUSDT,18288149.027,1190.078673738426,20,-0.060499464900069966,-0.0030565537706508604,-0.006273398020037234,0.2,-0.10253652594162821,0.008311220633793193,16,-0.06824349875885649,-0.006273398020037234,0.125,0.27429006085192703
PHAUSDT,394981.9181,795.1713126273148,15,-0.04918398523601397,-0.003274865465890886,-0.007873366451285446,0.26666666666666666,-0.0542167856901824,-0.019628624764571057,13,-0.030147106716926886,-0.007873366451285446,0.3076923076923077,0.27342799188640976
GLMUSDT,156389.1823,1090.3824353125,20,-0.06200822287244978,-0.003157183280489151,-0.005319162964979417,0.25,-0.06878123951279169,-0.0444718317334345,14,-0.018352563243455355,-0.003991380166668667,0.2857142857142857,0.2733265720081136
FFUSDT,993234.9206,308.9901436458333,22,-0.07726317235509317,-0.0036230099539251866,-0.005379546778480015,0.22727272727272727,-0.08547307515927505,-0.021300125643264,19,-0.0571810093963806,-0.004074224810743709,0.2631578947368421,0.27205882352941174
NEWTUSDT,104936.5869,410.26638207175927,20,-0.050461044634198426,-0.002544142806363392,-0.00575299174932281,0.25,-0.07667102785238089,0.016408506429277825,19,-0.06579003485359836,-0.005762150683032207,0.21052631578947367,0.2689655172413793
SOPHUSDT,204597.3014,433.0444260532407,26,-0.06734214642501646,-0.002654628889003401,-0.005319129894732265,0.2692307692307692,-0.08460576976077383,-0.005159005008340656,21,-0.06250560816223427,-0.005368582090861217,0.19047619047619047,0.2651115618661258
PEOPLEUSDT,986009.295,1679.4386274421297,17,-0.05065418387208431,-0.0029760558956606537,-0.006962858997170306,0.17647058823529413,-0.07677202721354748,-0.03320854036378007,11,-0.0180448878963706,-0.006962858997170306,0.18181818181818182,0.26369168356997974
KAITOUSDT,24445159.5746,530.0323427199074,5,-0.05998667159049109,-0.012188782765091676,-0.01325710953379744,0.2,-0.04483152236357224,-0.02931085549713719,4,-0.031602100700388935,-0.011858790148663034,0.25,0.2625253549695741
ALCHUSDT,190844.2911,574.2753519791667,18,-0.052056640710601565,-0.0029063904117922357,-0.006514831072666648,0.2777777777777778,-0.07967711245058473,-0.016976812985432965,15,-0.035685656440826885,-0.006420067266239226,0.26666666666666666,0.25907707910750505
TAIKOUSDT,445205.1339,789.9938242013889,19,-0.06322347385252058,-0.0033086297761870313,-0.005503403739971157,0.21052631578947367,-0.10818456008667487,-0.002915833499238407,11,-0.0604840016314071,-0.00758999249503156,0.18181818181818182,0.25770791075050714
INXUSDT,530590.5484,187.22836123842592,17,-0.04545472619407809,-0.0026325657952275716,-0.007771260957769032,0.23529411764705882,-0.0786270298313384,0.03351179626618772,13,-0.07640601950123027,-0.008268131968712678,0.15384615384615385,0.2572515212981744
CELOUSDT,416220.4643,1672.2793913310186,11,-0.05607802458643052,-0.005201016297769681,-0.006164950300981963,0.18181818181818182,-0.07406523525266873,-0.0016549139944787017,7,-0.05451332545713661,-0.006164950300981963,0.0,0.25623732251521303
1000FLOKIUSDT,672915.712,1257.2168450347222,22,-0.06070666721889417,-0.0028025991897618644,-0.006245685050539406,0.18181818181818182,-0.06950245151201817,-0.0011674226621083417,20,-0.059608833259595095,-0.006245685050539406,0.15,0.2553245436105477
DUSKUSDT,95225.8181,1691.8911042939815,27,-0.05198411862887142,-0.0018911741849699012,-0.006782832020291284,0.2962962962962963,-0.07040983469586248,-0.027402905762048846,24,-0.02527378810038783,-0.006477504990233417,0.3333333333333333,0.2544624746450304
ADAUSDT,122968534.6844,2027.5893681828704,16,-0.0845141260587774,-0.005484171181981468,-0.007111350487313427,0.25,-0.07766045952171885,-0.012576383646502376,15,-0.07285398204059279,-0.006831120522859057,0.26666666666666666,0.25070993914807305
JUPUSDT,2602336.8214,915.9288704976852,23,-0.06152429378003155,-0.0026852099224202635,-0.008286657384070195,0.30434782608695654,-0.10436135983468786,0.0230845661558694,16,-0.08269977158761155,-0.009906189311706004,0.25,0.25030425963488845
NXPCUSDT,182887.5033,446.32588438657405,18,-0.0756215227957463,-0.004313223895048136,-0.005799026063454448,0.2777777777777778,-0.0692072670505608,-0.06950581637421449,11,-0.006572535894529663,-0.005237499973508085,0.36363636363636365,0.24771805273833672
POPCATUSDT,2381475.2198,859.2963242013889,22,-0.07200938980926608,-0.003351384420095239,-0.007263322241647829,0.2727272727272727,-0.08110440572499367,-0.02790228336916656,17,-0.045373120094313935,-0.006585154884134913,0.29411764705882354,0.24355983772819476
DOODUSDT,116008.4598,452.03343068287035,15,-0.05139215406096598,-0.0034723978059579977,-0.006900037111429279,0.26666666666666666,-0.0724410105300135,-0.003419642520544164,10,-0.04813712329405506,-0.007019805625175567,0.2,0.24077079107505073
HMSTRUSDT,641740.0718,692.3336274421297,18,-0.07206605425363288,-0.004049778057693391,-0.007913464836869943,0.3333333333333333,-0.08166283413084108,-0.022371816604846773,13,-0.050831429057420996,-0.007169920284347152,0.3076923076923077,0.2404158215010142
VELODROMEUSDT,158116.6419,599.1958033680555,16,-0.05997372046052696,-0.0038292666720434673,-0.006252675647036853,0.1875,-0.054229083228577446,-0.0060740260987934835,15,-0.05422908322857756,-0.006395456597191983,0.2,0.23889452332657202
LUNA2USDT,242641.1294,1526.2629445717594,27,-0.07185148171537448,-0.0027166094001704437,-0.005010066892192521,0.14814814814814814,-0.09460210042874373,0.007485206169665748,22,-0.07874724849476322,-0.005031581246842664,0.09090909090909091,0.23853955375253552
MIRAUSDT,883772.7467,312.0598427199074,20,-0.06768865887948039,-0.0034391562537428476,-0.006938449549359959,0.2,-0.0643067045197192,-0.04872573789494661,16,-0.019934231104466904,-0.006187119349186697,0.25,0.23767748478701828
ALPINEUSDT,45282.4044,355.1828519791667,16,-0.041037520051318555,-0.0025643060137107224,-0.006714186683200229,0.1875,-0.0699886765079929,0.031129896728534945,13,-0.06998867650799268,-0.006952289419961843,0.07692307692307693,0.23504056795131847
RENDERUSDT,3007843.2639,739.2374353125,35,-0.1124979930133474,-0.003370545314894497,-0.0061064581470762205,0.2571428571428571,-0.12163667852878479,-0.035783357412900285,31,-0.07956161739193057,-0.006036800290999621,0.25806451612903225,0.23103448275862065
VANRYUSDT,7254167.7146,873.2545186458333,20,-0.060320289572693975,-0.0024952263481807014,-0.007774779427058509,0.15,-0.11417920040312213,-0.023834498030119056,14,-0.03737664511698868,-0.008060533021881644,0.14285714285714285,0.21911764705882353
SKLUSDT,265855.2327,1596.2353404050925,21,-0.05735063600276957,-0.002745132038345419,-0.007598731957619952,0.23809523809523808,-0.07248595322688,-0.0041635815506357865,15,-0.05340942896520329,-0.006368756628343019,0.2,0.21886409736308318
PUFFERUSDT,106538.6475,659.0636621643519,23,-0.05472631218343782,-0.002354892889257199,-0.006336835811801999,0.17391304347826086,-0.06579943382909192,-0.022501400840241104,20,-0.03296670846474559,-0.005959656174545912,0.2,0.21881338742393508
AKTUSDT,3917254.3959,769.2170302199074,21,-0.06336849297607372,-0.0030143505131297677,-0.007475365115974685,0.19047619047619047,-0.130436057932532,0.011385245422828483,18,-0.07391222952599963,-0.0074954553390002,0.16666666666666666,0.21845841784989856
WLDUSDT,35059034.434,1107.2639052199074,28,-0.09686085980312575,-0.0034846967464877143,-0.00796497333996532,0.2857142857142857,-0.12421659341688296,-0.006781584582441158,27,-0.090694326466767,-0.008314524555903757,0.2962962962962963,0.21683569979716022
FORMUSDT,222867.7766,503.17539827546295,11,-0.05193751218632148,-0.004804423140190159,-0.007995757828737182,0.09090909090909091,-0.05094621627932128,-0.019811339359186997,8,-0.03277549936777657,-0.007876389900478453,0.125,0.215973630831643
IRYSUSDT,788490.3926,250.33887049768518,28,-0.08252963582044504,-0.0030277982321359476,-0.007343366307696829,0.2857142857142857,-0.10778158519086767,0.004262968636998821,24,-0.08642418088485337,-0.007343366307696829,0.25,0.21399594320486814
RONINUSDT,19153.2398,537.2899121643519,11,-0.0556784271425651,-0.005172768248228946,-0.005815092295239132,0.09090909090909091,-0.06893154446435679,-0.01358137306116991,7,-0.04267666174556706,-0.005595208146012664,0.0,0.21374239350912783
BRETTUSDT,357858.5737,830.2439515162037,28,-0.05430934909003271,-0.001840828148679399,-0.008984828703501313,0.2857142857142857,-0.1261079967909713,-0.01898919889600592,22,-0.036003834161946635,-0.008725566504394322,0.2727272727272727,0.213184584178499
STOUSDT,878525.6026,475.19428716435186,29,-0.09881101240027301,-0.0035236404601445203,-0.005913086558152591,0.1724137931034483,-0.08860574359291273,-0.03222683736621801,22,-0.06880142744695139,-0.005859527883660009,0.18181818181818182,0.2129817444219067
WCTUSDT,128844.7754,476.1087316087963,23,-0.05677293516495774,-0.0024881105945134385,-0.007542455101136491,0.2608695652173913,-0.07632741784641894,0.01440724986014108,19,-0.07016923926254715,-0.007542455101136491,0.21052631578947367,0.20649087221095336
USUSDT,3569038.7548,235.1264515162037,3,-0.06882543350141457,-0.023479985243267516,-0.024445902403956388,0.0,-0.04549161466987639,-0.024445902403956388,2,-0.04549161466987639,-0.02299702666292308,0.0,0.20390466531440166
COOKIEUSDT,217842.618,574.2747964236111,27,-0.06995059349564603,-0.002568120647959296,-0.007113211003251129,0.2962962962962963,-0.11669469945472977,-0.06479278216500095,21,-0.005515153467897216,-0.0065699691966323295,0.38095238095238093,0.20212981744421907
METUSDT,561173.6451,298.17679873842593,14,-0.06614071785197728,-0.0048449085526281145,-0.007950393016939006,0.21428571428571427,-0.07403654173876228,-0.01667264304960958,8,-0.05030682249681706,-0.008858325680341672,0.125,0.20177484787018257
BANKUSDT,40422301.778,453.2200279050926,13,-0.1522804096246939,-0.011695654770891663,-0.008145368766874883,0.3076923076923077,-0.20254300104480805,-0.010892324697232114,10,-0.1429450892534858,-0.008012326547202353,0.3,0.19670385395537524
BTRUSDT,86881.2607,342.1227478125,14,-0.03851454959356693,-0.002605056040491129,-0.008206051897663658,0.14285714285714285,-0.08418476284056264,-0.0441751831646382,10,0.005922250051859201,-0.00812219788254881,0.2,0.19401622718052738
MEMEUSDT,211647.7497,1005.2221806828703,21,-0.08793404590179887,-0.004328562810342044,-0.006142941624827424,0.23809523809523808,-0.09914833509330523,0.011239494518883175,17,-0.09807126893107143,-0.006142941624827424,0.17647058823529413,0.19320486815415822
AVNTUSDT,480704.0649,329.0021343865741,22,-0.07444716200915014,-0.003447347451127897,-0.0061849401719525346,0.13636363636363635,-0.13609333164964155,0.07135744160674862,19,-0.13609333164964166,-0.00701657860158078,0.0,0.1926977687626775
MUSDT,772027.3142,392.18933346064813,21,-0.0813050829926556,-0.0038930612495871888,-0.006458783664615163,0.14285714285714285,-0.10908370187931249,-0.0026941863784190057,12,-0.07882326117078531,-0.007415077975325812,0.08333333333333333,0.19168356997971603
PEAQUSDT,148475.7044,623.2340325347222,19,-0.06399599927929889,-0.00336716145456236,-0.007786704024032142,0.10526315789473684,-0.04637350558441489,-0.056523417990808955,14,-0.007920261542238793,-0.006760815377745365,0.14285714285714285,0.18732251521298177
IOTAUSDT,592052.4197,1679.1612084606481,16,-0.08662186295230467,-0.005630544064055332,-0.006659275707941003,0.125,-0.07853373436131883,-0.036875622160428834,10,-0.0516508998593348,-0.006293866787962953,0.1,0.18661257606490872
YGGUSDT,120135.0084,1715.5893681828704,24,-0.07640847291130448,-0.003233336374318519,-0.0072522866951601475,0.2916666666666667,-0.0837890125544335,-0.024230780637741867,18,-0.05347339436231158,-0.0072522866951601475,0.2777777777777778,0.1849391480730223
TLMUSDT,1073949.8343,1716.5893681828704,18,-0.11444158193467902,-0.006605610631980545,-0.012493080138364976,0.3333333333333333,-0.13065160961467492,-0.053203801857022115,11,-0.06467894589962131,-0.012874069084533368,0.2727272727272727,0.17936105476673428
ARKMUSDT,335977.45,1103.5191019791666,23,-0.10468545751901448,-0.004772669821787831,-0.005949476718968948,0.17391304347826086,-0.11158522468724774,-0.013153196656730759,21,-0.09275224943951565,-0.005949476718968948,0.14285714285714285,0.1781440162271805
1000LUNCUSDT,601812.7169,1425.5893566087964,18,-0.09141963536785513,-0.005289612715283615,-0.0068410024473600775,0.16666666666666666,-0.10346932010399557,0.0,18,-0.09141963536785513,-0.0068410024473600775,0.16666666666666666,0.17454361054766737
XNYUSDT,313802.5741,356.03819920138886,14,-0.08786025479469362,-0.006476403195078957,-0.008417874030039907,0.2857142857142857,-0.08906057874930717,-0.010738121557226976,11,-0.07795926934824071,-0.009772278699566428,0.2727272727272727,0.17160243407707912
BIGTIMEUSDT,183127.0567,1027.231208460648,31,-0.07744951411932621,-0.002526565817832798,-0.0060822258563637535,0.16129032258064516,-0.12620235839201333,0.04874436111784375,25,-0.12032853755004869,-0.007272647716758062,0.12,0.1714503042596349
LYNUSDT,193078.7276,302.2519376273148,16,-0.06053724887549583,-0.0038108442602502457,-0.008208255336196069,0.1875,-0.07661389834959809,-0.00234370499254255,13,-0.058330252787628045,-0.008031747444918969,0.15384615384615385,0.17134888438133875
MAGMAUSDT,257859.2311,221.29292142361112,12,-0.05383001876157412,-0.00448232850719027,-0.010017595014885972,0.16666666666666666,-0.08801760096474398,-0.006161293229219544,10,-0.04796424732464033,-0.010017595014885972,0.1,0.16957403651115618
KGENUSDT,803473.5716,300.95196077546296,19,-0.07577461392401463,-0.003984979833888528,-0.009123281850800025,0.21052631578947367,-0.09255651196424275,-0.043085505618598696,14,-0.03416095011346609,-0.008440690621939473,0.21428571428571427,0.16886409736308317
EDENUSDT,860998.747,308.10089596064813,24,-0.1428992563269873,-0.0063117481806673386,-0.006625681610897382,0.20833333333333334,-0.12380030162988942,-0.04924211246671706,21,-0.09850787996433197,-0.006427343615638902,0.19047619047619047,0.16572008113590264
OPNUSDT,1156564.2022,174.18000475694444,22,-0.1630273053037068,-0.007965095032099275,-0.010561188304223146,0.3181818181818182,-0.1764439121186726,-0.08733727109027578,14,-0.0829331929702567,-0.009891009682073959,0.2857142857142857,0.1609026369168357
BLASTUSDT,292508.3474,768.1968913310185,27,-0.09701683957107521,-0.003735283928915612,-0.007494586697517901,0.25925925925925924,-0.11577580597736514,0.0038802705680212046,20,-0.10050711533757528,-0.006716296875603766,0.2,0.15968559837728194
FIDAUSDT,150871.0435,678.2121228125,20,-0.09253362169699297,-0.0048269174597191985,-0.006180085458270478,0.05,-0.09121443803081086,-0.001451589595375724,19,-0.09121443803081097,-0.006501875015789137,0.05263157894736842,0.1515212981744422
LUMIAUSDT,119294.8139,648.2726783680556,10,-0.06450073315059379,-0.006559641292534224,-0.008742207318354012,0.2,-0.07262562951266627,-0.028528606497708053,8,-0.03702849810451048,-0.007966250719415868,0.25,0.1509634888438134
VELVETUSDT,2066049.0536,385.15521309027775,13,-0.13162790110734468,-0.010372667436165751,-0.01140928768201499,0.23076923076923078,-0.08162062551434757,-0.062415298235131145,11,-0.07382010685747187,-0.01140928768201499,0.18181818181818182,0.15060851926977686
REDUSDT,159332.6203,524.3040441087963,25,-0.1057214780511988,-0.00442257053771963,-0.006468710554545564,0.2,-0.09420950354311242,-0.051653775243849176,20,-0.057012619859642455,-0.006307292666496821,0.25,0.1505578093306288
ICXUSDT,101565.6437,1574.3239167939814,20,-0.09535851967270959,-0.004984201608818945,-0.006168199448913391,0.15,-0.08678600944796178,-0.040840271614999035,14,-0.05683959245193326,-0.005108337771304538,0.14285714285714285,0.15035496957403652
ZBTUSDT,964979.7979,291.04491216435184,18,-0.08657708087856975,-0.004849473217245968,-0.010878090515433092,0.2222222222222222,-0.13616231895212205,-0.01009397408308721,15,-0.07726299748972543,-0.009410718190981382,0.2,0.14954361054766735
IDUSDT,304534.7746,1229.318673738426,11,-0.06688730501101547,-0.006239446479176564,-0.009298619575138556,0.09090909090909091,-0.07456010405359803,-0.01989898809040236,9,-0.0479423205870001,-0.006092761004001467,0.1111111111111111,0.1492393509127789
MOVEUSDT,1020594.4769,603.0850047569445,31,-0.13833612003135864,-0.004752784323891891,-0.006986394557823238,0.16129032258064516,-0.16253345546106035,-0.02670910580774699,27,-0.11469028929552705,-0.006986394557823238,0.18518518518518517,0.14883367139959436
EULUSDT,5172439.8672,294.23481957175926,13,-0.10632944189995752,-0.008597292436865706,-0.00874472531304582,0.07692307692307693,-0.09805698365497062,-0.009171819167146045,11,-0.09805698365497062,-0.00874472531304582,0.0,0.1479716024340771
ZROUSDT,4750129.7309,775.0101320717592,22,-0.11569242079347752,-0.005501490072893492,-0.008905552294209973,0.13636363636363635,-0.09612365876574058,-0.04005315150208755,17,-0.07879526810234083,-0.008354941514809422,0.11764705882352941,0.14746450304259634
AKEUSDT,33963578.2926,312.03888207175925,11,-0.1404120813964267,-0.013328087076522131,-0.009661784970048881,0.18181818181818182,-0.1272443181698637,-0.03405424816772484,9,-0.11010745999654181,-0.00625762355415349,0.2222222222222222,0.14386409736308317
CUSDT,393776.6711,385.15686818287037,22,-0.11335065391817889,-0.005409257471783386,-0.0072464824974410305,0.18181818181818182,-0.10090998723944222,-0.02046629382906917,19,-0.09482507799777673,-0.006875048984037234,0.15789473684210525,0.14315415821501015
SCRTUSDT,130701.9616,1588.179148275463,21,-0.08727601141519781,-0.004274190174635352,-0.007744485404116318,0.23809523809523808,-0.08983598497381495,-0.003954551707481935,17,-0.08365226692270977,-0.007744485404116318,0.23529411764705882,0.14148073022312374
QNTUSDT,388498.7238,1142.3393681828704,23,-0.125705180115524,-0.005815523611824768,-0.006361346054465588,0.043478260869565216,-0.11857104719567779,-0.031220945779913523,18,-0.09752918782051367,-0.006385467000460498,0.05555555555555555,0.140973630831643
MERLUSDT,179816.7637,837.1294029050925,13,-0.06955579946191237,-0.005495608811275916,-0.009087964094275813,0.15384615384615385,-0.07184020732168972,-0.038609763853153845,9,-0.03218883908451897,-0.007440786512643126,0.2222222222222222,0.13919878296146046
BREVUSDT,275962.6311,217.0504214236111,18,-0.09787909714978582,-0.005687886133035163,-0.007306275686286,0.16666666666666666,-0.10382923933477006,-0.028479157046984005,14,-0.07143432959385099,-0.006701475827670888,0.14285714285714285,0.1372210953346856
NOTUSDT,556043.0139,809.9356297569444,28,-0.12774284969668614,-0.004817751868472315,-0.007202831595735037,0.17857142857142858,-0.15957460630921938,-0.005974072944916808,22,-0.12250060429763954,-0.007039852969239812,0.13636363636363635,0.13661257606490873
EPICUSDT,3442969.6209,508.24352327546296,9,-0.13197214396947277,-0.01547692930331949,-0.015065230033332933,0.2222222222222222,-0.11049832114120328,-0.024141407867627307,6,-0.11049832114120339,-0.01692664293188595,0.0,0.1355476673427992
JTOUSDT,3809710.4394,970.7627593865741,13,-0.10426500857555043,-0.008360017810234911,-0.011923852949471292,0.07692307692307693,-0.11736562744903334,0.0,13,-0.10426500857555043,-0.011923852949471292,0.07692307692307693,0.12941176470588237
MAVUSDT,60950.8642,1133.186486238426,24,-0.09314236527488307,-0.004029522586922259,-0.006429707974587139,0.16666666666666666,-0.10862268545276044,-0.016881124315793916,20,-0.07757072195975756,-0.005824197277882136,0.15,0.12870182555780935
LABUSDT,2677913.781,281.2005950347222,32,-0.15108238456656065,-0.0023589324741589666,-0.02264377043525756,0.25,-0.4288385628601945,0.2891517324593713,25,-0.34149131241989505,-0.02418094011590466,0.2,0.12728194726166328
XPLUSDT,3876390.3516,347.19545614583336,30,-0.18279205991965297,-0.006656795982260129,-0.009543362160973956,0.2,-0.19018604451929233,-0.03439018135735539,27,-0.15368720957177717,-0.009449623406615593,0.2222222222222222,0.12581135902636917
MOVRUSDT,73905.156,985.3328635532407,19,-0.11219495449544814,-0.006225755830475092,-0.0062966481949252575,0.15789473684210525,-0.11655988954786989,-0.0017888245247811296,17,-0.1106039810845697,-0.006362763800221604,0.11764705882352941,0.1182048681541582
SIRENUSDT,514645.8593,500.44999318287034,24,-0.2006869306692607,-0.008535486445146151,-0.013117642892181092,0.2916666666666667,-0.25969799309585295,-0.10822187502878056,16,-0.10368616705356448,-0.012751234511084841,0.25,0.11759634888438134
PORTALUSDT,452249.4585,886.4359191087963,23,-0.17272607047113098,-0.007939584170914435,-0.00782457612827947,0.21739130434782608,-0.21256203881986924,-0.08833311991095294,19,-0.09256994238063676,-0.007312289880898159,0.2631578947368421,0.11683569979716026
CATIUSDT,288199.9526,694.2454792939815,19,-0.12042262427427286,-0.006593455843396919,-0.010034046447906286,0.2631578947368421,-0.1326853368990054,-0.02290216538882983,15,-0.0998062378515564,-0.009620554765333189,0.26666666666666666,0.11663286004056797
FHEUSDT,684743.6655,209.26991216435187,10,-0.10330289888251443,-0.010812214330726821,-0.011598634585219258,0.1,-0.10257363830363464,0.0,10,-0.10330289888251443,-0.011598634585219258,0.1,0.11440162271805274
ASPUSDT,125569.4778,376.08028253472224,19,-0.10373579292322921,-0.005663703892001501,-0.0078073519400952964,0.21052631578947367,-0.11115295078824794,0.0002993338201211504,14,-0.10400399483026967,-0.008735841505360331,0.14285714285714285,0.11135902636916836
JCTUSDT,896883.4761,260.16428716435183,19,-0.14357124412080946,-0.007870839675243239,-0.013178251854110479,0.21052631578947367,-0.135865919243359,-0.021183169959513415,17,-0.12503674886365979,-0.014501434600937113,0.23529411764705882,0.10973630831643003
DEXEUSDT,14928883.6322,740.2081297569445,15,-0.38519482396657145,-0.02840522837500102,-0.013377988191364598,0.13333333333333333,-0.40645635685329384,-0.000844946384365941,12,-0.38467490725424613,-0.020894579613212505,0.08333333333333333,0.10446247464503042
AIOZUSDT,85280.5211,782.2449121643518,26,-0.12956216123756448,-0.0053081827734863295,-0.00689541998627624,0.19230769230769232,-0.1403886306265838,-0.020838627283647604,22,-0.11103740096721759,-0.006798088748943608,0.18181818181818182,0.10152129817444218
1000CATUSDT,86159.3381,691.1066714236111,26,-0.1267785698861713,-0.005179251008647463,-0.007360952907633055,0.19230769230769232,-0.13851984813147,0.006704302311450361,22,-0.13259392245681023,-0.007817988793535735,0.13636363636363635,0.09178498985801217
GUNUSDT,215278.3695,491.03926401620373,33,-0.16541282776830613,-0.005418736530221742,-0.008752601845132268,0.21212121212121213,-0.1796280519597495,-0.003574171613009325,24,-0.1624191701426292,-0.008752309248196755,0.125,0.08407707910750507
BSBUSDT,959148.1716,131.38866216435184,17,-0.17858553595152993,-0.011328400190273466,-0.017342317827237608,0.058823529411764705,-0.20243734118063883,-0.01978823595592205,16,-0.1620030546669372,-0.016319932853122,0.0625,0.07844827586206896
AGLDUSDT,260778.2805,1565.3217640162038,26,-0.1887448928636618,-0.007969438788517174,-0.00844597308042766,0.15384615384615385,-0.17116145681391537,-0.07693980173450443,14,-0.12112437665414266,-0.008760324472751047,0.14285714285714285,0.07337728194726166
TRIAUSDT,639647.5196,180.1715441087963,16,-0.18588726574211767,-0.012612028219385625,-0.013710749786126908,0.125,-0.1828678418974089,-0.0970894692146177,10,-0.09834617439920734,-0.01091300548487062,0.2,0.0731237322515213
