symbol,turnover24h,age_days,exit_method,exit_score,exit_selection_note,trades,total_return,average_return,median_return,win_rate,max_drawdown,train_return,validation_trades,validation_return,validation_expectancy,validation_median,validation_win_rate,validation_profit_factor,validation_sell_early_median_6h,eligibility_tier,eligible,score
PYTHUSDT,1270366.9361,987.3746691087963,structure_fixed6,0.8987499999999999,best_daily_stop_exit_validation_score,63,0.47863539012716294,0.006463367142046158,-0.0054688184281054255,0.4444444444444444,-0.05457626374884961,0.24537928662831132,15,0.18729724028922923,0.011782455009051144,0.005453278265358797,0.5333333333333333,4.098996781200202,0.01663812087105465,relaxed,True,0.7748846153846153
HOMEUSDT,103929842.8523,420.1200394791667,structure_rolling_high,0.865,best_daily_stop_exit_validation_score,71,0.4396906335628221,0.005372279726217578,-0.004978134295655633,0.4647887323943662,-0.06563936813645654,0.17526092780853797,22,0.22499659394561555,0.00960235335531418,0.0072883270667040145,0.5454545454545454,2.417709522526054,0.026740397293668616,relaxed,True,0.7681923076923077
TUTUSDT,3940707.0951,503.2051552199074,structure_atr_trail_1.5,0.7642857142857142,best_daily_stop_exit_validation_score,45,0.3221743623937863,0.006517196254813452,-0.0004880080098302866,0.4888888888888889,-0.060796931308562674,0.21750694097487067,5,0.08596864452789665,0.016868032587338024,0.007495025368637998,0.8,26.59421964363769,0.020923451091340084,relaxed,True,0.7339038461538461
NILUSDT,3548637.4564,502.13397466435185,structure_rolling_high,0.77875,best_daily_stop_exit_validation_score,40,0.21815638011866878,0.005223878968875664,-0.005984860945777714,0.45,-0.09501459766159503,0.06177740712358459,15,0.14728037340587674,0.009465888217904898,0.006541478129713397,0.5333333333333333,3.206857745850815,0.007877583292246637,relaxed,True,0.68175
HANAUSDT,446383.2535,291.1080603125,structure_atr_trail_1.5,0.8850000000000001,best_daily_stop_exit_validation_score,52,0.3252492291580211,0.005884054923821553,-0.003941346723319527,0.40384615384615385,-0.0801591090237479,0.025551935447748253,18,0.29223024534532915,0.01537863078018288,-0.0031030664599434035,0.4444444444444444,4.7087611046209155,0.007511627127455345,relaxed,True,0.6321538461538463
AEVOUSDT,435600.2453,874.1378172569445,structure_rolling_high,0.7457142857142856,best_daily_stop_exit_validation_score,44,0.2086236219781228,0.004569231129034537,-0.006382312564496283,0.4090909090909091,-0.052749087139067674,0.12510572003422826,7,0.07423115930950352,0.010943900422126356,-0.004972929126471514,0.42857142857142855,3.5255832373376266,0.020746887966805128,relaxed,True,0.623653846153846
DOLOUSDT,59928.7297,372.2184191087963,structure_atr_trail_1.5,0.74125,best_daily_stop_exit_validation_score,37,0.26099676165361685,0.006417023896185403,-0.00036724617235817016,0.4594594594594595,-0.016599467419781355,0.19325929621483007,8,0.05676676113369372,0.007146706314294843,-0.0012598214849676706,0.375,3.8993228603640615,0.008553377590428513,relaxed,True,0.6219423076923077
MANTAUSDT,163885.7115,929.1289746643519,structure_atr_trail_1.5,0.9500000000000001,best_daily_stop_exit_validation_score,41,0.15177007158914368,0.0035881985882912104,-0.0010213793988115274,0.43902439024390244,-0.08321839374625295,0.06615596059624984,11,0.08030167644986386,0.00712797679512372,0.004772258177365819,0.7272727272727273,5.234373942673267,0.008438872647486884,relaxed,True,0.6214615384615384
BOMEUSDT,2089639.6639,872.2196343865741,structure_rolling_high,0.9100000000000001,best_daily_stop_exit_validation_score,42,0.11685940341947099,0.002852851626657985,-0.006869307207824359,0.35714285714285715,-0.08853638192848978,0.047962678314887874,6,0.065743491185553,0.010754427319955906,0.016043212654758943,0.6666666666666666,5.502887041311764,0.014498687454652881,relaxed,True,0.6201730769230769
GIGGLEUSDT,13071488.3338,299.07997003472224,structure_fixed6,1.0,best_daily_stop_exit_validation_score,63,0.31385323717059466,0.004775067466459717,-0.005733931260884283,0.4126984126984127,-0.11836729423506376,0.1747813970652925,16,0.11838103706163183,0.007859073368564215,-0.005414852017216642,0.3125,2.571235148543162,0.011983584729052033,relaxed,True,0.6178461538461539
CVCUSDT,476103.5398,1707.9498890162038,structure_fixed6,0.775,best_daily_stop_exit_validation_score,58,0.13912271345098737,0.002346120583175538,-0.003946048464810502,0.41379310344827586,-0.04593570692996696,0.06138695935887717,20,0.07323978630665096,0.003684530220930454,-0.003946048464810502,0.4,2.0090130861536424,0.006778526546247887,relaxed,True,0.6075576923076922
PIXELUSDT,185140.2518,896.2517524421296,structure_rolling_high,0.82,best_daily_stop_exit_validation_score,50,0.3578049491692683,0.006476198419645758,-0.007031374677596013,0.42,-0.0894569735476003,0.14653544875164015,14,0.1842677438780118,0.012817885694711666,-0.007031374677596013,0.35714285714285715,3.355162203397715,0.008076044644193536,relaxed,True,0.59625
SPORTFUNUSDT,123137.5687,197.1967987384259,structure_fixed6,1.0,best_daily_stop_exit_validation_score,50,0.36937955676080203,0.006939556566756067,-0.006376727169177809,0.4,-0.10136203664233667,0.23401361804426757,12,0.10969566035346467,0.009012831076091197,0.0014319066147860946,0.5,2.62612587773715,0.017608936737649628,relaxed,True,0.5955576923076924
GRIFFAINUSDT,232502.0291,592.2282686458333,structure_mfe50_act125,0.885,best_daily_stop_exit_validation_score,51,0.16045853701881185,0.003217466974142972,0.003322337042925284,0.5686274509803921,-0.08855675061270518,0.02654639708783435,14,0.13044918409033102,0.009576033022892403,-0.006631084998337699,0.42857142857142855,2.3647085853726333,0.012505095669739896,relaxed,True,0.59225
ZBCNUSDT,415179.0407,839.2680140162037,structure_fixed6,0.7825000000000001,best_daily_stop_exit_validation_score,51,0.2776861873787648,0.005178863778279522,-0.005961234992248653,0.37254901960784315,-0.07051631029468308,0.1772931864153131,19,0.08527442621929526,0.0044609548435071466,-0.000657695434512883,0.42105263157894735,2.2149473625017273,0.010413914109635991,relaxed,True,0.5859038461538463
EGLDUSDT,1715671.6642,1715.9227015162037,structure_atr_trail_1.5,1.0,best_daily_stop_exit_validation_score,50,0.09255468417349055,0.0018514448424310184,-0.001811436801596066,0.4,-0.0682898550263803,0.006068036175236324,12,0.0859650092125479,0.006969170249363156,0.0014747642710734041,0.5833333333333334,6.11709799252171,0.01476405136185821,relaxed,True,0.5805576923076924
MEUSDT,403639.8832,617.2537779050926,structure_atr_trail_1.5,0.7983333333333332,best_daily_stop_exit_validation_score,74,0.09677458616283796,0.0013115627786201072,-0.0014259168852851492,0.40540540540540543,-0.10604877869390528,0.030664423743421487,15,0.06414324672166405,0.0042019250646588785,0.005186299785557514,0.5333333333333333,3.039821498829299,0.009317244539483571,relaxed,True,0.5797307692307693
ZKPUSDT,144011.7012,225.34564133101853,structure_rolling_high,0.7833333333333333,best_daily_stop_exit_validation_score,54,0.08704192517805232,0.0016204866765582983,-0.005031390677908364,0.42592592592592593,-0.06471002924881475,0.043796978086459326,8,0.04143041989915708,0.005167947744390611,0.009286912987822471,0.625,2.433190977847224,0.017186077834205782,relaxed,True,0.5701538461538462
ACHUSDT,439794.427,1579.250745497685,structure_atr_trail_1.5,0.8116666666666668,best_daily_stop_exit_validation_score,56,0.09114300848953327,0.0016089184385069107,-0.0013894084732832815,0.4642857142857143,-0.0392542343884863,0.05714545785323888,11,0.032159766079242535,0.002909857224890304,0.004217725238763071,0.6363636363636364,2.308133756988011,0.008748481166463984,relaxed,True,0.569423076923077
WUSDT,936562.8377,853.0620070717592,structure_fixed6,0.7075,best_daily_stop_exit_validation_score,83,0.1603738273895723,0.0020179067040598316,-0.006398600431102296,0.37349397590361444,-0.0957469773174211,0.056267129201102994,27,0.09856095613541438,0.0039411767872203985,-0.007018899016747348,0.3333333333333333,1.6110347538369618,0.015463085958762335,relaxed,True,0.5642307692307691
VETUSDT,815461.9133,1744.5893681828704,structure_fixed6,0.77,best_daily_stop_exit_validation_score,63,0.179301437069187,0.002737486939297263,-0.004410491090929058,0.38095238095238093,-0.07251645060219503,0.11562067920005936,17,0.05708101244124375,0.0033531753333373242,-0.0016675567423229945,0.35294117647058826,2.209895519627541,0.01157871298151858,relaxed,True,0.5601153846153846
ELSAUSDT,1158398.1146,194.28225012731482,structure_mfe50_act125,0.8175000000000001,best_daily_stop_exit_validation_score,40,0.11842001207217079,0.002972349624324433,-0.004644288164529275,0.45,-0.09055701686210293,0.06332476282429722,13,0.051814131650178785,0.003987179697721572,0.003268139593271325,0.5384615384615384,2.2140565428512615,0.012700498547048467,relaxed,True,0.5560576923076922
HYPERUSDT,3327336.2869,469.08442605324075,structure_rolling_high,0.802142857142857,best_daily_stop_exit_validation_score,52,0.1627416324069535,0.003114542699501077,-0.006972262584525323,0.34615384615384615,-0.09698234196056199,0.08114533556925152,11,0.07547208886096701,0.0068401720222504014,-0.006354285483315957,0.36363636363636365,2.4797357299690983,0.01738719174317005,relaxed,True,0.5555
ENAUSDT,51605972.0816,854.1846691087962,structure_fixed6,1.0,best_daily_stop_exit_validation_score,65,0.28013404290897026,0.004187954769490155,-0.007954832734930695,0.4,-0.09854694304764733,0.2159370273298824,14,0.052796332487760944,0.003929909739323548,-0.008804644255509031,0.42857142857142855,1.5934835379008672,0.027090206396921612,relaxed,True,0.5539615384615385
PEOPLEUSDT,986009.295,1679.4386274421297,structure_mfe50_act125,0.8050000000000002,best_daily_stop_exit_validation_score,55,0.10028540706219258,0.0018463254534510092,0.0017240278038700438,0.5454545454545454,-0.07230467865840329,0.03479146703483438,11,0.06329192123610139,0.0058856350082804425,-0.0049935139109089635,0.45454545454545453,2.5690201496277387,0.007769157261408699,relaxed,True,0.5507884615384616
SOLAYERUSDT,187440.5527,538.9970533680555,structure_rolling_high,0.87,best_daily_stop_exit_validation_score,69,0.17405809657946802,0.0024622576644991795,-0.004885914261565149,0.43478260869565216,-0.11391274489608516,0.10266819324361776,18,0.06474286986173938,0.0035900424472560502,-0.004722927971905432,0.3888888888888889,1.8743247032640327,0.0073624297887453505,relaxed,True,0.5317692307692307
SPKUSDT,308344.672,413.20549086805556,structure_atr_trail_1.5,0.9166666666666667,best_daily_stop_exit_validation_score,55,0.13986499180547463,0.002576654372862721,-0.0020625051880135406,0.38181818181818183,-0.09359328454472438,0.06883150150604234,16,0.06645901641123197,0.004204337368546154,-0.0024089588374376905,0.3125,2.218877054367312,0.01516192951450357,relaxed,True,0.5310576923076924
C98USDT,204685.9747,1744.5893681828704,structure_fixed6,0.9228571428571428,best_daily_stop_exit_validation_score,66,0.13700067321578646,0.0020448219916721078,-0.004303350424191942,0.42424242424242425,-0.06669410961550715,0.10144752623893805,12,0.03227856627746051,0.0026785160275866007,0.002949711464116601,0.6666666666666666,2.346424310993451,0.0065127917187315365,relaxed,True,0.5265384615384615
BOBAUSDT,73494.4674,1581.2588010532406,structure_mfe50_act125,1.0,best_daily_stop_exit_validation_score,48,0.12548720076218056,0.0027414844477711537,-0.004282049006589571,0.4791666666666667,-0.08918075250147584,0.06292536613088462,8,0.05885816316438541,0.0073762806014139315,0.0008296110087305806,0.625,3.740553662624877,0.013252483019102423,relaxed,True,0.5259615384615385
BANANAUSDT,133816.5335,746.1381760532407,structure_rolling_high,0.8300000000000002,best_daily_stop_exit_validation_score,41,0.14472966575789714,0.0034976442944675713,-0.005928388288048979,0.3902439024390244,-0.05646636411890038,0.09927120427592384,6,0.041353272336389635,0.007008598234780616,-0.0076656354913388625,0.3333333333333333,2.2913731360202942,0.007981204208398984,relaxed,True,0.5163846153846153
WAXPUSDT,3968934.0587,1029.3242177199074,structure_rolling_high,0.8300000000000002,best_daily_stop_exit_validation_score,63,0.16636810198750718,0.0025358494583596846,-0.004371075434947635,0.4126984126984127,-0.053070286936989675,0.12890004376593978,19,0.03318988109574006,0.0018295534683722137,-0.004831179616061831,0.3684210526315789,1.4108702526169299,0.0069295101553163985,relaxed,True,0.5153846153846152
SPXUSDT,2073001.7373,644.3174121643518,structure_rolling_high,1.0,best_daily_stop_exit_validation_score,62,0.29314640769339784,0.004391871493514257,-0.006419230199041558,0.45161290322580644,-0.09892545844870859,0.23605434861358954,21,0.04618895531887057,0.0022690686045694036,-0.007957226241395499,0.42857142857142855,1.384523446547575,0.015395769233855106,relaxed,True,0.5120769230769231
GMXUSDT,118933.7578,1394.2934191087963,structure_rolling_high,0.8833333333333333,best_daily_stop_exit_validation_score,36,0.06100769021882235,0.0017729079009631246,-0.0060347514690002315,0.3611111111111111,-0.06926043125076031,0.019022585588502006,6,0.04120134845301093,0.006840242502826425,0.006576421432614721,0.6666666666666666,3.346156078127876,0.012660916676888179,relaxed,True,0.506
QUSDT,166397.7468,326.1405024421296,structure_atr_trail_1.5,1.0,best_daily_stop_exit_validation_score,34,0.07019669622912583,0.002358962398155633,-0.0024150122644984165,0.47058823529411764,-0.10078421436149942,0.03144111611757516,5,0.037574205163964924,0.007474841090253625,0.004357237776309587,0.8,4.758292578521747,0.017141691812094795,relaxed,True,0.5019423076923077
CFXUSDT,1654124.713,1261.2106066087963,structure_rolling_high,0.8600000000000001,best_daily_stop_exit_validation_score,46,0.07283222471867767,0.0016525919465643828,-0.005022961690298643,0.43478260869565216,-0.08752726258757138,0.03331442487947789,14,0.03824373190552177,0.0027260896751841496,0.005153440446634129,0.5714285714285714,1.9239181770042737,0.007383548328124601,relaxed,True,0.5015384615384615
BELUSDT,221674.6077,1509.3395417939814,structure_atr_trail_1.5,0.8216666666666667,best_daily_stop_exit_validation_score,53,0.08948485614402668,0.0016982348436360415,-0.0002612293144207403,0.49056603773584906,-0.08498163348385601,0.05195879469797693,12,0.03567255831234695,0.0029601105429976717,0.003277203604989843,0.5833333333333334,2.3873381685449186,0.012836522615740087,relaxed,True,0.49534615384615394
JELLYJELLYUSDT,271844.5683,551.3079908680555,structure_rolling_high,0.7400000000000001,best_daily_stop_exit_validation_score,47,0.12071085367609369,0.0026441118222310573,-0.0059122247614834525,0.44680851063829785,-0.11741414243071546,0.055673980291528036,12,0.06160696824847878,0.005305013535313309,-0.005253464849453992,0.4166666666666667,1.974692782276407,0.015182984023106916,relaxed,True,0.49432692307692305
ALTUSDT,338886.1656,922.1187779050925,structure_rolling_high,0.7599999999999999,best_daily_stop_exit_validation_score,60,0.0830069448758688,0.0014517266228567785,-0.005524004844258689,0.4,-0.0961858937435941,0.021160289929127662,18,0.060565080288261575,0.0033271766431722436,0.00014530720362771008,0.5,2.112873410252869,0.01058977721114529,relaxed,True,0.4895769230769231
ALCHUSDT,190844.2911,574.2753519791667,structure_rolling_high,1.0,best_daily_stop_exit_validation_score,60,0.11992435676970548,0.002079246528140168,-0.006340040408142954,0.36666666666666664,-0.10415746003847015,0.06994931396076187,15,0.046707860042402016,0.0032378886111614547,-0.006420067266239226,0.3333333333333333,1.5456268202460393,0.0148042975350271,relaxed,True,0.4612307692307692
MASKUSDT,117091.207,1706.1108728125,structure_atr_trail_1.5,0.7757142857142857,best_daily_stop_exit_validation_score,63,0.08022097821195362,0.001291362170840149,-0.00012816041848317996,0.49206349206349204,-0.057396185183486215,0.04121740915312189,20,0.037459582135257685,0.0018869529518365242,5.3761864296620644e-05,0.5,1.9680825102447839,0.007976197910085636,relaxed,True,0.46030769230769236
WOOUSDT,287936.9007,1729.5893681828704,structure_fixed6,0.8983333333333333,best_daily_stop_exit_validation_score,43,0.15896932498041605,0.003596879448046511,-0.004146945566734893,0.4883720930232558,-0.06524972989518185,0.12878738251124644,12,0.02673837689611913,0.0022550300734545483,-0.0011664309063280079,0.5,1.7631554539985526,0.0068183892471802565,relaxed,True,0.45580769230769236
IOUSDT,387701.3305,784.013673738426,structure_atr_trail_1.5,0.8133333333333334,best_daily_stop_exit_validation_score,56,0.10746743054188546,0.001989040144171696,-0.0028335801675898322,0.4107142857142857,-0.10265014775736392,0.05576000144648363,25,0.048976499417062724,0.0019952782477621247,0.0007111797074218504,0.52,1.4991993534351098,0.013173086438758252,relaxed,True,0.45269230769230767
RLCUSDT,214770.4035,1231.2919260532408,structure_atr_trail_1.5,1.0,best_daily_stop_exit_validation_score,29,0.07158331166063325,0.002527782485597137,-0.0007750674797560855,0.4482758620689655,-0.06325545378026443,0.03794571023090687,7,0.03240786208581481,0.004723555422293191,-0.0007750674797560855,0.42857142857142855,2.379269176332537,0.009857097533148229,relaxed,True,0.450923076923077
DIAUSDT,333359.8813,377.2637547569444,structure_rolling_high,1.0,best_daily_stop_exit_validation_score,35,0.05283577234514447,0.0015722824322844631,-0.005168307773715907,0.34285714285714286,-0.06559825722677715,0.02507248602914869,8,0.027084217647420417,0.003410652618671642,0.003936170588430377,0.5,1.9205950836015908,0.012154533366839693,relaxed,True,0.4404615384615385
GMTUSDT,641666.7159,1599.363546423611,structure_fixed6,0.945,best_daily_stop_exit_validation_score,63,0.1751589870241872,0.0026832132879035537,-0.004925532977780866,0.4603174603174603,-0.0672366513891739,0.14813868932595198,18,0.023534001553503936,0.0013578101952708328,-0.005459077567602443,0.3888888888888889,1.3029856830534057,0.02061813189493822,relaxed,True,0.4318461538461538
TRUMPUSDT,7894487.5593,563.3172964236111,structure_fixed6,0.8050000000000002,best_daily_stop_exit_validation_score,92,0.10548548784285017,0.0012048216700205339,-0.005807323334585556,0.3695652173913043,-0.08244311587559594,0.06414066253249318,28,0.03885278212371124,0.0014857412977798254,-0.006256951977793245,0.32142857142857145,1.2810875289456611,0.013538227076454135,relaxed,True,0.4308076923076923
1000TAGUSDT,426514.9844,372.2299005902778,structure_fixed6,,fallback_no_strategy_passed_robust_filter,42,0.06919396106595577,0.001989311601687828,-0.007514733797278405,0.30952380952380953,-0.1427386498059111,0.02610829174442819,6,0.04198939787171985,0.007557951410338141,-0.00454724054271366,0.3333333333333333,1.9516506980775508,0.02729581738150222,relaxed,True,0.42982692307692316
SKYUSDT,441659.514,358.23652096064814,structure_rolling_high,0.8850000000000001,best_daily_stop_exit_validation_score,40,0.1676913057127989,0.003996197269632187,-0.0033004949987052714,0.475,-0.04961924744628321,0.15276088524494003,6,0.012951879838190683,0.002244202622579609,-0.0051127752492100545,0.3333333333333333,1.4870458823613328,0.007849439636295807,relaxed,True,0.4244423076923078
AVAAIUSDT,460119.1166,573.2337431828704,structure_fixed6,1.0,best_daily_stop_exit_validation_score,52,0.10710690080518459,0.0022010966652816232,-0.007526840299416636,0.38461538461538464,-0.11668923769108552,0.07538180704630149,10,0.02950123718944142,0.0032138542554837946,-0.003026083071269169,0.4,1.4334779657738528,0.019840263908690536,relaxed,True,0.4083461538461539
UNIUSDT,38970396.1998,1708.5893681828704,structure_fixed6,0.8300000000000002,best_daily_stop_exit_validation_score,45,0.04242528634068665,0.0010417952874688188,-0.005519530378624181,0.4,-0.07472739068686529,0.007869312029912479,10,0.03428616577398946,0.003554373430954272,-0.0063174600291083785,0.4,1.6724287493496799,0.015604393974319786,relaxed,True,0.4066730769230769
RESOLVUSDT,574452.0215,420.03961123842595,structure_mfe50_act125,1.0,best_daily_stop_exit_validation_score,55,0.07571343239395278,0.0016298751814896868,-0.006660861411117435,0.4909090909090909,-0.11312086577152913,0.04401060953030278,12,0.030366379971859203,0.002661256018001138,-0.0016587393412255671,0.5,1.5544328060815638,0.016955184164034076,relaxed,True,0.40155769230769234
SONICUSDT,121538.435,574.0720649421296,structure_rolling_high,0.8300000000000002,best_daily_stop_exit_validation_score,60,0.15517692251307835,0.0025426149026448333,-0.00574043188081702,0.36666666666666664,-0.08484265224099985,0.12177534448052585,21,0.02977563929970306,0.0015343581422894424,-0.005799074222396227,0.2857142857142857,1.3015296155913325,0.01154085734576804,relaxed,True,0.3958461538461539
BNTUSDT,51999.5583,1093.367921423611,structure_fixed6,,fallback_no_strategy_passed_robust_filter,19,0.04505005039417109,0.002417695360078929,-0.003507728640652407,0.47368421052631576,-0.04250877920507956,0.02094834597609241,7,0.02360717318664718,0.0034242027751406933,-0.003507728640652407,0.42857142857142855,2.225424775683114,0.004893393918210309,relaxed,True,0.39469230769230773
RPLUSDT,164982.3049,1252.2751783680555,structure_rolling_high,0.7235714285714284,best_daily_stop_exit_validation_score,53,0.06153273656972713,0.0012328473146888212,-0.005252377092304749,0.3584905660377358,-0.09053957869603968,0.02458139938730519,13,0.0360648135956001,0.0027918673200410912,-0.0045074221843822695,0.46153846153846156,1.7472527498755839,0.010665334929711223,relaxed,True,0.3833076923076923
ZETAUSDT,204124.3914,915.4188936458334,structure_rolling_high,1.0,best_daily_stop_exit_validation_score,56,0.22907687150938738,0.003859591289227796,-0.006531561515694172,0.39285714285714285,-0.1194979380895389,0.2037151150772969,11,0.021069567137953493,0.0019554835677536376,-0.004967165861547772,0.45454545454545453,1.5204629310852258,0.0035353040705978778,relaxed,True,0.38288461538461543
USUALUSDT,147216.2657,624.2006760532407,structure_atr_trail_1.5,0.89,best_daily_stop_exit_validation_score,53,0.05415358356978417,0.0010992833964950392,-0.004126474073562702,0.37735849056603776,-0.10158633781964521,0.02864071598354001,15,0.024802506054653062,0.001680672004544781,0.0037698618994571617,0.5333333333333333,1.461920434441965,0.011778769221792551,relaxed,True,0.36096153846153844
XTZUSDT,1220495.3316,3137.58936818287,structure_atr_trail_1.5,0.8133333333333334,best_daily_stop_exit_validation_score,53,0.11746732891126599,0.002194941692760944,-0.0005161736245508078,0.4716981132075472,-0.05013103757655202,0.10541369727838545,14,0.010904181540863034,0.0008157976671987563,-0.0020017995564041704,0.42857142857142855,1.2753327647284052,0.01142213694973615,relaxed,True,0.360076923076923
DYDXUSDT,607301.4366,1758.5893681828704,structure_rolling_high,1.0,best_daily_stop_exit_validation_score,54,0.05283987102039078,0.0011488556512580887,-0.007853099614683057,0.3333333333333333,-0.11083105688945549,0.03037858555942674,13,0.02179906082653038,0.0017679410640167527,0.0032727434573617273,0.5384615384615384,1.324346315930456,0.01337429965660597,relaxed,True,0.3523076923076924
ACXUSDT,704990.6921,606.1756992013889,structure_rolling_high,1.0,best_daily_stop_exit_validation_score,47,0.03548372490985097,0.0008176519722265342,-0.004351567248271015,0.3617021276595745,-0.07309376167214665,0.017747663250206047,8,0.017426777088344503,0.00217618380127159,0.0029500973816281037,0.75,2.4899303070335006,0.004091606478571763,relaxed,True,0.34786538461538463
BRUSDT,91828.2207,502.03395151620373,structure_rolling_high,1.0,best_daily_stop_exit_validation_score,44,0.16426445023983915,0.0038964121531858257,-0.009257843484338613,0.38636363636363635,-0.08764201177723918,0.15442449185919904,11,0.008523691631657115,0.0008733667232657976,0.00403482998827498,0.5454545454545454,1.1486748248462986,0.025959434848247698,relaxed,True,0.3234615384615384
GRTUSDT,454349.4382,1702.5893681828704,structure_time_staged_mfe,0.9349999999999999,best_daily_stop_exit_validation_score,55,0.04740432783897841,0.0008894795358485175,0.0016683087027916663,0.6181818181818182,-0.029962818636128485,0.037695574606783744,20,0.009356070768513636,0.0005198581015230467,-0.001084164515357199,0.5,1.1524119624591482,0.008070568330539651,relaxed,True,0.3211730769230769
ORCAUSDT,371384.6575,855.198986238426,structure_mfe50_act125,1.0,best_daily_stop_exit_validation_score,48,0.17719262248408385,0.0035594274492810446,0.002736210739613388,0.625,-0.030759322411543555,0.17676852336298698,9,0.00036039298526180374,6.032023243044853e-05,-0.0038885480045770518,0.4444444444444444,1.0228444189565495,0.005473360129992333,relaxed,True,0.32061538461538464
CKBUSDT,161100.5321,1631.381636701389,structure_atr_trail_1.5,0.8300000000000001,best_daily_stop_exit_validation_score,54,0.13245138364316755,0.002408509323406782,-0.0021239489979349426,0.4074074074074074,-0.048547092207049336,0.12309273027636136,17,0.008332930233199365,0.0005377252945013699,-0.002973227490869589,0.35294117647058826,1.1502065557869454,0.007161316436778087,relaxed,True,0.3059230769230769
ATHUSDT,211516.2684,782.2131644791667,structure_atr_trail_1.5,1.0,best_daily_stop_exit_validation_score,53,0.1603840893027093,0.0029124658798153633,-0.001567200350632957,0.4528301886792453,-0.04112552362621613,0.1595495484120013,14,0.0007197112808596806,0.00014227283515633982,-0.0034214171390563033,0.42857142857142855,1.0305277599423843,0.010115864245847206,relaxed,True,0.2838076923076923
1INCHUSDT,369329.9081,1702.5893681828704,structure_atr_trail_1.5,0.86,best_daily_stop_exit_validation_score,54,0.05291104571731364,0.0010381114948600707,-0.001908930464684099,0.3888888888888889,-0.05200475654322578,0.04297375314969143,12,0.00952784529583095,0.000812087563990279,-0.0018012058224118324,0.4166666666666667,1.345507139060136,0.006087230087641893,relaxed,True,0.2742692307692309
ORDIUSDT,3409281.0117,1170.2906413310186,structure_fixed6,,fallback_no_strategy_passed_robust_filter,62,0.044136629517691706,0.0008741763103659272,-0.006881507632423344,0.3548387096774194,-0.14463772500546845,0.027155068397548998,11,0.01653261678067297,0.0016669165478110876,-0.008037369596255561,0.45454545454545453,1.2473807991862118,0.019308357348703176,relaxed,True,0.2696538461538462
AUCTIONUSDT,101168.0817,1103.315409849537,structure_rolling_high,1.0,best_daily_stop_exit_validation_score,61,0.07224700314586308,0.0012119494006079484,-0.003930882524328493,0.4098360655737705,-0.0887350640131741,0.060302888186703374,14,0.011264814132107226,0.000845189892034217,-0.0019176840196856717,0.5,1.2692213533827021,0.002428691806540595,relaxed,True,0.2606153846153846
SAPIENUSDT,114770.7171,348.8674005902778,structure_mfe40_act100,1.0,best_daily_stop_exit_validation_score,32,0.11260510169578875,0.0034460250723533717,0.004336193958253577,0.625,-0.03956488068419017,0.11146998919460405,10,0.001021271390338807,0.00014963239486678369,-0.0010965910888317545,0.5,1.0381710312164398,0.009540184866904777,relaxed,True,0.26042307692307687
FOGOUSDT,269465.3773,205.28764364583333,structure_rolling_high,0.7900000000000003,best_daily_stop_exit_validation_score,53,0.10833640954337409,0.002082645357381594,-0.005481528686914649,0.41509433962264153,-0.0837629716071393,0.09798198655367041,19,0.009430412444382918,0.0005961977663121339,-0.00539033548785428,0.3684210526315789,1.1043680019024367,0.013099524285186348,relaxed,True,0.2570384615384615
XVSUSDT,37308.9155,1061.267296423611,structure_fixed6,,fallback_no_strategy_passed_robust_filter,51,0.08695587292496665,0.0017733572468714561,-0.005144742486202113,0.3333333333333333,-0.05780149219376274,0.08150338144482228,4,0.005041585235600721,0.0013222113288925703,-0.00522991770855885,0.25,1.335657099099403,0.011063465044388376,relaxed,True,0.25317307692307695
ANKRUSDT,116737.5816,1714.5893681828704,structure_atr_trail_1.5,0.915,best_daily_stop_exit_validation_score,54,0.023782768872317783,0.0005076346244471708,-0.0018422904150665045,0.3888888888888889,-0.06821220730526822,0.004039483364977503,21,0.01966385369743784,0.0009568877520258746,-1.730317160586383e-05,0.47619047619047616,1.3850444506542867,0.007832869712415702,relaxed,True,0.24480769230769228
MANAUSDT,461250.5685,1730.5893681828704,structure_fixed6,1.0,best_daily_stop_exit_validation_score,77,0.0850778656163893,0.001154790278706139,-0.005005042788291502,0.38961038961038963,-0.07842564928728812,0.07987568963627578,16,0.004817384102670186,0.0003607302914287185,-0.004659548972143212,0.4375,1.0918853079496378,0.009582799258102792,relaxed,True,0.22573076923076926
CETUSUSDT,42761.1305,911.4337779050926,structure_fixed6,1.0,best_daily_stop_exit_validation_score,48,0.08096322218857632,0.0017453183606990104,-0.0048798208300999115,0.3958333333333333,-0.0881738911396539,0.06915478768503447,16,0.011044644460798336,0.0007481782160706427,-0.004512518233791617,0.375,1.1775727217406389,0.012312417794746011,relaxed,True,0.22426923076923075
INUSDT,403273.4993,362.1608843865741,structure_rolling_high,1.0,best_daily_stop_exit_validation_score,47,0.08158743650004907,0.0018144179981410492,-0.004700543566761749,0.46808510638297873,-0.07029833831125265,0.0747560258220965,15,0.006356243197359168,0.0005234559636627001,-0.006730561979583548,0.4,1.087975161342646,0.015055254554289244,relaxed,True,0.22028846153846154
WALUSDT,284235.0455,495.16858114583334,structure_atr_trail_1.5,1.0,best_daily_stop_exit_validation_score,69,0.013159184350496123,0.0002608429701131249,-0.0017685935198823435,0.4492753623188406,-0.0962135827106454,0.003878494109648356,18,0.009244834205835772,0.0005468522348446982,0.0013046201466646598,0.6111111111111112,1.172947302877189,0.012024780045640449,relaxed,True,0.19526923076923078
ALICEUSDT,72938.1054,1744.5893681828704,structure_time_staged_mfe,0.7499999999999998,best_daily_stop_exit_validation_score,56,0.0063886029640822795,0.00017332663561648757,0.0017896333902986958,0.5357142857142857,-0.0504204652444904,0.0007714797250486516,14,0.005612793082969025,0.0004338667957148727,-0.0015550178018964847,0.5,1.1293568954309865,0.017693731363745524,relaxed,True,0.18619230769230768
PUNDIXUSDT,87329.2762,461.1227015162037,structure_rolling_high,1.0,best_daily_stop_exit_validation_score,50,0.04520105533247154,0.000965703108945686,-0.004781829566567085,0.36,-0.049482476109027895,0.04048247194724275,14,0.004534995554896781,0.00037906028855779134,-0.004781829566567085,0.35714285714285715,1.0916069949414005,0.009018613769799289,relaxed,True,0.18082692307692308
MAVUSDT,60950.8642,1133.186486238426,structure_mfe30_act075,1.0,best_daily_stop_exit_validation_score,66,0.010857383812957977,0.00020228662232829134,0.0022208911774812554,0.6060606060606061,-0.05461877469525345,0.006669229445996017,21,0.004160407653729825,0.00026749816705916643,-0.004779757803579753,0.47619047619047616,1.0700112108718778,0.010028436643946037,relaxed,True,0.1803076923076923
IOTXUSDT,123457.3578,1726.5893681828704,structure_atr_trail_1.5,1.0,best_daily_stop_exit_validation_score,51,0.017133584456966444,0.00040316604748935397,-0.0017517038620874495,0.47058823529411764,-0.10191738620699498,0.00782911141904541,14,0.009232193168958958,0.000679407940275918,0.001083121590416237,0.5714285714285714,1.2639549228618603,0.008871410114009937,relaxed,True,0.16475
AVAUSDT,92541.1357,596.1646806828704,structure_rolling_high,1.0,best_daily_stop_exit_validation_score,33,0.022623533547738495,0.0007908816235335556,-0.005980729886752466,0.30303030303030304,-0.07200172610033762,0.010581307096596104,14,0.011916138134139498,0.0009378788718909673,-0.005911514732453548,0.35714285714285715,1.2030823111079274,0.006352421596049429,relaxed,True,0.1617115384615385
DBRUSDT,73598.5946,656.1434191087963,structure_rolling_high,1.0,best_daily_stop_exit_validation_score,40,0.04506688407205939,0.001202359985440646,-0.004907556100809284,0.4,-0.08153881814750807,0.040234153307264986,7,0.004645810512401871,0.000722269189492808,-0.004834945506011267,0.2857142857142857,1.1699439433665968,0.007169382383525935,relaxed,True,0.15028846153846154
EDENUSDT,860998.747,308.10089596064813,structure_rolling_high,1.0,best_daily_stop_exit_validation_score,56,0.016401809741086515,0.0005130898791073725,-0.00815906770758923,0.32142857142857145,-0.1058600670414096,0.008850309548772861,21,0.007485253382824242,0.0004660961578372147,-0.005913491939912862,0.3333333333333333,1.0768376660138994,0.014870902122127161,relaxed,True,0.13038461538461538
CLUSDT,77910899.2008,133.2662200347222,structure_atr_trail_1.5,1.0,best_daily_stop_exit_validation_score,39,0.01684747273142917,0.0005129675389644453,-0.00266391776292929,0.2564102564102564,-0.07198411088271617,0.01462362731734057,16,0.0021917934436122,0.0002245072946637787,-0.0033695305507456244,0.25,1.0553772203687641,0.0074581354381692,relaxed,True,0.12713461538461543
EVAAUSDT,732079.9484,291.10365059027777,structure_mfe30_act075,0.8549999999999999,best_daily_stop_exit_validation_score,57,0.33660808248211116,0.005357840977645048,0.005630581867388408,0.6666666666666666,-0.05153555585076308,0.04125837006087485,11,0.28364690350961497,0.023779949622126907,0.01314231257941556,0.8181818181818182,9.374883752565298,0.07327712858531288,strict,True,0.8912820512820512
GOATUSDT,211572.2261,651.1418681828703,structure_mfe50_act125,0.8571428571428571,best_daily_stop_exit_validation_score,47,0.17154138189991985,0.0034459569989246978,0.003997369805365581,0.6808510638297872,-0.041479456816774674,0.07238397321041878,8,0.09246446344461035,0.011244368493563417,0.004278219056534139,0.75,8.609993847871436,0.021051125198790377,strict,True,0.838397435897436
BEATUSDT,35643935.2424,256.13528253472225,structure_mfe30_act075,0.87,best_daily_stop_exit_validation_score,33,0.35596668582332613,0.00962847157140944,0.00734862385321089,0.696969696969697,-0.08148471988830419,0.25868858073781364,8,0.07728528452088623,0.009491327180724318,0.012852768778392254,0.75,3.3684282026664527,0.027913501852196654,strict,True,0.8133547008547009
1000RATSUSDT,63174416.8533,986.3294839236111,structure_mfe30_act075,1.0,best_daily_stop_exit_validation_score,58,0.15041862624738855,0.0025029939646975664,0.004679291062377412,0.6896551724137931,-0.0756196080357826,0.03689761730531682,14,0.10948140592423083,0.007611960448185454,0.003833667063867453,0.7142857142857143,6.08086241932411,0.008541919153203903,strict,True,0.8088675213675214
AIOUSDT,1457320.9452,356.03961123842595,structure_mfe30_act075,0.8799999999999999,best_daily_stop_exit_validation_score,40,0.1560044980925679,0.003741466471095223,0.006665961607723815,0.775,-0.06506065687356555,0.08092005957553061,9,0.06946345185463754,0.007535163421119817,0.005366392377652685,0.8888888888888888,6.081424738072396,0.01875336253938964,strict,True,0.8004487179487179
ICNTUSDT,4730677.4797,397.13084966435184,structure_mfe30_act075,0.9116666666666666,best_daily_stop_exit_validation_score,62,0.1946701793187786,0.003001777977313022,0.00393499873410852,0.6935483870967742,-0.05028148154569734,0.1230795311259556,15,0.06374494967515698,0.004422921986452333,0.0022073310423825774,0.5333333333333333,1.6524157959219499,0.016784654030600477,strict,True,0.7982478632478633
VINEUSDT,255866.0523,558.0988820717592,structure_mfe30_act075,0.9242857142857142,best_daily_stop_exit_validation_score,70,0.28168583054495233,0.0036704826151143393,0.003465568326781022,0.7285714285714285,-0.057462015283920365,0.20252340536187963,17,0.06583025729902525,0.00379514582111112,0.0030962288686605674,0.8235294117647058,2.745063456834698,0.006292900732109086,strict,True,0.794059829059829
STEEMUSDT,95437.4199,1014.3187431828703,structure_mfe30_act075,0.94,best_daily_stop_exit_validation_score,64,0.1421534351274656,0.002098093858772549,0.0019277752539231816,0.734375,-0.033031232936677646,0.06864703687678686,15,0.06878454317854832,0.004478222579454479,0.0024903047091412453,0.8,7.324696298924458,0.0053731066746953715,strict,True,0.7936324786324785
ETHFIUSDT,3421934.7016,869.0360927199074,structure_mfe30_act075,0.8228571428571427,best_daily_stop_exit_validation_score,56,0.14183613627824343,0.0024220102304430935,0.002507500007577269,0.7321428571428571,-0.030464488336051865,0.09077110953215817,13,0.04681552921582899,0.0035566260531736736,0.0032381432896065885,0.8461538461538461,3.059828446615639,0.015122588424437255,strict,True,0.7922649572649573
HOLOUSDT,927598.3527,327.0854329976852,structure_mfe30_act075,0.9242857142857142,best_daily_stop_exit_validation_score,37,0.10504145884404292,0.002741088023178544,0.003123711340206171,0.7567567567567568,-0.02404122972157119,0.0422059199254925,9,0.06029090577708729,0.006564495143684056,0.003437735849056379,0.8888888888888888,10.85757561626818,0.010669693530079627,strict,True,0.786474358974359
BLUAIUSDT,466646.8693,285.1040904050926,structure_mfe30_act075,0.8160000000000001,best_daily_stop_exit_validation_score,35,0.15565918024153036,0.004259828116695195,0.004432242990654146,0.7142857142857143,-0.052865554246991464,0.09633986738411493,6,0.05410668226355031,0.008883954115775286,0.007687268896311328,0.8333333333333334,7.486600581065933,0.01360274771812231,strict,True,0.7846581196581196
1000XECUSDT,874311.9754,1574.4500626273148,structure_mfe30_act075,1.0,best_daily_stop_exit_validation_score,48,0.09292086762784812,0.0019021551967103735,0.0013336578560126941,0.6041666666666666,-0.03776998762881101,0.006062506032413095,12,0.08633495540746905,0.007039050854872238,0.004640335195561952,0.6666666666666666,4.155835725459202,0.017654150126758417,strict,True,0.7829487179487179
COOKIEUSDT,217842.618,574.2747964236111,structure_mfe30_act075,0.807,best_daily_stop_exit_validation_score,65,0.12558347574589135,0.001856577318960671,0.003650370496550593,0.7230769230769231,-0.05090850694354876,0.045129846353484826,21,0.07697955395027067,0.003562035470423674,0.0033149569667364496,0.8571428571428571,3.382011964495355,0.009728859630157682,strict,True,0.7781623931623931
EIGENUSDT,1295640.7789,728.4341251273148,structure_mfe30_act075,0.7574999999999998,best_daily_stop_exit_validation_score,54,0.22795851030452807,0.003867466476050019,0.004315445653310102,0.7037037037037037,-0.04148586595433201,0.17913258370462848,13,0.04140834311142294,0.00320183894944752,0.00375819370481001,0.6923076923076923,2.070720472445697,0.01708629709081322,strict,True,0.7676923076923077
KITEUSDT,659554.1633,279.0874353125,structure_mfe40_act100,0.8599999999999999,best_daily_stop_exit_validation_score,45,0.08952307417729832,0.00196996574949202,0.0038210372534696066,0.6666666666666666,-0.040122984524127214,0.02161510438290959,10,0.0664711881246185,0.00648387008840553,0.004402379006583802,0.9,28.064070092053566,0.011423912121897195,strict,True,0.7633547008547008
SHELLUSDT,137091.7685,533.2742871643519,structure_mfe50_act125,0.9383333333333332,best_daily_stop_exit_validation_score,38,0.2211036730456808,0.005347499286854285,0.004101510931946551,0.7631578947368421,-0.033436097672516096,0.15303652021764802,14,0.05903295484100046,0.004242726867285932,0.0020239815927580737,0.5714285714285714,2.244567740811023,0.006760503953486374,strict,True,0.7538247863247863
KERNELUSDT,168090.101,477.0842292939815,structure_mfe40_act100,0.822,best_daily_stop_exit_validation_score,66,0.11544322234072601,0.0016941868928523713,0.002695577572023989,0.6818181818181818,-0.029559748477793413,0.040106379458462627,23,0.0724318630960501,0.0030811666248885343,0.0025097048657271035,0.7391304347826086,2.5461967595820743,0.014132648354949984,strict,True,0.7536752136752135
VVVUSDT,4624704.5136,553.4006529050926,structure_mfe30_act075,0.89875,best_daily_stop_exit_validation_score,36,0.14447001036578455,0.004055385069077229,0.004266540680095022,0.6388888888888888,-0.059841497662624366,0.04537093454341856,15,0.0947980018840393,0.006614807396760303,0.0025485460818136527,0.6,2.5159052811357947,0.01553401383845987,strict,True,0.7456837606837607
SIRENUSDT,514645.8593,500.44999318287034,structure_mfe30_act075,1.0,best_daily_stop_exit_validation_score,44,0.18374435793079913,0.004263374555275118,0.006501887032264398,0.7045454545454546,-0.1117125447234455,0.09057488791698698,16,0.08543151969303797,0.005258426568094311,0.005330464853194995,0.75,2.44544418631944,0.01878644479829794,strict,True,0.7428205128205128
STGUSDT,144851.8879,1439.3410001273148,structure_mfe40_act100,0.8585714285714285,best_daily_stop_exit_validation_score,50,0.1319076242260917,0.00254937185826559,0.004140140848337471,0.66,-0.030975895957989663,0.06392497124110319,21,0.06389797666435548,0.003007319520131848,0.004278592375366653,0.7142857142857143,2.002033888106968,0.015943255027005998,strict,True,0.7402350427350427
PIEVERSEUSDT,2604209.986,263.02405568287037,structure_mfe30_act075,1.0,best_daily_stop_exit_validation_score,38,0.1056130386943408,0.0026836662548055104,0.004267635779941826,0.7631578947368421,-0.031140806912757557,0.06026333087887337,14,0.04277211754355026,0.0030142609407750676,0.003920846833501802,0.7857142857142857,3.178733266599275,0.01382102819780373,strict,True,0.7339957264957264
FILUSDT,4063004.164,1862.287284849537,structure_mfe30_act075,0.9666666666666667,best_daily_stop_exit_validation_score,61,0.10030505317681304,0.001605147019840004,0.0025541013200948157,0.7377049180327869,-0.04472000421738975,0.043585770536136215,17,0.05435037947243937,0.00313469920130604,0.0018034801822951483,0.8823529411764706,4.587746074831482,0.0043007526317104805,strict,True,0.7235470085470085
TRUTHUSDT,84317.0829,306.9960001273148,structure_mfe30_act075,0.858,best_daily_stop_exit_validation_score,47,0.11227391962517497,0.0023002917544376134,0.003765957446808633,0.723404255319149,-0.05854026503170884,0.04981396010072969,11,0.05949621732830823,0.005296924785961484,0.005343782498885897,0.8181818181818182,4.698916268101427,0.008083876016357294,strict,True,0.7230555555555556
VIRTUALUSDT,4199385.7197,641.2380834606481,structure_mfe40_act100,0.85,best_daily_stop_exit_validation_score,68,0.1359265610448206,0.0019444904831932791,0.0036858079577338785,0.6176470588235294,-0.0546876422072321,0.07734928242636596,23,0.05437166903432544,0.00234186692969882,0.0036024321796072076,0.6086956521739131,1.847226021147345,0.007123775601068472,strict,True,0.7134615384615384
BUSDT,465282.2214,438.33189133101854,structure_mfe30_act075,1.0,best_daily_stop_exit_validation_score,68,0.39678320578224713,0.005439623362859921,0.002981111256648795,0.6323529411764706,-0.069280999454015,0.33773524563107515,17,0.044140244001208195,0.0026712763379147194,0.004096983417977041,0.7058823529411765,1.5284048788598878,0.008346369826471411,strict,True,0.7050427350427351
ORDERUSDT,186715.7972,707.2127941087963,structure_mfe30_act075,0.9833333333333332,best_daily_stop_exit_validation_score,62,0.16689879399977658,0.0025249725442132555,0.0028315823320121955,0.7580645161290323,-0.03517825023211829,0.12637579570616198,18,0.03597644626961216,0.0019815719344245288,0.002374017071327451,0.7777777777777778,2.2886208639432386,0.011275772121326466,strict,True,0.7047435897435896
CGPTUSDT,143904.1189,571.1397501273149,structure_mfe50_act125,0.755,best_daily_stop_exit_validation_score,44,0.13057657256562138,0.002950696638014182,0.002039614365261789,0.5454545454545454,-0.05920472752058503,0.005326289265516371,16,0.12458669850523019,0.007622342875629413,0.002039614365261789,0.625,3.7391587382085434,0.008592927581143273,strict,True,0.6972222222222221
FLOCKUSDT,164765.3143,572.2212316087963,structure_mfe40_act100,0.9199999999999999,best_daily_stop_exit_validation_score,60,0.08582522921188973,0.00143287662107233,0.0033969431689182547,0.6166666666666667,-0.04352270427964733,0.022233302500271224,20,0.062208819215808564,0.0030594645549281707,0.0037876963687869534,0.7,2.1658765959385278,0.011687974462700867,strict,True,0.6958119658119658
FUSDT,122146.4816,606.1600626273148,structure_mfe30_act075,1.0,best_daily_stop_exit_validation_score,58,0.0960303013650099,0.0016171870846773064,0.0017617831702454465,0.6896551724137931,-0.05741651475691112,0.023747738090224457,20,0.07060583441153878,0.003440788117272947,0.0025803055161268693,0.8,3.592613099698831,0.00922186273277914,strict,True,0.6913461538461538
ETCUSDT,2484447.4654,1862.294923738426,structure_mfe50_act125,0.89,best_daily_stop_exit_validation_score,59,0.1052641359064228,0.001785526158926017,0.0013318790431772207,0.576271186440678,-0.05952057655896348,0.040281054282008455,17,0.06246685100812921,0.0036490084770383333,0.0023561943674302874,0.7058823529411765,3.132812836875428,0.009683666881859399,strict,True,0.6811752136752136
MAGICUSDT,121341.7485,1330.4930603125,structure_atr_trail_1.5,0.7857142857142856,best_daily_stop_exit_validation_score,58,0.19224652161517608,0.003137360608663071,5.695685253948122e-05,0.5,-0.05962486350181839,0.13728506843659982,11,0.048326892442305924,0.004356341801401805,0.002471597654423064,0.5454545454545454,3.3099237500376515,0.008298105526851396,strict,True,0.6764743589743589
MEGAUSDT,2488430.601,285.09750475694443,structure_mfe30_act075,0.8491666666666666,best_daily_stop_exit_validation_score,59,0.08880843519319215,0.0014835131578601886,0.004159410353102523,0.711864406779661,-0.06871318232651125,0.0404892327764006,17,0.0464389259347342,0.002704611896467829,0.004184021543985562,0.7647058823529411,2.239902446859057,0.01681513946762969,strict,True,0.675405982905983
ERAUSDT,3042091.7589,382.9321691087963,structure_mfe30_act075,0.8533333333333334,best_daily_stop_exit_validation_score,59,0.0927203647012258,0.0015865779449918255,0.0020261788487713215,0.6440677966101694,-0.033005880725210934,0.047675228509288736,16,0.0429953242819634,0.0028616948755749855,0.0015532133068141283,0.5625,1.5794251960681096,0.01512328301374588,strict,True,0.6744658119658119
AIXBTUSDT,427812.3614,592.2293334606481,structure_mfe30_act075,0.864,best_daily_stop_exit_validation_score,53,0.13236155129787108,0.00241662887674799,0.0031883352904992232,0.6981132075471698,-0.0662969022315627,0.08037077113364255,17,0.048123090288415105,0.002797579961226446,0.003080213903743246,0.8235294117647058,2.4587295701285306,0.010366537505266393,strict,True,0.668888888888889
BICOUSDT,15456703.6155,1706.1030603125,structure_mfe30_act075,0.8807142857142857,best_daily_stop_exit_validation_score,59,0.061534430251418026,0.0010648274226749516,0.003804198627371914,0.6610169491525424,-0.03826388570212469,0.025592935221739666,19,0.03504460083074501,0.001887966512637615,0.004150581793292197,0.7368421052631579,1.4688400588519321,0.01600430930905472,strict,True,0.6462606837606839
ACEUSDT,869390.3816,960.3049353125,structure_mfe40_act100,0.9116666666666666,best_daily_stop_exit_validation_score,65,0.10474978934758927,0.0015792546254755303,0.00278346222486603,0.7076923076923077,-0.03684891921649036,0.08021736304449245,13,0.02271063874955148,0.0017614552422789977,0.002934139589101049,0.8461538461538461,1.780376654111634,0.00520101208883883,strict,True,0.6260683760683761
METISUSDT,107659.2244,944.9606181828703,structure_mfe30_act075,1.0,best_daily_stop_exit_validation_score,51,0.06794500163150619,0.0013287353619343349,0.0027311222978975156,0.6666666666666666,-0.048470861821399924,0.026531590386637438,11,0.040343046071548594,0.00362690395597926,0.00261090641120132,0.8181818181818182,3.3964489824477253,0.009702766014406672,strict,True,0.6180982905982906
COTIUSDT,24402594.042,1706.1042177199074,structure_mfe30_act075,0.97,best_daily_stop_exit_validation_score,54,0.05832310354508419,0.0010839292695454766,0.002489173400027301,0.6666666666666666,-0.04463656024283624,0.01842445708662188,20,0.03917683455147891,0.0019523578050398677,0.0026639380413112654,0.65,1.8257197243951722,0.010524463788005756,strict,True,0.616965811965812
NOTUSDT,556043.0139,809.9356297569444,structure_mfe30_act075,1.0,best_daily_stop_exit_validation_score,71,0.1717386283125364,0.0022691080261115926,0.0028888888888888306,0.7323943661971831,-0.03904977723955394,0.14390264320479185,22,0.02433422570801813,0.0011116724660442166,0.001517289843812609,0.7272727272727273,1.5704985276179118,0.006266850959748327,strict,True,0.6086324786324786
NIGHTUSDT,524346.1564,238.15771309027778,structure_mfe50_act125,0.8050000000000002,best_daily_stop_exit_validation_score,50,0.13274958007484283,0.002594903802591304,0.0018777098372013698,0.64,-0.03276481037595935,0.10605549089367261,12,0.02413449361351816,0.0020700400285327647,0.0017234119472984153,0.6666666666666666,1.647566507029517,0.008421703084336096,strict,True,0.599423076923077
SAHARAUSDT,1422331.2943,410.1230140162037,structure_mfe40_act100,0.814,best_daily_stop_exit_validation_score,59,0.08302715919885362,0.0014054190802603127,0.003272997032640946,0.6610169491525424,-0.040923772391590285,0.050396725687631205,24,0.031064865981814682,0.001295375072882022,0.003283493858817433,0.7083333333333334,1.5911620325566251,0.012034446590070802,strict,True,0.5922008547008547
BIOUSDT,772287.7362,588.1762431828704,structure_mfe30_act075,1.0,best_daily_stop_exit_validation_score,70,0.130939540238165,0.0018431559282512167,0.002973611801593835,0.6571428571428571,-0.11592350011983166,0.08938113886998766,20,0.03814863309574679,0.0018948077160509617,0.0030663931042146384,0.8,1.9901449149136692,0.012136468318833193,strict,True,0.5900427350427352
XANUSDT,1095318.2615,309.1418103125,structure_mfe50_act125,1.0,best_daily_stop_exit_validation_score,51,0.043686681977819,0.000919873029755992,0.003868129159477652,0.5686274509803921,-0.09443624786433091,0.0005369904606924436,9,0.04312653298031366,0.004760441493076997,0.006645533398909166,0.6666666666666666,2.5400105244707007,0.010765550239234534,strict,True,0.5853632478632479
TOWNSUSDT,638460.2217,363.98289827546296,structure_mfe30_act075,0.7983333333333333,best_daily_stop_exit_validation_score,35,0.046876985063897036,0.0013498201729532965,0.0032735042735042583,0.7142857142857143,-0.06907428795242432,0.013166985045529378,7,0.03327190928635826,0.004713503577552133,0.003117647058823559,0.8571428571428571,4.456973890944642,0.016190985559391136,strict,True,0.5841452991452991
WAVESUSDT,265138.3651,1672.2742524421296,structure_mfe30_act075,0.9666666666666667,best_daily_stop_exit_validation_score,68,0.06701998742799398,0.000974924917983067,0.001999500499500596,0.6911764705882353,-0.030975785151605595,0.03482604155084057,20,0.031110490637543675,0.001545142873287842,0.002110426331444316,0.75,2.1249759720020363,0.005869218308817148,strict,True,0.5802136752136752
TNSRUSDT,218893.1158,847.2645533680555,structure_mfe40_act100,0.8839999999999999,best_daily_stop_exit_validation_score,50,0.11292660334650528,0.0021755504789810836,0.0031013163480799752,0.7,-0.028107053682561056,0.09410679831435487,9,0.01720106762991125,0.0019130325042446704,0.002556140928547835,0.7777777777777778,2.1673335957644357,0.011550932180491857,strict,True,0.5788675213675215
HUMAUSDT,614942.5404,435.04638207175924,structure_mfe30_act075,1.0,best_daily_stop_exit_validation_score,51,0.08094234551707946,0.001599064021326817,0.003627991433094225,0.6274509803921569,-0.039779306398745384,0.04384596418515985,20,0.035538175750746914,0.0018204989872327606,0.0021892553627024256,0.55,1.5597377357217481,0.009938686719855983,strict,True,0.5762179487179487
STABLEUSDT,876335.945,271.0542640162037,structure_mfe30_act075,0.9416666666666665,best_daily_stop_exit_validation_score,46,0.055543952395368246,0.001292403131758003,0.0019084703540104284,0.5652173913043478,-0.09857434151856348,0.0019841490464047595,9,0.05345374315545515,0.0059184382136791,0.002557662107757764,0.6666666666666666,3.6703451976101062,0.005014760317131772,strict,True,0.5705128205128205
TRUSTUSDT,396609.3016,263.07674086805554,structure_mfe40_act100,0.9049999999999999,best_daily_stop_exit_validation_score,45,0.06847848095684039,0.001532811775972334,0.001910413824465552,0.6,-0.0406341836401517,0.04755450500950942,6,0.01997411671399485,0.003338739559613224,0.004383764781795031,0.6666666666666666,2.475662991680382,0.011602219323695984,strict,True,0.5692094017094017
PLUMEUSDT,647217.5054,557.3081181828703,structure_mfe30_act075,0.8228571428571428,best_daily_stop_exit_validation_score,57,0.09327404623886015,0.001628310978559642,0.0036639629200462273,0.6842105263157895,-0.08525414073712445,0.06203553322312172,15,0.029413811533155032,0.0019729223151388436,0.00346271828513356,0.8,1.7151007602130952,0.019965644448199038,strict,True,0.5674358974358974
DRIFTUSDT,2491941.9838,805.1915904050926,structure_mfe40_act100,0.9333333333333333,best_daily_stop_exit_validation_score,64,0.18317902804556807,0.002866582906531379,0.0032471072330420023,0.5625,-0.09965446613858497,0.16007513910272486,11,0.019915855589072606,0.0019044723436403086,0.0056797642436149385,0.6363636363636364,1.371092078726363,0.010637402501501025,strict,True,0.5668376068376068
LIGHTUSDT,441350.2337,311.0366019791667,structure_mfe30_act075,0.7633333333333333,best_daily_stop_exit_validation_score,54,0.08342070316555539,0.00154968441762969,0.00423947581548434,0.7037037037037037,-0.055826354230849806,0.06597528899512439,7,0.016365683473653858,0.0023674666565980545,0.004343511450381699,0.7142857142857143,1.7380985757051315,0.03305520411268259,strict,True,0.5648290598290598
OGUSDT,36155.1019,1072.2421806828704,structure_mfe30_act075,1.0,best_daily_stop_exit_validation_score,39,0.04091906084381236,0.001049777049979787,0.0015847599865727044,0.6923076923076923,-0.018846557567074762,0.013551213280825314,9,0.027001938534904735,0.002996912175688599,0.003507042253521165,0.7777777777777778,2.6957859901107537,0.011285067154096717,strict,True,0.5641239316239316
COREUSDT,2960759.121,1272.2801783680557,structure_mfe30_act075,1.0,best_daily_stop_exit_validation_score,72,0.0708074894163706,0.001009993361410848,0.002864033857105542,0.7083333333333334,-0.1002274217757797,0.035773626038581474,18,0.03382386121548531,0.0018695000532413,0.0028302673736921866,0.8888888888888888,2.221757674336916,0.007250434834095043,strict,True,0.5606837606837606
EDUUSDT,60552.0665,1187.2591135532407,structure_mfe50_act125,0.9025,best_daily_stop_exit_validation_score,60,0.24167964613212867,0.0037464178436770763,0.003908939307903815,0.7,-0.04692757988831964,0.23143389996709307,6,0.008320175500535987,0.0014350240590335444,0.005632659195844547,0.6666666666666666,1.3492165213557359,0.014360561041746434,strict,True,0.5606410256410256
GPSUSDT,844483.0682,532.2451204976852,structure_mfe30_act075,0.7674999999999998,best_daily_stop_exit_validation_score,46,0.05699502761888531,0.0012887309396808874,0.003712986199450375,0.6739130434782609,-0.07294590987052951,0.030977835512046914,8,0.025235452412919024,0.0031887829919328564,0.006176349639925528,0.75,1.8312996915708848,0.011164700793829141,strict,True,0.5586324786324786
FORMUSDT,222867.7766,503.17539827546295,structure_mfe30_act075,0.9325,best_daily_stop_exit_validation_score,41,0.06448474640908453,0.0015589964570043894,0.0035355623701652803,0.7073170731707317,-0.039625471598447426,0.04525166079562326,8,0.018400435354315903,0.002299646441257159,0.004135056352068568,0.75,2.2853492285616825,0.006533512857065049,strict,True,0.5567521367521369
ZECUSDT,52131509.4141,1714.5893681828704,structure_mfe30_act075,1.0,best_daily_stop_exit_validation_score,59,0.06581153117645511,0.0011428711908075704,0.0036202677989615193,0.711864406779661,-0.04467574440645272,0.0446973727205866,17,0.020210789274680785,0.0012050924246393001,0.0036202677989615193,0.7647058823529411,1.4594120092379375,0.007991982858748248,strict,True,0.5563034188034188
MMTUSDT,6785435.8028,281.1988242013889,structure_mfe30_act075,1.0,best_daily_stop_exit_validation_score,42,0.0454058549957419,0.0010913386966954423,0.0028166098878016363,0.6666666666666666,-0.06260735342291168,0.023499665154148364,6,0.021403221307643827,0.003557481539487355,0.004722128982232455,0.8333333333333334,3.235610733925953,0.013243137783572667,strict,True,0.5539102564102565
APTUSDT,5621852.5473,1385.940386701389,structure_mfe40_act100,0.925,best_daily_stop_exit_validation_score,78,0.04999107799807989,0.0006924415995913091,0.0025320678889970702,0.6025641025641025,-0.05676070999226934,0.013717943158632728,21,0.03578227561645386,0.0017611027226099914,0.0024749034749033125,0.5714285714285714,1.4950774205929231,0.009188959057688129,strict,True,0.5507692307692307
ENSUSDT,547213.1896,1726.5893681828704,structure_mfe30_act075,1.0,best_daily_stop_exit_validation_score,60,0.11753377708896107,0.0018804323236215783,0.0028395291870778614,0.7166666666666667,-0.028051377785829223,0.10287174572225699,12,0.01329441199629433,0.0011233271752540133,0.0016107346719540514,0.6666666666666666,1.5139655670903396,0.013301671882490096,strict,True,0.5458547008547009
ARCUSDT,772405.7605,578.2447154050926,structure_mfe40_act100,0.8725,best_daily_stop_exit_validation_score,50,0.1258814424872201,0.002747665930930534,0.002847939774300757,0.62,-0.11624615650371384,0.08998357604143381,15,0.032934318676763,0.002303115772492877,0.0025598248340158456,0.6,1.5447857380709833,0.008455834058985978,strict,True,0.5402777777777777
IMXUSDT,1323749.1643,1714.5893681828704,structure_mfe30_act075,0.8466666666666667,best_daily_stop_exit_validation_score,53,0.10889216131459523,0.0019961604515651016,0.0025495554823838926,0.6981132075471698,-0.03768177012208085,0.08958009460976024,19,0.017724320405974048,0.0009370495190708277,0.0025067437379574517,0.7894736842105263,1.5754724669220912,0.011328290004224195,strict,True,0.5346153846153846
AZTECUSDT,133613.56,173.2784191087963,structure_mfe30_act075,1.0,best_daily_stop_exit_validation_score,44,0.06290202043815252,0.001457879688519459,0.0024602725586059257,0.5909090909090909,-0.07528535973328121,0.015841979855975907,14,0.04632614276173985,0.003290401808130085,0.0024602725586059257,0.7142857142857143,3.223174265652282,0.011957335350913145,strict,True,0.5299999999999999
MEWUSDT,134739.5356,833.2034769791667,structure_mfe30_act075,1.0,best_daily_stop_exit_validation_score,67,0.04601487864521747,0.0006974743884096273,0.0029548022598869803,0.746268656716418,-0.03589312526637711,0.021468564252484335,22,0.024030415865706756,0.0010926999811102088,0.0030011381962855585,0.8181818181818182,1.7021745494861926,0.009460178607372138,strict,True,0.5292307692307692
JASMYUSDT,1152647.8978,1658.3138820717593,structure_mfe30_act075,0.8928571428571428,best_daily_stop_exit_validation_score,57,0.04138810350460287,0.0007382414380409842,0.002724265556326767,0.631578947368421,-0.07004417885221492,0.0037972641058672263,17,0.0374486370335152,0.002179861827241699,0.002724265556326767,0.8235294117647058,2.593879231526291,0.010347767970316335,strict,True,0.5288461538461539
AGIUSDT,88174.1314,991.2367755902778,structure_mfe30_act075,0.95,best_daily_stop_exit_validation_score,58,0.03500933113546956,0.0006331404436638353,0.0026776054521013845,0.7241379310344828,-0.059799354934526594,0.0010250932068902596,16,0.03394943659175098,0.0021076723297426755,0.0026229665176629178,0.8125,2.2824281733481215,0.016852846834451318,strict,True,0.5280982905982906
STXUSDT,974446.0799,1708.2562316087963,structure_mfe40_act100,1.0,best_daily_stop_exit_validation_score,64,0.033289312522968295,0.000554146235806618,0.002115029585676221,0.640625,-0.04443644017789061,0.001842543786293449,22,0.03138893325275216,0.0014309361021496666,0.002665263179106315,0.6818181818181818,1.6430539695781308,0.008000983684022467,strict,True,0.5249572649572649
1000000MOGUSDT,413816.9416,809.9341251273148,structure_time_staged_mfe,0.756,best_daily_stop_exit_validation_score,61,0.06329640037577855,0.0010319939063888164,0.0024573848185843747,0.7213114754098361,-0.0341401035332648,0.04138249165236352,16,0.021043093098909393,0.0013196491838791062,0.0015046215470335697,0.6875,1.7633971734559104,0.007144490091404387,strict,True,0.5240170940170941
WIFUSDT,9840590.2049,936.1923311458334,structure_mfe30_act075,0.9150000000000001,best_daily_stop_exit_validation_score,71,0.1470856698147398,0.001976558405882349,0.002867878192534535,0.7183098591549296,-0.05495711133893033,0.13435436761964992,20,0.011223390642737252,0.0005828389241631763,0.0028872308506459063,0.7,1.2088383529679163,0.0111871003475702,strict,True,0.5194017094017094
MAVIAUSDT,140645.5341,909.2057339236111,structure_mfe30_act075,1.0,best_daily_stop_exit_validation_score,56,0.056246508955950514,0.0010305639176393401,0.0029299193923301168,0.6428571428571429,-0.07548875319165493,0.02309443122845667,8,0.032403731968013494,0.004144510680942903,0.0013317339697913608,0.625,2.3921223538630914,0.00978869021769524,strict,True,0.5164529914529914
MONUSDT,2441874.2062,253.00735429398148,structure_mfe50_act125,0.8450000000000001,best_daily_stop_exit_validation_score,65,0.118413968294242,0.0018993410413193452,0.0032502951593861304,0.6153846153846154,-0.10087000384447475,0.08366398242783846,21,0.032067122678147264,0.0015795432831428144,0.001733550738538204,0.6190476190476191,1.546008414557388,0.013961561040353176,strict,True,0.5161111111111112
1000NEIROCTOUSDT,214328.4919,687.1816829976851,structure_mfe30_act075,0.8699999999999999,best_daily_stop_exit_validation_score,59,0.14921131737925508,0.0024073833252405696,0.0028174735670561954,0.6949152542372882,-0.06207061992392371,0.12611490141396153,16,0.020509821809740814,0.0012860731277273556,0.0018281051085360387,0.6875,1.749317829528334,0.01187289052412066,strict,True,0.5139957264957266
CHRUSDT,80388.5218,1720.5893681828704,structure_mfe30_act075,0.9239999999999999,best_daily_stop_exit_validation_score,55,0.0661409448644592,0.0012173966984810659,0.0033902439024390283,0.7090909090909091,-0.06702306159314397,0.03690992370229895,16,0.028190511532371287,0.0017554351331621485,0.0031530782250509546,0.875,2.121776067380356,0.008586889077806914,strict,True,0.5126709401709402
ATOMUSDT,13846452.0812,1758.5893681828704,structure_mfe30_act075,1.0,best_daily_stop_exit_validation_score,68,0.07499237962870886,0.0010862447423660836,0.001447515061161254,0.75,-0.04571723107855674,0.0532892812915533,27,0.02060506901821113,0.0007586742571968741,0.0013029286543669869,0.8518518518518519,2.1011699896878007,0.007363342885124524,strict,True,0.5114529914529915
1000PEPEUSDT,42574176.3528,1189.1695649421297,structure_mfe30_act075,1.0,best_daily_stop_exit_validation_score,58,0.0729477880902043,0.0012517833027720744,0.0027234042553191404,0.7241379310344828,-0.04561117259587444,0.06216610886918472,7,0.010150652643678981,0.0014718423567517962,0.0023248081841432686,0.7142857142857143,1.5772543656814795,0.014165543862204588,strict,True,0.5110470085470086
ESPUSDT,1864385.9293,175.1936968865741,structure_mfe30_act075,1.0,best_daily_stop_exit_validation_score,50,0.07197738209200955,0.0014230647427744387,0.002195208014330597,0.66,-0.041587048426532824,0.05412183421890493,10,0.016938789515099195,0.0016958345905006562,0.002195208014330597,0.7,2.0117721805550293,0.011632432562594608,strict,True,0.5080982905982906
FLRUSDT,772428.7122,1237.257099664352,structure_time_staged_mfe,0.7741666666666667,best_daily_stop_exit_validation_score,81,0.05766079737356966,0.0007126322358335176,0.0011563640384829607,0.6296296296296297,-0.030340979624903675,0.03364062318815253,23,0.023238419278965416,0.0010180663291496535,0.001927580893682613,0.6086956521739131,1.5333884745709996,0.0037802051752255927,strict,True,0.503974358974359
XMRUSDT,6480359.5656,1686.452620497685,structure_mfe50_act125,0.8816666666666666,best_daily_stop_exit_validation_score,36,0.026702593536278574,0.0008139079129850733,0.002446768490844798,0.6111111111111112,-0.0629351968108155,0.0029456408741812545,7,0.02368717874020554,0.0033930837890469817,0.003741698010094053,0.7142857142857143,2.4216506003755836,0.007393121182899254,strict,True,0.5033333333333334
ARBUSDT,9207233.4269,1230.1951552199075,structure_mfe40_act100,0.9416666666666667,best_daily_stop_exit_validation_score,66,0.08449231051303663,0.001279880937897678,0.003113339525209092,0.6363636363636364,-0.0760642122534455,0.06090944956644262,18,0.02222891025829865,0.001239857575397235,0.0030328854315164753,0.7222222222222222,1.5858019118466962,0.008286233549471445,strict,True,0.5024358974358976
KAIAUSDT,770643.9708,641.2389746643519,structure_mfe30_act075,1.0,best_daily_stop_exit_validation_score,66,0.029950068633837645,0.00046795705210069476,0.0014899956114577959,0.696969696969697,-0.046151734374382136,0.003991461237300653,16,0.02585540654354368,0.0016110049284383677,0.0014127146083492423,0.8125,2.1949285983282567,0.011244106562155354,strict,True,0.4985470085470085
CLANKERUSDT,113953.5001,463.16147466435183,structure_mfe30_act075,1.0,best_daily_stop_exit_validation_score,73,0.06475040346776217,0.0008936348174746672,0.002985253628260743,0.7397260273972602,-0.05041080418062471,0.04724493737679536,15,0.016715732362302615,0.0011382622019197194,0.0034751777676299564,0.8,1.4321191455023876,0.010151399974660968,strict,True,0.49777777777777776
SOMIUSDT,284386.9347,335.9789399421296,structure_mfe30_act075,1.0,best_daily_stop_exit_validation_score,67,0.044904044457450665,0.0006929937326811357,0.0024017278617710644,0.6716417910447762,-0.06879300850688486,0.012757982019337533,20,0.03174110992837309,0.0016018196369887053,0.0025145486321990216,0.7,1.6313700976742644,0.009450088554204927,strict,True,0.4925641025641026
RAREUSDT,54617.396,981.3059885532407,structure_mfe30_act075,0.8574999999999999,best_daily_stop_exit_validation_score,53,0.06054525819947476,0.0011386326024112072,0.0021602708803610824,0.6415094339622641,-0.04727485520229768,0.03590868247319312,13,0.023782574799414258,0.0018234784328894622,0.0022935641068727594,0.7692307692307693,2.2938510127033434,0.007900149306963478,strict,True,0.4885470085470085
ROSEUSDT,769942.2158,1663.3366945717592,structure_mfe30_act075,1.0,best_daily_stop_exit_validation_score,77,0.1252419337266646,0.0015770498238739186,0.003194487245334777,0.6883116883116883,-0.05467596409436959,0.10899493687579076,20,0.014650199302662648,0.0007664115542820041,0.0017030698318226687,0.6,1.2276075728576148,0.009654076772752984,strict,True,0.4879914529914529
10000SATSUSDT,485167.5212,992.1854908680556,structure_mfe30_act075,0.9716666666666666,best_daily_stop_exit_validation_score,50,0.04600987893853814,0.0009312295503922655,0.0028520298746582693,0.68,-0.03528168936682108,0.024561787532333845,14,0.0209339169849998,0.001496123073971623,0.002024536423105073,0.7142857142857143,1.8274743607457546,0.008821757955278398,strict,True,0.4878418803418804
MAGMAUSDT,257859.2311,221.29292142361112,structure_mfe30_act075,1.0,best_daily_stop_exit_validation_score,34,0.039483962616035484,0.0012145665765678608,0.0037679219649924276,0.5882352941176471,-0.05040557384920841,0.015330116174187447,10,0.023789155917939953,0.0024155010368178244,0.003345000771051266,0.7,1.7126390579530943,0.023344659305270188,strict,True,0.48732905982905983
RAYDIUMUSDT,127984.0281,791.2060464236112,structure_mfe30_act075,0.975,best_daily_stop_exit_validation_score,38,0.03460062940929487,0.0009357153527732503,0.002365443255024525,0.631578947368421,-0.03224932355603782,0.004988848998035644,14,0.029464785047895514,0.002108395038088232,0.0018997156975563154,0.6428571428571429,1.8815590421254447,0.008033555677523174,strict,True,0.4865170940170941
KNCUSDT,85573.5768,1667.2695302199074,structure_mfe30_act075,0.8299999999999998,best_daily_stop_exit_validation_score,44,0.058312613136999314,0.0013096544329805316,0.0024464900874618953,0.7045454545454546,-0.03888419882777516,0.035633106238692536,14,0.021899171397365302,0.0015640349630910834,0.0021044164329691037,0.7142857142857143,1.9584967062520462,0.0072043985322521875,strict,True,0.48457264957264956
SOSOUSDT,208372.6326,404.1254908680556,structure_mfe30_act075,0.8,best_daily_stop_exit_validation_score,41,0.04580838490449435,0.001165801453456556,0.0017213822894167627,0.6341463414634146,-0.047051746053476506,0.023558996566754198,9,0.021737279836697265,0.0024133206196340264,0.0021089853091901265,0.6666666666666666,2.3306519547786273,0.009295202820613024,strict,True,0.47884615384615387
NEWTUSDT,104936.5869,410.26638207175927,structure_mfe30_act075,0.834,best_daily_stop_exit_validation_score,53,0.06344707286218565,0.0012034653033404727,0.0025757211538460787,0.660377358490566,-0.03850936421416318,0.03650478287777181,20,0.025993406330080404,0.001349613023541907,0.0010837894351423136,0.6,1.432047026293936,0.008590327357128613,strict,True,0.47807692307692307
EDGEUSDT,1266817.0647,137.4382802199074,structure_mfe30_act075,1.0,best_daily_stop_exit_validation_score,37,0.03662521033687982,0.00108534621056025,0.004371301901270442,0.6756756756756757,-0.06823573794989513,0.014499956196711183,12,0.02180902424393838,0.0018477813034338455,0.0050527092868744026,0.75,1.530794452780971,0.026818893309414005,strict,True,0.4766025641025641
1000TURBOUSDT,238979.1135,887.1224816087963,structure_mfe40_act100,0.87625,best_daily_stop_exit_validation_score,55,0.0894366204118826,0.0016069365776625463,0.0023991325130566796,0.6545454545454545,-0.0592671400135234,0.064828568141728,19,0.023109872336632975,0.0012262545451433456,0.0019126213592232108,0.7368421052631579,1.5908872879725309,0.0055095781231515595,strict,True,0.4740811965811966
ONDOUSDT,32209747.0856,925.151960775463,structure_mfe30_act075,0.9666666666666667,best_daily_stop_exit_validation_score,47,0.06040307243745602,0.001286866594867105,0.0024785932721712598,0.6382978723404256,-0.04730765576841678,0.045208817028286497,12,0.014537052464185019,0.0012247605364139606,0.0027658453559276106,0.6666666666666666,1.492680719611876,0.012176447957791159,strict,True,0.4620299145299146
MORPHOUSDT,1530589.909,620.2310464236111,structure_mfe30_act075,1.0,best_daily_stop_exit_validation_score,46,0.03007126184426534,0.000682874433752025,0.0024280051387587384,0.6521739130434783,-0.06479656945064993,0.0008833337427072152,18,0.029162168174398984,0.0016249910952811858,0.0025082156819623566,0.7222222222222222,1.7461703937372495,0.01596282010672856,strict,True,0.4556837606837607
SUPERUSDT,165707.4915,985.3279561458334,structure_mfe40_act100,0.8050000000000002,best_daily_stop_exit_validation_score,67,0.041142141091667916,0.0006294033788928016,0.0014722321748478215,0.6119402985074627,-0.05888178519757081,0.007913922874362767,25,0.03296731740994718,0.0013189599382472579,0.0017691242644514169,0.68,1.6840409179418236,0.009789902100979075,strict,True,0.45504273504273507
BCHUSDT,8005247.032,3137.58936818287,structure_mfe30_act075,1.0,best_daily_stop_exit_validation_score,62,0.041876159558733805,0.0006830101576061025,0.0018992431755939796,0.6774193548387096,-0.06385860399110121,0.022207263826043988,14,0.019241592609184233,0.0013746544105999107,0.002067387564826385,0.7857142857142857,1.9247022716714581,0.01130487442669803,strict,True,0.45393162393162395
RONINUSDT,19153.2398,537.2899121643519,structure_mfe30_act075,1.0,best_daily_stop_exit_validation_score,38,0.10335565276485026,0.0026160971205751366,0.002761292305399788,0.7894736842105263,-0.02183898710966581,0.09369260116146605,7,0.00883525370211169,0.0012621033914370962,0.0014920367247518449,0.8571428571428571,2.7124568643970246,0.0041295769477838196,strict,True,0.45053418803418804
TAOUSDT,13372272.3457,917.2620417939814,structure_mfe30_act075,0.9400000000000001,best_daily_stop_exit_validation_score,59,0.06964895595884912,0.0011790600631965142,0.0033032786885246477,0.711864406779661,-0.03538022609780944,0.05782557873696392,26,0.011177057408652935,0.000452087238220946,0.0016019649794526422,0.6923076923076923,1.1704586268774082,0.013932977123391255,strict,True,0.45044871794871794
BABYUSDT,1069215.7454,488.1903519791667,structure_mfe30_act075,0.8550000000000001,best_daily_stop_exit_validation_score,48,0.040491636894486316,0.0008740325028798622,0.0028275847127133833,0.6041666666666666,-0.03488541343737028,0.021457927793766984,20,0.018633864971639325,0.0009629280902207826,0.002625513486604559,0.6,1.278648059685048,0.007164291021924063,strict,True,0.43735042735042734
AVAXUSDT,35714002.5111,1784.5893681828704,structure_time_staged_mfe,0.8074999999999999,best_daily_stop_exit_validation_score,57,0.028237092921112872,0.0005413542302516929,0.0014271844660193054,0.543859649122807,-0.09943877026765058,0.004589723018491698,12,0.023539330893778576,0.001967026267309722,0.0029451553263759598,0.5833333333333334,1.794447012830679,0.012340619045784318,strict,True,0.4329487179487179
NAORISUSDT,207391.7038,369.0795302199074,structure_time_staged_mfe,0.7762500000000002,best_daily_stop_exit_validation_score,55,0.15538995677903,0.002909510217630557,0.005483937518420246,0.7272727272727273,-0.11027068018258024,0.14382765935954578,15,0.010108426146958172,0.0007430918999568197,0.003681100058513854,0.6666666666666666,1.1673273411013219,0.01923755735968946,strict,True,0.432457264957265
MITOUSDT,87276.2737,340.163222349537,structure_mfe30_act075,1.0,best_daily_stop_exit_validation_score,46,0.034361188356111017,0.0007986473154793674,0.002451566373642745,0.6521739130434783,-0.10485154306162037,0.0020271015828441374,12,0.03226867489131835,0.002686468608879731,0.002378693681154288,0.75,2.225805716100267,0.013618756221382422,strict,True,0.4276068376068376
REZUSDT,115717.0178,818.2606992013889,structure_mfe50_act125,0.915,best_daily_stop_exit_validation_score,45,0.08676764516907487,0.0019200554173990482,0.0026426987646500652,0.5777777777777777,-0.062361010693924634,0.06641834733735519,11,0.019081908973648032,0.001793894902868813,0.0019838022165387112,0.5454545454545454,1.472979490395182,0.005442776886136702,strict,True,0.426517094017094
RUNEUSDT,232809.6825,1709.5893681828704,structure_mfe30_act075,0.942,best_daily_stop_exit_validation_score,36,0.06382520173010486,0.0017642803591613684,0.0016438393944004934,0.6666666666666666,-0.04798222080805081,0.0503855701839786,8,0.012794950661567661,0.0015972037829916359,0.001523453569457712,0.875,3.016603910460898,0.004554611766049099,strict,True,0.419059829059829
FARTCOINUSDT,16193975.2692,592.2300279050926,structure_mfe30_act075,1.0,best_daily_stop_exit_validation_score,78,0.04010251803518816,0.0005656457179917123,0.003991227558808209,0.6538461538461539,-0.10133522495011038,0.02600309790344979,12,0.013742083391901527,0.0011900843513084627,0.004691894808076969,0.6666666666666666,1.2905366624458818,0.01251303267574988,strict,True,0.4151282051282052
INITUSDT,121277.9243,477.2734769791667,structure_mfe30_act075,0.85,best_daily_stop_exit_validation_score,36,0.11444034096830324,0.0030409242451549215,0.003720575098911217,0.7777777777777778,-0.025017848703824508,0.10961965539076246,7,0.0043444486172541374,0.0006401410803753561,0.001589715131335657,0.7142857142857143,1.2622346962910378,0.01054242475769418,strict,True,0.4114957264957265
SNTUSDT,190535.4055,1006.2364283680555,structure_mfe40_act100,0.8866666666666667,best_daily_stop_exit_validation_score,56,0.03723961396223552,0.0007015544678062078,0.001304303253331974,0.5714285714285714,-0.060118595674028996,0.016445021241696,14,0.020458157879643002,0.001490446358675893,0.002770081857253693,0.6428571428571429,1.46814715732278,0.009126351019499213,strict,True,0.41102564102564104
4USDT,340693.2062,300.07170614583333,structure_mfe40_act100,0.9625,best_daily_stop_exit_validation_score,69,0.3586641029330939,0.0050952518906430535,0.0036239210850802514,0.5942028985507246,-0.07836762995618585,0.3471804745722571,13,0.008524194476974722,0.0006898106050900086,0.0016098901098901006,0.5384615384615384,1.2083331349184747,0.008893531660939535,strict,True,0.40846153846153843
MOODENGUSDT,523137.3315,672.2983265162037,structure_mfe30_act075,1.0,best_daily_stop_exit_validation_score,61,0.023448176549770938,0.000419012480619751,0.003158415841584162,0.6721311475409836,-0.06619767969033319,0.010120894695620386,12,0.013193749306776636,0.0011244074951436793,0.003123244445492391,0.6666666666666666,1.3804775575947787,0.014696151301987426,strict,True,0.39952991452991454
SKRUSDT,2098924.1545,196.15201864583332,structure_mfe30_act075,1.0,best_daily_stop_exit_validation_score,51,0.0132107798465384,0.00029720463990425607,0.0017993001749562207,0.6078431372549019,-0.042639379127675126,7.090827496503138e-05,8,0.013138939912009207,0.001683623457692338,0.001534098421459685,0.625,1.584265322311551,0.018952916977616252,strict,True,0.3967735042735043
KSMUSDT,619431.3959,1757.5893681828704,structure_mfe30_act075,0.9349999999999999,best_daily_stop_exit_validation_score,59,0.04986374636272273,0.0008544448745874389,0.0017860696517412187,0.6440677966101694,-0.037127309394285546,0.03965255954251856,21,0.009821730083267477,0.00048477138356180775,0.0013033892727870597,0.6190476190476191,1.226670301511623,0.010392353158342083,strict,True,0.3780128205128205
CYBERUSDT,103633.5784,1084.8206760532407,structure_mfe30_act075,1.0,best_daily_stop_exit_validation_score,57,0.05454364373799758,0.0009606413227576797,0.0015552626242142384,0.5614035087719298,-0.05252404913736153,0.034067252704055306,18,0.019801798171634077,0.001111324233691955,0.0007823837368838857,0.6111111111111112,1.5400712590725973,0.007466605064971987,strict,True,0.3752136752136752
SSVUSDT,205888.3513,1252.2783728125,structure_mfe30_act075,1.0,best_daily_stop_exit_validation_score,36,0.01618318234429794,0.0005018351766999356,0.002755587780074232,0.6111111111111112,-0.04979746876789237,0.006764846436295047,5,0.009355050428450529,0.0018791121121924722,0.0030756914119359777,0.8,2.258211040266604,0.01333992094861669,strict,True,0.3707692307692308
MINAUSDT,170351.3513,1581.295236238426,structure_mfe40_act100,0.8250000000000001,best_daily_stop_exit_validation_score,62,0.03403331668315612,0.0005777549130627995,0.002155809646231078,0.6290322580645161,-0.04367947228010616,0.020577023129756622,19,0.013184985795715809,0.0007107593826524212,0.0018790786948176272,0.6842105263157895,1.287030665375587,0.006498841945623335,strict,True,0.36944444444444446
YGGUSDT,120135.0084,1715.5893681828704,structure_mfe30_act075,0.8075,best_daily_stop_exit_validation_score,61,0.031819112591709775,0.0005563377817924974,0.0027150837988826346,0.6721311475409836,-0.05748124699456081,0.021447550265205395,18,0.010153788438585165,0.0005928712907683431,0.0038249878907514754,0.7222222222222222,1.1941975137429943,0.00897276991210838,strict,True,0.36905982905982904
STORJUSDT,679152.789,1716.5893681828704,structure_mfe30_act075,1.0,best_daily_stop_exit_validation_score,66,0.07348042296579393,0.0011043848037132313,0.0021565112421807484,0.6818181818181818,-0.039655838857275305,0.06961794789765663,22,0.0036110791481480664,0.00018692842884989578,0.001337368838978504,0.6363636363636364,1.0668299578834373,0.020764468476094256,strict,True,0.3671367521367522
SENTUSDT,759879.4558,262.29089596064813,structure_mfe30_act075,1.0,best_daily_stop_exit_validation_score,58,0.04325463788278716,0.0007535891873382056,0.0019276471384658276,0.6896551724137931,-0.05275093320572677,0.03384796593097228,15,0.009098699481740802,0.0006232830935775836,0.0019418761398778414,0.6666666666666666,1.2718513125046267,0.00835852747643595,strict,True,0.36566239316239313
KGENUSDT,803473.5716,300.95196077546296,structure_mfe30_act075,1.0,best_daily_stop_exit_validation_score,44,0.08340769146394544,0.001912522451822625,0.003306690992492812,0.6363636363636364,-0.04715063658089358,0.08001701131567707,14,0.0031394692053396955,0.000262370111667949,0.0032835882304451678,0.7142857142857143,1.0713113545283406,0.009703842942057839,strict,True,0.36324786324786323
DUSKUSDT,95225.8181,1691.8911042939815,structure_mfe30_act075,1.0,best_daily_stop_exit_validation_score,55,0.04703217886319089,0.0008897382937434463,0.00304411764705892,0.6727272727272727,-0.06325339759473236,0.03300169001535069,24,0.01358225159111992,0.000593487840336656,0.002772100795216171,0.6666666666666666,1.1860254213634842,0.014476924658636259,strict,True,0.36279914529914525
BATUSDT,218883.3333,1714.5893681828704,structure_mfe30_act075,1.0,best_daily_stop_exit_validation_score,51,0.018151254666606498,0.0003722801379922874,0.0017513446421181253,0.6666666666666666,-0.05764507303794941,0.0006125716460829711,16,0.017527945897852337,0.0011010882677939125,0.0019331606734606108,0.625,1.6244700215693957,0.005936745528961951,strict,True,0.360534188034188
ALGOUSDT,10373638.532,1776.5893681828704,structure_mfe40_act100,0.8742857142857142,best_daily_stop_exit_validation_score,64,0.02363403268521247,0.0004095198055333112,0.0017864960736525557,0.5625,-0.07014748719938935,0.00727780963732827,17,0.01623804564281328,0.0009595274253252813,0.0021675269826372254,0.7058823529411765,1.5782253403641373,0.008676624424090784,strict,True,0.3579059829059829
GUNUSDT,215278.3695,491.03926401620373,structure_mfe30_act075,1.0,best_daily_stop_exit_validation_score,82,0.047810059945658345,0.0006270832940616949,0.0032813943236279517,0.6341463414634146,-0.10324873634775156,0.03108497761514628,24,0.0162208573431033,0.0006946977217343431,0.0030237381596279764,0.7083333333333334,1.2654919126967314,0.009370343070511766,strict,True,0.35213675213675216
TAUSDT,180175.0278,379.2060464236111,structure_mfe30_act075,1.0,best_daily_stop_exit_validation_score,55,0.04546187454184447,0.0008852612920783784,0.003309421841541816,0.6363636363636364,-0.06597708334182217,0.030230808880262083,18,0.014784129469139318,0.0008525336903460161,0.0015228241223941294,0.5555555555555556,1.3031699625630546,0.015227641918155177,strict,True,0.3426282051282052
BLURUSDT,451520.3159,1266.4830371643518,structure_mfe40_act100,0.91375,best_daily_stop_exit_validation_score,73,0.034860505008047715,0.0005514080501167768,0.0015783389108609,0.589041095890411,-0.05117607696959703,0.02443106185610122,21,0.010180717415040563,0.000498189775538907,0.0019956641702799658,0.6666666666666666,1.2195461865196577,0.015326838681488208,strict,True,0.33905982905982907
SOPHUSDT,204597.3014,433.0444260532407,structure_mfe40_act100,0.95,best_daily_stop_exit_validation_score,69,0.07554548422527807,0.0011177483422938792,0.0017653037107067124,0.6376811594202898,-0.06086648796385885,0.0659851597175789,21,0.008968534337037593,0.0004424196792895969,0.0011790215765862264,0.6190476190476191,1.1844184447972883,0.005896870132457321,strict,True,0.33611111111111114
SQDUSDT,716432.1058,419.11477327546294,structure_mfe30_act075,1.0,best_daily_stop_exit_validation_score,58,0.016609082340019565,0.00033245073577755534,0.002460535152199018,0.5689655172413793,-0.05650429988467731,0.0037720574135573504,20,0.012788784895586991,0.000713408787429598,0.0024271598413250226,0.6,1.1771486459313458,0.016866536876106397,strict,True,0.33463675213675215
VANAUSDT,1659063.171,596.1006876273149,structure_mfe30_act075,0.975,best_daily_stop_exit_validation_score,55,0.00961400059693962,0.0002093763926602183,0.0027209302325580395,0.6545454545454545,-0.05482423425784,0.0016973000770399427,11,0.007903286271502497,0.0007257913675722674,0.00266964592643515,0.7272727272727273,1.4281978433019744,0.010225371703539432,strict,True,0.33429487179487183
AWEUSDT,210856.6832,439.2075626273148,structure_mfe30_act075,1.0,best_daily_stop_exit_validation_score,41,0.011664273044316387,0.0003072786901860515,0.0015988490811212905,0.6829268292682927,-0.029766930279068293,0.002827370143189567,9,0.008811988148932137,0.0010403145414403672,0.0011299445140503525,0.6666666666666666,1.2910559234046748,0.015203092594713308,strict,True,0.33384615384615385
AUSDT,429062.3849,433.2421228125,structure_mfe40_act100,0.9416666666666667,best_daily_stop_exit_validation_score,59,0.045600531879831596,0.0007917920121971477,0.0025237586759209183,0.6440677966101694,-0.049463235224668556,0.03959365347256605,22,0.005778102229847981,0.00029011633682353097,0.002230884031520609,0.5909090909090909,1.0927626763016296,0.013727153696787453,strict,True,0.32963675213675214
BBUSDT,151065.2302,812.1025626273148,structure_atr_trail_1.5,0.8900000000000001,best_daily_stop_exit_validation_score,57,0.0906200379972093,0.001633691534996533,0.0005956024090830745,0.5263157894736842,-0.06972205742982562,0.07691197813536976,21,0.012729043914596394,0.0006319828539957466,0.0007118614134798982,0.5714285714285714,1.2196769704976946,0.008545996407918421,strict,True,0.32940170940170943
FHEUSDT,684743.6655,209.26991216435187,structure_mfe30_act075,1.0,best_daily_stop_exit_validation_score,60,0.053088859532789856,0.0010032060606617358,0.005736511404973999,0.7,-0.08690119272013064,0.04986305685018233,10,0.003072593765024667,0.0003375715840416632,0.0032196241368467335,0.7,1.1019565930207664,0.012975432885006244,strict,True,0.3236752136752137
SAFEUSDT,278398.6379,827.197134386574,structure_mfe30_act075,1.0,best_daily_stop_exit_validation_score,45,0.03429048656698108,0.0007765879215154016,0.0028006756756758797,0.6888888888888889,-0.06976406504085708,0.028951933290537246,5,0.005188340780284628,0.0010450188049419004,0.0028006756756758797,0.8,1.6940755275287087,0.011633559824083317,strict,True,0.31275641025641027
KASUSDT,1513054.0485,1096.231949201389,structure_mfe40_act100,1.0,best_daily_stop_exit_validation_score,62,0.09007838172830862,0.0014415178929312682,0.0014441160457339128,0.5967741935483871,-0.054763747733786894,0.08975223022899748,18,0.0002992895910314264,3.3385399928273054e-05,0.001175321937470387,0.6666666666666666,1.0146337121788098,0.008004070309420075,strict,True,0.3123076923076923
XAIUSDT,207911.5977,937.1823658680555,structure_mfe40_act100,0.95,best_daily_stop_exit_validation_score,40,0.025316201724140397,0.000664744812248422,0.0023701439979704206,0.65,-0.04724263709571941,0.017984141043436264,6,0.007202529376527211,0.0012139334106509958,0.0014596095258712092,0.6666666666666666,1.620107806659566,0.017906724831423637,strict,True,0.3113888888888889
PROVEUSDT,241915.0854,363.87838438657406,structure_mfe30_act075,1.0,best_daily_stop_exit_validation_score,42,0.01598553576299433,0.0004376373114590901,0.0023385670057496375,0.6190476190476191,-0.08759769427026287,0.0013346816295911612,11,0.014631325971412146,0.0013324327763312674,0.002315789473684161,0.7272727272727273,1.8460446563814685,0.011622452702350516,strict,True,0.3063461538461539
B2USDT,316486.1221,421.20137049768516,structure_mfe40_act100,1.0,best_daily_stop_exit_validation_score,48,0.11200379243494019,0.0024337680756703153,0.002560038174962754,0.6041666666666666,-0.09331690453303243,0.11193558769956469,12,6.13387467134352e-05,0.0004793192158021598,0.0029499077266106353,0.5833333333333334,1.0528005755621401,0.013807911141068052,strict,True,0.29688034188034185
CUSDT,393776.6711,385.15686818287037,structure_mfe30_act075,1.0,best_daily_stop_exit_validation_score,48,0.03891814565621998,0.0008775752017081256,0.003527442290364725,0.6458333333333334,-0.052242989850735944,0.03303133482068854,19,0.005698579159317374,0.0003316866901117086,0.0021760435571688283,0.5789473684210527,1.1042770820122692,0.007830886397409698,strict,True,0.28940170940170945
BANDUSDT,65700.1419,1628.3033033680556,structure_mfe40_act100,0.9666666666666667,best_daily_stop_exit_validation_score,36,0.03035774368518873,0.0008868232077715253,0.002220127433010367,0.5833333333333334,-0.05626194613296964,0.025949465465046062,5,0.004296779099294712,0.0008902583043945758,0.0037808764940238113,0.6,1.2623085822268036,0.005815490351572805,strict,True,0.28094017094017093
WCTUSDT,128844.7754,476.1087316087963,structure_mfe30_act075,1.0,best_daily_stop_exit_validation_score,53,0.025379823019872072,0.0005013310717510969,0.0025017508754378035,0.6792452830188679,-0.060667154799698975,0.016718911393363456,19,0.008518491718266352,0.0004598217623066926,0.0021657355679701737,0.7368421052631579,1.232640438137455,0.009970089730807485,strict,True,0.27931623931623933
ARKUSDT,200921.1867,1099.3426436458333,structure_mfe30_act075,1.0,best_daily_stop_exit_validation_score,56,0.026769493066127525,0.0004932256374420419,0.001412151636311699,0.6785714285714286,-0.05202261302099087,0.019507184608673622,20,0.0071233519165847525,0.00036815338632457175,0.0012638598685991162,0.7,1.1866279659820442,0.005273803464731719,strict,True,0.2782051282051282
POLUSDT,4075611.487,698.2350510532408,structure_mfe50_act125,1.0,best_daily_stop_exit_validation_score,62,0.031184528067290884,0.0005353589268493363,0.0015823290727062797,0.5645161290322581,-0.06694145837136112,0.02382226998465309,21,0.007190953252802945,0.0003916189953006765,0.0008005712156958786,0.5238095238095238,1.1209857338204345,0.004915755452162607,strict,True,0.26529914529914533
ZBTUSDT,964979.7979,291.04491216435184,structure_mfe30_act075,1.0,best_daily_stop_exit_validation_score,54,0.010761156259932347,0.00025815444152006174,0.002850265427692512,0.6296296296296297,-0.08277551805191818,0.006394379248201076,15,0.004339031598122434,0.0003474402378974044,0.0037037263286500153,0.6,1.0719667477748271,0.02587086974925934,strict,True,0.2537179487179487
CRVUSDT,3462821.1239,1744.5893681828704,structure_mfe30_act075,0.7433333333333333,best_daily_stop_exit_validation_score,51,0.02300673746139892,0.0004795844414471582,0.0017303754266212454,0.6078431372549019,-0.07605238966518657,0.013871025740337828,19,0.00901072374012224,0.00048582988997620066,0.0013614457831326874,0.6842105263157895,1.2544904281021785,0.008111239860950192,strict,True,0.2517735042735043
ASTRUSDT,87987.4071,1583.4305487384258,structure_mfe40_act100,0.9266666666666666,best_daily_stop_exit_validation_score,57,0.05609756774275332,0.0009951484243746092,0.0021044609145574053,0.5964912280701754,-0.062276841544846806,0.054378119006752934,10,0.0016307705034890319,0.0001743235494523274,0.0023263288740120744,0.6,1.0807457410747068,0.012180840454072528,strict,True,0.24824786324786327
ZKUSDT,1153929.0387,775.5004792939815,structure_mfe30_act075,1.0,best_daily_stop_exit_validation_score,73,0.026876968960958036,0.0004123033109711704,0.0027087095204628717,0.6712328767123288,-0.1095498675303761,0.02308964045858053,24,0.0037018540239341924,0.00017610828166875724,0.002082352875322214,0.7083333333333334,1.0654238431540501,0.011507178637032212,strict,True,0.23123931623931623
QTUMUSDT,147706.4065,1695.5550394791667,structure_mfe50_act125,1.0,best_daily_stop_exit_validation_score,72,0.018255019106234505,0.00030566489101270235,0.0008783208832626741,0.5138888888888888,-0.06129675851118421,0.012320742456276568,19,0.0058620518192278315,0.00032123823231100594,0.001109045461646808,0.631578947368421,1.1519446489153058,0.01195692536204973,strict,True,0.22098290598290599
CHILLGUYUSDT,149004.9277,621.1877825347223,structure_mfe40_act100,1.0,best_daily_stop_exit_validation_score,68,0.0476432103819151,0.0007509184010985881,0.0038760610450863106,0.5882352941176471,-0.09640986853610167,0.045545897170665484,14,0.0020059504005751627,0.00018066451149258367,0.002159872563045285,0.5714285714285714,1.0505153828576423,0.012780849103803393,strict,True,0.21829059829059833
1000TOSHIUSDT,120590.9958,607.1986042939815,structure_mfe40_act100,1.0,best_daily_stop_exit_validation_score,53,0.0065324030948989975,0.00016323899053652797,0.0015764081838848263,0.6037735849056604,-0.04784065485224809,0.0037426462145977446,14,0.002779354738809303,0.00023759331141606405,0.0012850334474411316,0.6428571428571429,1.0856211857949474,0.010182854268546149,strict,True,0.20675213675213674
KATUSDT,250861.0056,155.2856992013889,structure_time_staged_mfe,0.7499999999999998,best_daily_stop_exit_validation_score,53,0.028153506680586693,0.0008115358531194048,0.0029016315913926735,0.6226415094339622,-0.10717189972028307,0.027079314698932766,11,0.0010458705245843802,0.00012030435427948538,0.0027554767369079034,0.6363636363636364,1.0377708470146303,0.013829655086746051,strict,True,0.18431623931623933
NXPCUSDT,182887.5033,446.32588438657405,structure_time_smart_reversal,1.0,best_daily_stop_exit_validation_score,37,0.0035883160626153376,0.0001454146366288683,0.0014399399399399613,0.5945945945945946,-0.06095237097173156,0.0017825423493389447,11,0.0018025605727183258,0.00018925576563127546,0.0012467320261438939,0.5454545454545454,1.068862927701446,0.009771818347970473,strict,True,0.1586965811965812
UBUSDT,10087157.8287,326.20315290509257,structure_fixed6,,fallback_no_strategy_passed_robust_filter,30,0.04536916769276411,0.0021213086587150596,-0.008458544519355349,0.4,-0.11645740772270508,-0.07531278715883327,4,0.13051111032539708,0.033021993689083845,0.027372009749097925,0.75,3.8901087235473883,0.04807380293711205,rejected,False,
RAVEUSDT,1038609.5301,232.34617373842593,structure_fixed6,,fallback_no_strategy_passed_robust_filter,66,0.5135348370835777,0.007963200088837333,-0.009241558767953961,0.45454545454545453,-0.2222200793673439,0.14655816595694549,17,0.32006808029695155,0.017158310638616985,0.0068912270302311516,0.6470588235294118,5.421144861593458,0.02231433506044911,rejected,False,
SPACEUSDT,392509.2953,193.0728288310185,structure_fixed6,,fallback_no_strategy_passed_robust_filter,50,-0.0019530052873992787,0.00023175641551571592,-0.010552658443802376,0.36,-0.19888702153256155,-0.09821348802748897,8,0.1067442032699466,0.01306861525348002,0.007649238030058458,0.625,5.995571852488799,0.011356150760734929,rejected,False,
ENSOUSDT,1769195.2262,294.199773275463,structure_fixed6,,fallback_no_strategy_passed_robust_filter,58,-0.03134203974302241,-0.000442477536731897,-0.0063498781445864285,0.3448275862068966,-0.10012664154003437,-0.06546796389043985,3,0.0365165910089964,0.012128431783167581,0.012732448696188947,0.6666666666666666,7.370120537981457,0.010207441554165309,rejected,False,
SAGAUSDT,326959.1389,847.1107339236111,structure_fixed6,,fallback_no_strategy_passed_robust_filter,59,0.16966471044658205,0.002869495725919351,-0.006505668934240315,0.423728813559322,-0.15519120254215713,0.014297635340720705,12,0.15317700612963647,0.012074184450559208,0.010202120281638583,0.75,6.909774025613585,0.011350535875594647,rejected,False,
SLPUSDT,27444.6574,1720.9227015162037,structure_fixed6,,fallback_no_strategy_passed_robust_filter,39,0.010646889049283681,0.00040421868088441187,-0.0061014701375682314,0.28205128205128205,-0.13220688406266579,-0.0885157476948707,10,0.10879248488755966,0.010529712962904225,0.008283839515184521,0.5,4.35511089369281,0.011014410456920976,rejected,False,
BLESSUSDT,69138603.0684,314.1691714236111,structure_fixed6,,fallback_no_strategy_passed_robust_filter,44,0.45254660513180167,0.01063789906936826,-0.010492234482309792,0.3181818181818182,-0.165756761653287,0.33995916825599415,8,0.08402303558424395,0.010487447704661784,0.004303784455037207,0.5,2.4981473073883507,0.039846329899031585,rejected,False,
BASEDUSDT,611389.1083,127.2395765162037,structure_fixed6,,fallback_no_strategy_passed_robust_filter,37,-0.025063569496983518,-0.000225387846420095,-0.014388309266991417,0.32432432432432434,-0.17214188013832965,-0.13093451327227734,14,0.12182159502608658,0.008961260476975184,0.0014851865449799222,0.5,1.9044217934518315,0.018736572982600896,rejected,False,
COAIUSDT,259024.0232,306.231648275463,structure_fixed6,,fallback_no_strategy_passed_robust_filter,43,-0.11565899810146996,-0.002711984989059903,-0.00781160284482607,0.3023255813953488,-0.22206892141879964,-0.1656121653523943,7,0.05986804358433817,0.008787602501256018,-0.009627048415314365,0.42857142857142855,2.404795091742904,0.024212271973466093,rejected,False,
UAIUSDT,23519788.7025,260.1646691087963,structure_fixed6,,fallback_no_strategy_passed_robust_filter,47,-0.2048810919053773,-0.004292532487005362,-0.011172010296935375,0.2127659574468085,-0.33521463960167797,-0.2633287068577854,12,0.07934015550287588,0.008132965433067676,-0.009693011766833015,0.25,1.6348069102899663,0.04253401811473534,rejected,False,
SYRUPUSDT,390913.1559,442.27240059027775,structure_fixed6,,fallback_no_strategy_passed_robust_filter,50,-0.025945349209531066,-0.00022835808930417683,-0.006914562289828618,0.22,-0.1239640533587244,-0.09586963174429397,11,0.07733871683755544,0.00767477833196725,-0.006139032432066593,0.09090909090909091,2.3774585392834346,0.012984401530288903,rejected,False,
CLOUSDT,1228887.599,291.1016714236111,structure_fixed6,,fallback_no_strategy_passed_robust_filter,50,-0.10868016368831357,-0.0018665389340417726,-0.011040228398704721,0.38,-0.22464157214590452,-0.189456536096972,15,0.09965705234324429,0.007346056192139024,-0.014104116638177233,0.3333333333333333,1.6294567378941083,0.018974718137185542,rejected,False,
WLFIUSDT,3523998.4343,346.2125626273148,structure_fixed6,,fallback_no_strategy_passed_robust_filter,80,-0.07870859840663569,-0.0008327013592416583,-0.006410364539358836,0.3375,-0.2322526088872381,-0.17414565878090482,17,0.11556161372644524,0.007104554657378241,-0.003679271800002714,0.4117647058823529,3.026784669169687,0.006542733440389581,rejected,False,
ZAMAUSDT,2673874.8024,207.16660197916667,structure_fixed6,,fallback_no_strategy_passed_robust_filter,27,-0.10212483975733377,-0.0038172997272821873,-0.007020978570067226,0.37037037037037035,-0.17577880396502377,-0.13061051950426572,5,0.03276515346227682,0.006551462441395794,0.0077481146304675405,0.6,3.412289261623807,0.026315789473684292,rejected,False,
JSTUSDT,330489.8281,1628.3076436458334,structure_fixed6,,fallback_no_strategy_passed_robust_filter,19,0.007557305595782937,0.0004624724551884954,-0.001551668798114302,0.42105263157894735,-0.04898822640660805,-0.017843946048490378,4,0.025862745072004145,0.006443049059250722,0.004657776005731695,0.75,9.029694206862155,0.01129591570648758,rejected,False,
GRASSUSDT,2309742.5085,658.1643334606481,structure_fixed6,,fallback_no_strategy_passed_robust_filter,49,-0.04352191381796611,-0.0005943847367483731,-0.00960886909215608,0.32653061224489793,-0.1815387868204401,-0.12007763517383085,14,0.08700281344819394,0.0063475197575409105,-0.003507037452778471,0.42857142857142855,1.8987995409562437,0.016743006479771005,rejected,False,
NMRUSDT,228922.4996,1065.3695533680554,structure_fixed6,,fallback_no_strategy_passed_robust_filter,41,-0.0016725580337064727,6.871659389792273e-05,-0.004969975007391047,0.3170731707317073,-0.06876960715361957,-0.06990247960445306,12,0.07335781471789149,0.006094966235571496,-0.0028079545755708693,0.4166666666666667,2.5898999565702683,0.014671092129813545,rejected,False,
BARDUSDT,1579823.0108,322.1803751273148,structure_fixed6,,fallback_no_strategy_passed_robust_filter,73,-0.2452977485835952,-0.0036523507451671896,-0.006154070583985093,0.2328767123287671,-0.3280193375606625,-0.3014154402255902,13,0.08033056393361604,0.006089861650415644,-0.00022299922299928634,0.46153846153846156,2.5128803011655174,0.0104091997129101,rejected,False,
DEEPUSDT,248449.27,656.0968450347223,structure_fixed6,,fallback_no_strategy_passed_robust_filter,57,-0.01799455310009046,-0.00013054405556919688,-0.006046466943468775,0.3157894736842105,-0.14236584628071725,-0.0749384829279287,11,0.061556911380415524,0.005652576863422859,-0.005850891777465893,0.36363636363636365,2.3160090470949832,0.0039999999999997815,rejected,False,
RECALLUSDT,451114.6673,293.0746806828704,structure_fixed6,,fallback_no_strategy_passed_robust_filter,49,-0.19220399146851874,-0.004258911828996458,-0.00953759294960077,0.2653061224489796,-0.21584428200704042,-0.21675610127064993,6,0.03134669780634325,0.005282166160032464,0.0006351495671163008,0.6666666666666666,2.5139287842880838,0.011800687481551386,rejected,False,
FOLKSUSDT,270439.691,238.12661355324073,structure_fixed6,,fallback_no_strategy_passed_robust_filter,55,-0.217337097976537,-0.004244048865317727,-0.010731755043026148,0.2545454545454545,-0.31260599909685993,-0.25675250099587454,11,0.053031329499460655,0.005083775911200794,-0.00651899627179131,0.36363636363636365,1.7152506049402607,0.01004957712008947,rejected,False,
KMNOUSDT,174287.2019,664.2194492013889,structure_fixed6,,fallback_no_strategy_passed_robust_filter,46,-0.05606840237073296,-0.0011258816956952842,-0.0064422365359086955,0.2826086956521739,-0.14587246780003482,-0.10472365453827903,11,0.05434662985812855,0.0050198073442911635,-0.004993793698034764,0.36363636363636365,2.328634192731292,0.01070336391437321,rejected,False,
BIRBUSDT,1786952.1932,188.12218068287038,structure_fixed6,,fallback_no_strategy_passed_robust_filter,70,-0.13913576545136352,-0.0019473456926294224,-0.008438299069071398,0.24285714285714285,-0.2519389165032374,-0.185500791385663,12,0.05692458070423134,0.0048331634734108215,-0.0036742411191031934,0.4166666666666667,1.8379073225314306,0.025839656393581656,rejected,False,
SUSDT,987932.5075,566.2231644791667,structure_fixed6,,fallback_no_strategy_passed_robust_filter,73,-0.11199713579280657,-0.001423762958994782,-0.0066960817035472955,0.2602739726027397,-0.2708023379509368,-0.2005429227041895,25,0.11075739952280128,0.004640520402118615,-0.005449329231207111,0.32,1.7789323564744157,0.009038759876372371,rejected,False,
BANUSDT,224018.8375,624.2283728125,structure_fixed6,,fallback_no_strategy_passed_robust_filter,41,0.08437397081760323,0.0024741160761048288,-0.007042015427130232,0.34146341463414637,-0.1577285518708258,0.032414354441507864,13,0.05032825837083954,0.0039999801693412305,-0.005502339701814129,0.3076923076923077,1.819728976274184,0.0071535591740914395,rejected,False,
PENDLEUSDT,1035301.7576,1126.279159849537,structure_fixed6,,fallback_no_strategy_passed_robust_filter,55,0.000774020327644287,0.00013907256989257425,-0.005690545093210985,0.36363636363636365,-0.156821006459551,-0.060299435687212855,17,0.06499246497688405,0.0038018664938991114,-0.00446104314230522,0.47058823529411764,1.9232155964894007,0.016459695789551088,rejected,False,
CAKEUSDT,346052.5242,1005.172284849537,structure_fixed6,,fallback_no_strategy_passed_robust_filter,52,-0.07847050901381547,-0.0014953838309183316,-0.004835223420519007,0.2692307692307692,-0.10152580779293696,-0.1205998240867131,13,0.04790687587609921,0.003685434512213396,-0.003753400351732771,0.46153846153846156,2.0660503385319897,0.011198208727276837,rejected,False,
MUBARAKUSDT,595327.7067,505.2688126273148,structure_fixed6,,fallback_no_strategy_passed_robust_filter,46,-0.13629811439066042,-0.0030735774073177074,-0.008243032416318352,0.2391304347826087,-0.22485741645983348,-0.1686415706251646,11,0.038904346298413994,0.0036609514854767378,-0.005919164032125667,0.36363636363636365,1.684647444087802,0.015265792035690229,rejected,False,
KAVAUSDT,158064.9011,1667.2596575347222,structure_fixed6,,fallback_no_strategy_passed_robust_filter,58,-0.06657052237410466,-0.0011020803535269428,-0.006440493747896846,0.3103448275862069,-0.20140344304353475,-0.11142894347552557,14,0.05048377478879229,0.0036005244945224563,-0.001584173021902723,0.42857142857142855,2.316883983686211,0.00864950412385368,rejected,False,
1000BONKUSDT,5659745.8876,1306.4986390162037,structure_fixed6,,fallback_no_strategy_passed_robust_filter,67,0.07304500727580332,0.0012998379860283164,-0.006866453622370593,0.3283582089552239,-0.1368575804257568,-0.0048366856850825535,26,0.07826021301287689,0.003332192823698621,-0.008687000119439792,0.2692307692307692,1.4856623871496135,0.009251118088287491,rejected,False,
ETHUSDT,1786302770.7709,1968.5893681828704,structure_fixed6,,fallback_no_strategy_passed_robust_filter,76,-0.09912413160082212,-0.0013118820375767454,-0.003929893752098289,0.3815789473684211,-0.1206371211933458,-0.13057456494398234,11,0.03617381327374436,0.0032832675550068524,0.006855366305010492,0.5454545454545454,2.139402987893016,0.004245022938112575,rejected,False,
SHIB1000USDT,11994145.6855,1749.5893681828704,structure_fixed6,,fallback_no_strategy_passed_robust_filter,60,-0.02199201688472119,-0.00030226689431804473,-0.005207706992657101,0.35,-0.17317772867854497,-0.05998520499241322,13,0.040417649072624906,0.0030976834561944676,0.002507131166705424,0.5384615384615384,2.176444667238503,0.011003583347916956,rejected,False,
BERAUSDT,1973044.9112,544.0362663310185,structure_fixed6,,fallback_no_strategy_passed_robust_filter,69,-0.07559097789906288,-0.001015231406361901,-0.007753935218637874,0.36231884057971014,-0.18382486161457579,-0.12342343608495165,18,0.05456734774228389,0.0030591152756107515,0.00010476884429872022,0.5,1.7057205749316613,0.004595170720405717,rejected,False,
LTCUSDT,11414898.585,3137.58936818287,structure_fixed6,,fallback_no_strategy_passed_robust_filter,60,-0.06432748183132464,-0.00106949068486414,-0.004494043966999649,0.3333333333333333,-0.09795690121620537,-0.0915774181009682,10,0.029996982475576806,0.0030010382152762193,0.0021062059586899337,0.6,2.5258059943625844,0.006913841894822248,rejected,False,
MOCAUSDT,142110.7622,753.1742987384259,structure_fixed6,,fallback_no_strategy_passed_robust_filter,63,-0.027874456196569475,-0.0003493786226258881,-0.005468197357646253,0.2857142857142857,-0.14306393906611914,-0.06187864742655946,15,0.03624711359219157,0.00254348820729761,-0.0054155015814739684,0.26666666666666666,1.4760595696581598,0.008612494946382165,rejected,False,
SOLUSDT,333811155.382,1754.5893681828704,structure_fixed6,,fallback_no_strategy_passed_robust_filter,71,-0.07218370995245538,-0.0009623958579559622,-0.005542433349636776,0.29577464788732394,-0.11912881484122761,-0.11766719887010879,22,0.05154913073548717,0.0023987442714029287,-0.00463283546404336,0.3181818181818182,1.6029473288241332,0.008324920325592178,rejected,False,
BROCCOLIUSDT,640548.9095,536.0811390162037,structure_fixed6,,fallback_no_strategy_passed_robust_filter,44,-0.14861645404092716,-0.00356879615797505,-0.007413352839911791,0.2727272727272727,-0.21196320690699988,-0.16599856306238492,9,0.02084182143052793,0.0023910884081423086,-0.005328699563884597,0.4444444444444444,1.5373230338704618,0.007638636462744541,rejected,False,
1000BTTUSDT,76274.6758,1621.3336042939816,structure_fixed6,,fallback_no_strategy_passed_robust_filter,52,-0.11497297820104424,-0.002329979461851409,-0.003311813894148307,0.21153846153846154,-0.11438863218188389,-0.12512831741174557,5,0.01160780422182306,0.0023471046847845407,-0.002410605658861863,0.4,2.350823968507185,0.0070490669362115455,rejected,False,
CROSSUSDT,154005.1928,390.1298774421296,structure_fixed6,,fallback_no_strategy_passed_robust_filter,50,0.08790423468725161,0.0019771957916144747,-0.005728145483794688,0.34,-0.15828437968421794,0.05828390148166673,15,0.027989023705372817,0.001936814988033427,-0.003138275124732636,0.4,1.4714831217915352,0.009495880463622486,rejected,False,
LINKUSDT,21294260.7297,3137.58936818287,structure_fixed6,,fallback_no_strategy_passed_robust_filter,60,0.005202332250992203,0.0001671468859343756,-0.0046391572772960235,0.36666666666666664,-0.11266554746226065,-0.020746621465437154,14,0.02649871247343749,0.0019266159701806312,-0.0042785158126461545,0.35714285714285715,1.5465221207188762,0.009126416071219667,rejected,False,
ATUSDT,93774.1725,279.01047929398146,structure_fixed6,,fallback_no_strategy_passed_robust_filter,39,-0.08302811369224472,-0.0021747665145366983,-0.005211517196252124,0.3333333333333333,-0.10640104308089204,-0.10135924051709966,11,0.0203987262222598,0.0018938258214407295,-0.003883718153062209,0.45454545454545453,1.5641720229668472,0.01478350714343013,rejected,False,
CHZUSDT,877706.0949,1757.5893681828704,structure_fixed6,,fallback_no_strategy_passed_robust_filter,68,-0.026153874762825158,-0.00025131804422944237,-0.007120259801246364,0.38235294117647056,-0.2044181681364292,-0.06421227636200655,27,0.04066990903794365,0.0016118483202777695,-0.005990504735923773,0.4444444444444444,1.3321909926191529,0.008546657071129227,rejected,False,
BTCUSDT,3898411706.2682,2333.58936818287,structure_fixed6,,fallback_no_strategy_passed_robust_filter,57,-0.024567946065971236,-0.0003979860457105696,-0.0038593683713857843,0.3157894736842105,-0.07476170104763724,-0.041944643355969924,13,0.018137466869207808,0.0014315632135888296,-0.003327150119892374,0.23076923076923078,1.5042155752234676,0.00405461838836807,rejected,False,
XVGUSDT,196114.8101,1126.2851320717593,structure_fixed6,,fallback_no_strategy_passed_robust_filter,70,-0.03687611736027607,-0.0003055195714968325,-0.006933881158256105,0.32857142857142857,-0.17251729871314936,-0.05478952380316804,15,0.018951764600588117,0.001362631066521236,-0.005687500000000067,0.3333333333333333,1.2704793138927244,0.010724792295648822,rejected,False,
MYXUSDT,3415406.2343,364.19490059027777,structure_fixed6,,fallback_no_strategy_passed_robust_filter,93,-0.4234996439503834,-0.005553351687938573,-0.01088318198261462,0.3010752688172043,-0.44206947113844086,-0.43761569707154235,26,0.025100368284914465,0.0013138369327958617,-0.011578521517491391,0.3076923076923077,1.132747787706228,0.02056379451762491,rejected,False,
HEIUSDT,375870.2285,536.1979908680555,structure_fixed6,,fallback_no_strategy_passed_robust_filter,51,-0.13504680503918975,-0.002668225529564746,-0.005940250552102454,0.2549019607843137,-0.22719100462159147,-0.14840379450424412,16,0.01568465122185314,0.0013113334149465056,-0.0058664608863607795,0.4375,1.1465668053373361,0.02209059326890961,rejected,False,
LAUSDT,1550903.8038,425.3671343865741,structure_fixed6,,fallback_no_strategy_passed_robust_filter,63,-0.06250244878473876,-0.0008901637179235719,-0.007118443475355728,0.31746031746031744,-0.13774740596561597,-0.07986053908405522,22,0.01886462980517911,0.0010148443616026465,-0.006428778588528693,0.3181818181818182,1.150581600732928,0.011642319028131398,rejected,False,
RVNUSDT,90634.8895,1671.2784075347222,structure_fixed6,,fallback_no_strategy_passed_robust_filter,66,-0.0701124395384829,-0.0010265898496320974,-0.005695149629567352,0.24242424242424243,-0.11642060309025193,-0.08809270277281867,22,0.019717205124915926,0.0009908526583982972,-0.004627747053870256,0.36363636363636365,1.221614740354709,0.012433547199716677,rejected,False,
ZENUSDT,415272.6348,1712.5893681828704,structure_fixed6,,fallback_no_strategy_passed_robust_filter,75,-0.05979681367798795,-0.000736658648444366,-0.006053288066554695,0.3333333333333333,-0.17037209153199595,-0.07724235310698113,21,0.018905873592848232,0.0009398878789434648,-0.004318908444199464,0.47619047619047616,1.2521815366749278,0.007445937431131089,rejected,False,
BTRUSDT,86881.2607,342.1227478125,structure_fixed6,,fallback_no_strategy_passed_robust_filter,47,0.0016236629217367682,0.0004905286384985125,-0.008130376499893344,0.3191489361702128,-0.21802457309203038,-0.004273279699202104,10,0.005922250051859201,0.0008418504802101823,-0.00812219788254881,0.2,1.1284577967062297,0.009689141796998202,rejected,False,
MTLUSDT,101615.6263,1574.3151783680555,structure_fixed6,,fallback_no_strategy_passed_robust_filter,35,-0.08467279164981611,-0.0024804085986763692,-0.0047567440804422425,0.2571428571428571,-0.12840677218601038,-0.09004253782861682,8,0.005901095822641311,0.0007592833156191419,-0.0017438675616771584,0.5,1.3044961322351474,0.0037817515683449265,rejected,False,
ZORAUSDT,229045.5358,466.2022154050926,structure_fixed6,,fallback_no_strategy_passed_robust_filter,89,-0.13745752152405455,-0.001575218018007664,-0.005362805926712787,0.33707865168539325,-0.15851082874155853,-0.15153869024241173,26,0.01659612354319351,0.0007299798877875961,-0.005602201830341435,0.34615384615384615,1.1482798724649126,0.011254040983770586,rejected,False,
ARUSDT,454750.7483,1688.353696886574,structure_fixed6,,fallback_no_strategy_passed_robust_filter,70,-0.03652407080970266,-0.0004330378964271796,-0.005272123825357355,0.32857142857142857,-0.1310721238091086,-0.04804713603469224,19,0.01210465944394623,0.0006980602040212242,-0.004813496261518945,0.3157894736842105,1.1649701978625577,0.009422106170581035,rejected,False,
AEROUSDT,3486541.0594,750.2108033680555,structure_fixed6,,fallback_no_strategy_passed_robust_filter,54,-0.05281133227035162,-0.0008857191333955609,-0.0074090000205025985,0.35185185185185186,-0.14599075479716928,-0.06140984155346041,16,0.009161090392573845,0.0006707090550963496,-0.005209843111779632,0.375,1.1280389143176248,0.017868142381679553,rejected,False,
OPUSDT,9678157.7242,1525.387250127315,structure_fixed6,,fallback_no_strategy_passed_robust_filter,83,-0.09008270813089314,-0.0010335941188240937,-0.006396640338352299,0.3373493975903614,-0.1702515795640619,-0.1026985632024211,25,0.014059773621396987,0.0006435981022845283,-0.004998348621660042,0.48,1.1236209286706376,0.011397318840904669,rejected,False,
BNBUSDT,23845239.455,1862.2852015162036,structure_fixed6,,fallback_no_strategy_passed_robust_filter,48,-0.0077707615332170965,-0.00012275539574406916,-0.0034550122642590378,0.3333333333333333,-0.04772698671441922,-0.011860164380477434,11,0.004138485971164396,0.0004032217920822982,-0.0033992629678369904,0.36363636363636365,1.130333945977285,0.008179603202227437,rejected,False,
ESPORTSUSDT,4120665.7805,371.1689515162037,structure_fixed6,,fallback_no_strategy_passed_robust_filter,69,0.19033721406117943,0.004337795905251309,-0.007428514787362616,0.34782608695652173,-0.2627270266722601,0.21530439571566506,21,-0.02054397379167161,0.0002539888907320793,-0.01229679618348356,0.23809523809523808,1.0167243266058104,0.021293082798249596,rejected,False,
HAEDALUSDT,59943.4347,461.1102825347222,structure_fixed6,,fallback_no_strategy_passed_robust_filter,47,-0.06452761193708345,-0.0013390612468251887,-0.006201775930854913,0.3404255319148936,-0.12832165034431398,-0.06761000816288598,19,0.0033059087428954914,0.00022718093865149532,-0.0047984129589784255,0.3684210526315789,1.0528024803948481,0.005667912588920965,rejected,False,
PROMPTUSDT,112303.7047,481.0018103125,structure_fixed6,,fallback_no_strategy_passed_robust_filter,45,-0.005968797844288387,3.379347651218825e-05,-0.007615618952949931,0.35555555555555557,-0.09260906036352268,-0.007209649063889656,9,0.001249862288076553,0.00022378716391934124,-0.00708248258314914,0.3333333333333333,1.0406155904782195,0.010778801876510924,rejected,False,
XPINUSDT,331779.5555,326.1468681828704,structure_fixed6,,fallback_no_strategy_passed_robust_filter,48,-0.12415726871939503,-0.0026048817677241398,-0.008704886344313711,0.2916666666666667,-0.2091522575766387,-0.12417110635040907,8,1.579946849705749e-05,0.00015088705390278734,-0.0025455564111026,0.5,1.0212810851774141,0.015119401697643142,rejected,False,
HNTUSDT,261897.6083,1653.3064978125,structure_fixed6,,fallback_no_strategy_passed_robust_filter,82,-0.18595371950408646,-0.002433120969464675,-0.006337745000640881,0.3048780487804878,-0.2349059073802714,-0.18672055834294843,25,0.0009428971145510889,0.00011750717366271424,-0.004215618128758702,0.36,1.0229812123226922,0.010695187165775444,rejected,False,
LRCUSDT,140886.8368,1727.5893681828704,structure_fixed6,,fallback_no_strategy_passed_robust_filter,78,-0.027896588069499906,-0.0002485281440222101,-0.006272749382976505,0.32051282051282054,-0.19270570369932138,-0.028773433150342753,22,0.0009028223802474145,9.717374591236317e-05,-0.004648048966490569,0.3181818181818182,1.0225757519125902,0.006505057659637936,rejected,False,
CVXUSDT,586853.7086,1567.2712894791666,structure_fixed6,,fallback_no_strategy_passed_robust_filter,57,0.02135939530607267,0.0004907060758189102,-0.005488424933832835,0.3333333333333333,-0.08277831634728794,0.02219776983029753,12,-0.0008201686101938499,3.123697789765112e-05,-0.005677459750886737,0.25,1.0062286604685944,0.014322321388668846,rejected,False,
APEUSDT,1082772.2372,1600.4750510532408,structure_fixed6,,fallback_no_strategy_passed_robust_filter,63,0.06603220826059863,0.001138577085876014,-0.0047785419593251435,0.3968253968253968,-0.10886547155944004,0.06641275654217549,11,-0.00035684895856857857,2.1178427864825258e-05,-0.0047785419593251435,0.36363636363636365,1.0048400014663528,0.006962616131999555,rejected,False,
PUMPFUNUSDT,40511745.699,390.4327478125,structure_fixed6,,fallback_no_strategy_passed_robust_filter,52,-0.11386442751037484,-0.0021451142008885125,-0.006930476496589232,0.3269230769230769,-0.1887365502292644,-0.11079916486421149,11,-0.0034472107144336572,-5.660287037595965e-05,-0.00659685259742726,0.36363636363636365,0.9933437962182036,0.015346934012213653,rejected,False,
DYMUSDT,71688.2954,909.4804561458334,structure_fixed6,,fallback_no_strategy_passed_robust_filter,65,-0.24490537445869265,-0.00419840968992314,-0.008416615733218169,0.2153846153846154,-0.2677722941852243,-0.24180857459759586,17,-0.004084456454322871,-8.396095634747233e-05,-0.006584828060930747,0.23529411764705882,0.9858002422810598,0.011534939809543676,rejected,False,
TREEUSDT,336198.0549,371.0034306828704,structure_fixed6,,fallback_no_strategy_passed_robust_filter,35,0.00730020640314577,0.0003464831700928198,-0.007477412779738345,0.4,-0.11240563689884309,0.009978142233130871,10,-0.0026514789954403817,-0.00014261800709949304,-0.008265280874955705,0.4,0.9798761317291759,0.007489727450407102,rejected,False,
PARTIUSDT,444965.9804,497.04152096064814,structure_fixed6,,fallback_no_strategy_passed_robust_filter,53,-0.15307769461552978,-0.0028920777281753966,-0.007443888998894476,0.2830188679245283,-0.20032109114000984,-0.13936399491434737,25,-0.01593437832038813,-0.00019086968559068219,-0.00837554712023647,0.32,0.981028075204917,0.022997416020671846,rejected,False,
WETUSDT,217819.5955,243.13108114583332,structure_fixed6,,fallback_no_strategy_passed_robust_filter,66,-0.12849997547026448,-0.001959689934850561,-0.007454954431573234,0.3333333333333333,-0.22063407532410062,-0.12618331982667164,8,-0.0026511918302282167,-0.00021193756151774434,-0.008478767424767386,0.375,0.9702883862777023,0.024066460882723684,rejected,False,
AXLUSDT,178952.3473,971.191798738426,structure_fixed6,,fallback_no_strategy_passed_robust_filter,50,-0.11026020900618438,-0.0022196108242934875,-0.007652483602386627,0.26,-0.1437314350090685,-0.10574157826310449,14,-0.005052936190752866,-0.00025323673532610735,-0.006597133760417927,0.21428571428571427,0.9568897361080555,0.007498139664670389,rejected,False,
GALAUSDT,2454412.3248,1729.5893681828704,structure_fixed6,,fallback_no_strategy_passed_robust_filter,83,-0.04546602175273695,-0.00046374597587594966,-0.006621413259384367,0.3493975903614458,-0.13065165456683692,-0.03674946006602131,27,-0.009049111654080066,-0.0002687005867961161,-0.006210943482730879,0.37037037037037035,0.9472272238039336,0.010256370530751457,rejected,False,
OKBUSDT,205687.3524,327.09682188657405,structure_fixed6,,fallback_no_strategy_passed_robust_filter,35,-0.022676176012175198,-0.0005882304720256176,-0.0040268350550570755,0.34285714285714286,-0.09298266805588773,-0.020350559865115025,6,-0.002373926888316058,-0.0003826577859314018,-0.0031332266263261457,0.3333333333333333,0.8537495074466204,0.0037563977176713337,rejected,False,
0GUSDT,797297.3138,320.33316447916667,structure_fixed6,,fallback_no_strategy_passed_robust_filter,62,-0.1058793671594146,-0.0017399989201543119,-0.006040969756947178,0.3387096774193548,-0.165167294425132,-0.09868091582947491,15,-0.007986573741045833,-0.00043126596560416614,-0.00242348754448407,0.4666666666666667,0.9361158686141792,0.009267802817513493,rejected,False,
PEAQUSDT,148475.7044,623.2340325347222,structure_fixed6,,fallback_no_strategy_passed_robust_filter,56,-0.21820968686879127,-0.004306777737560655,-0.006876522749549362,0.21428571428571427,-0.23585460431984484,-0.21196826945932656,14,-0.007920261542238793,-0.00044438811290478246,-0.006760815377745365,0.14285714285714285,0.9247063950478205,0.009429338497390471,rejected,False,
LQTYUSDT,104671.7016,1240.2518681828703,structure_fixed6,,fallback_no_strategy_passed_robust_filter,42,-0.15750033338888325,-0.004004607972888718,-0.007410577052116617,0.21428571428571427,-0.20802592690251065,-0.1544163632220481,7,-0.003647149770525826,-0.00046342138099280436,-0.005139565795431843,0.2857142857142857,0.9098468652264731,0.014038876889848728,rejected,False,
DOGEUSDT,50188851.4396,1889.1421459606481,structure_fixed6,,fallback_no_strategy_passed_robust_filter,76,-0.08725430291192682,-0.0011390248523916121,-0.00464664520900132,0.34210526315789475,-0.13224667477112817,-0.0773526431312489,21,-0.010731792278993346,-0.000482761041388118,-0.003455715912301537,0.38095238095238093,0.8422612067576897,0.009277444149206504,rejected,False,
POLYXUSDT,55532.7349,1015.3070070717592,structure_fixed6,,fallback_no_strategy_passed_robust_filter,45,-0.02382488154543505,-0.00046480902264616457,-0.00559835614902504,0.35555555555555557,-0.11012148622041007,-0.01767772460100281,11,-0.006257780260490842,-0.000527340405839036,-0.004665150787856786,0.2727272727272727,0.8712944979535002,0.00587794901719918,rejected,False,
TWTUSDT,368159.4674,1356.3224584606482,structure_fixed6,,fallback_no_strategy_passed_robust_filter,44,-0.09147695865037808,-0.002111655443600699,-0.006386565640304264,0.22727272727272727,-0.12397566886283962,-0.08266933043272362,12,-0.00960136678064949,-0.0007580606188192597,-0.004317905659012355,0.25,0.818315317909028,0.005336404686297258,rejected,False,
ASRUSDT,13616.5088,355.201659849537,structure_fixed6,,fallback_no_strategy_passed_robust_filter,41,0.16501283081216167,0.004546199777115911,-0.004388301328029586,0.24390243902439024,-0.07638150263656585,0.17669005221448453,12,-0.00992378696526508,-0.0007642649157993211,-0.006582717039629093,0.3333333333333333,0.8485709575606856,0.010670626153453266,rejected,False,
THETAUSDT,668186.8874,1818.5893681828704,structure_fixed6,,fallback_no_strategy_passed_robust_filter,83,-0.05319074989332917,-0.0005645383285468008,-0.006258363167703339,0.2891566265060241,-0.15900681172068787,-0.035519305290246495,22,-0.018322237759668902,-0.0007812436517419703,-0.006255512122993911,0.3181818181818182,0.8428446285267399,0.009334136410535931,rejected,False,
SANDUSDT,1788971.5185,1737.5893681828704,structure_fixed6,,fallback_no_strategy_passed_robust_filter,64,0.1110697372924998,0.0017355292246899572,-0.0054522863420206616,0.375,-0.04727888346806797,0.13250602590959626,22,-0.01892818945477981,-0.000822503973906112,-0.0050594693327724585,0.3181818181818182,0.8216717536763019,0.008285160891586707,rejected,False,
UMAUSDT,90691.8472,1153.2634191087964,structure_fixed6,,fallback_no_strategy_passed_robust_filter,66,-0.02060061159649973,-0.0002335130389486237,-0.004836332788190455,0.3181818181818182,-0.10912478789458424,-0.004448956682752914,19,-0.01622383404865757,-0.0008283830971286378,-0.0038220525061140034,0.3157894736842105,0.750950120874746,0.006243496357960288,rejected,False,
NOMUSDT,356833.9248,307.24378947916665,structure_fixed6,,fallback_no_strategy_passed_robust_filter,74,-0.04678569064810856,-0.0002956326540441258,-0.00847453961554645,0.2702702702702703,-0.2509031826923652,-0.03476199050039208,13,-0.012456720549110956,-0.000848982808644487,-0.005864152197938343,0.3076923076923077,0.8782550751839201,0.01304731873791476,rejected,False,
HUSDT,2716619.9249,405.17924086805556,structure_fixed6,,fallback_no_strategy_passed_robust_filter,46,-0.022617241035658098,0.0010612508681966247,-0.007551698053008037,0.391304347826087,-0.2664009038988887,0.0038468822457820018,15,-0.026362709044067678,-0.0009372580316644304,-0.0018713837574068073,0.4,0.9356329084749798,0.02668759811616961,rejected,False,
PLAYSOUTUSDT,82215.2982,196.17603484953705,structure_fixed6,,fallback_no_strategy_passed_robust_filter,47,0.6502737166631483,0.014921297164946891,-0.012211759783428255,0.2978723404255319,-0.2312835472816226,0.6711293287521838,11,-0.01247995097100485,-0.0009512682390858169,-0.00787436824997112,0.2727272727272727,0.8767722792959802,0.008545105617329574,rejected,False,
APEXUSDT,390333.658,310.24338438657406,structure_fixed6,,fallback_no_strategy_passed_robust_filter,38,-0.0019187138845562224,3.0257060455276725e-05,-0.005205719577745848,0.34210526315789475,-0.04835516140163931,0.004158790350324404,6,-0.006052333847279545,-0.0009841513948583194,-0.0029495823003169433,0.3333333333333333,0.7461426789132256,0.00866092148509201,rejected,False,
LITUSDT,5236718.8672,217.1669376273148,structure_fixed6,,fallback_no_strategy_passed_robust_filter,57,-0.12108891833655955,-0.0019802916331890337,-0.01090563227819219,0.21052631578947367,-0.21053570705791602,-0.10698927708728567,13,-0.015788882358864775,-0.0010191182961027689,-0.009844784453933886,0.23076923076923078,0.886593829996521,0.02328990407755449,rejected,False,
ONGUSDT,61837.6069,980.2877130902777,structure_fixed6,,fallback_no_strategy_passed_robust_filter,55,0.027144908190089412,0.0006107633438755513,-0.004673549207052651,0.2727272727272727,-0.05695503639618704,0.04736943145316941,18,-0.01930982770331513,-0.0010213305484796432,-0.004455942750048402,0.1111111111111111,0.7670964917611888,0.00837742316920953,rejected,False,
HIVEUSDT,74733.8523,589.1490904050926,structure_fixed6,,fallback_no_strategy_passed_robust_filter,49,-0.13174269249323445,-0.0028361603232783805,-0.005636282266087477,0.1836734693877551,-0.16859832361463056,-0.11429928488386054,17,-0.019694471633216026,-0.001134339536262283,-0.0030840445010323894,0.23529411764705882,0.6767155148668079,0.01191567369385882,rejected,False,
VELOUSDT,531238.1684,806.1991714236111,structure_fixed6,,fallback_no_strategy_passed_robust_filter,42,-0.03088507301463783,-0.000575810182011556,-0.007604396975950944,0.30952380952380953,-0.08282620621669723,-0.02266698653796484,7,-0.008408686050174419,-0.0011580959413031802,-0.0073071516578872,0.2857142857142857,0.7765534968285875,0.005382574245847982,rejected,False,
ICPUSDT,4428873.2887,1784.5893681828704,structure_fixed6,,fallback_no_strategy_passed_robust_filter,66,0.04528670442127125,0.0007581766053839779,-0.0057729299969954675,0.3787878787878788,-0.045807654969713285,0.07007790135874892,19,-0.023167656210822174,-0.0011581947492914225,-0.005778315220979712,0.2631578947368421,0.7841139671995576,0.012552301255230214,rejected,False,
PAXGUSDT,3747416.2841,1604.2511042939814,structure_fixed6,,fallback_no_strategy_passed_robust_filter,62,-0.05147593231479264,-0.0008271027489222399,-0.0025562788064452105,0.1774193548387097,-0.05726800012441924,-0.0356297443741197,14,-0.016431643187075018,-0.0011742174314330882,-0.0023116673431046167,0.21428571428571427,0.5159920901874915,0.004577307978830825,rejected,False,
CFGUSDT,378053.6757,140.42067605324075,structure_fixed6,,fallback_no_strategy_passed_robust_filter,40,-0.1016348229933749,-0.002500676121992923,-0.00881724345652557,0.25,-0.119110013120866,-0.07890162827356861,19,-0.02468052861411174,-0.0011806453579589204,-0.007097539281140207,0.2631578947368421,0.8158284610620394,0.016426082628173244,rejected,False,
AAVEUSDT,22909129.8578,1909.199784849537,structure_fixed6,,fallback_no_strategy_passed_robust_filter,66,-0.1155379731246472,-0.0017989923158842035,-0.0053872081992915035,0.3939393939393939,-0.15261522265088834,-0.10586072405499136,9,-0.01082297728105952,-0.00118422361208755,-0.006305249851120131,0.4444444444444444,0.7040767966852677,0.016446997859637325,rejected,False,
MIRAUSDT,883772.7467,312.0598427199074,structure_fixed6,,fallback_no_strategy_passed_robust_filter,59,-0.1760821872539451,-0.003169654680662181,-0.007090408608184106,0.2033898305084746,-0.2511268338551853,-0.15932395672327782,16,-0.019934231104466904,-0.0011983917858408993,-0.006187119349186697,0.25,0.7781980978564949,0.014894115294797006,rejected,False,
RIVERUSDT,1514211.393,286.0675279050926,structure_fixed6,,fallback_no_strategy_passed_robust_filter,75,0.11951258654292829,0.00235503924759395,-0.009226822155680492,0.3333333333333333,-0.23531271985104874,0.14744525189571034,19,-0.024343353468615936,-0.0012121188009392057,-0.0066933395041696144,0.3157894736842105,0.7862607579797555,0.014994547437295447,rejected,False,
ZRXUSDT,843739.5198,1590.2620765162037,structure_fixed6,,fallback_no_strategy_passed_robust_filter,54,0.014025037998960821,0.00035740918708322347,-0.005276812508673844,0.2962962962962963,-0.13940138580456796,0.038710853817139235,19,-0.023765820610674226,-0.0012355974345241007,-0.004172646458953543,0.3157894736842105,0.6731553045779488,0.008249918855011806,rejected,False,
TIAUSDT,6730072.2302,1007.9140325347222,structure_fixed6,,fallback_no_strategy_passed_robust_filter,59,-0.0215373205002809,-0.00023977599464444823,-0.006946661440998313,0.3559322033898305,-0.11913916309724515,0.003472035478413682,19,-0.02492282305283311,-0.0012753829212707062,-0.0068548707267326306,0.3684210526315789,0.7617975965304649,0.01212488632919051,rejected,False,
GLMUSDT,156389.1823,1090.3824353125,structure_fixed6,,fallback_no_strategy_passed_robust_filter,61,-0.04963183741906119,-0.0007487660844872878,-0.0057359117436402976,0.26229508196721313,-0.13151747044172046,-0.03186406137722464,14,-0.018352563243455355,-0.0012789557857832104,-0.003991380166668667,0.2857142857142857,0.7140412961416156,0.008167835685407021,rejected,False,
TURTLEUSDT,92010.7069,285.9616251273148,structure_fixed6,,fallback_no_strategy_passed_robust_filter,34,-0.02591097585825808,-0.0007005251936781135,-0.005785135899730175,0.29411764705882354,-0.05948615284490588,-0.013822689513607544,9,-0.012257721016404433,-0.0013233523935332178,-0.003175614554347005,0.2222222222222222,0.6888117591315323,0.002921530564144348,rejected,False,
ARPAUSDT,57883.3017,1568.0881760532407,structure_fixed6,,fallback_no_strategy_passed_robust_filter,53,-0.011426812489186644,-0.00016023415050420246,-0.004317819751536777,0.39622641509433965,-0.08902485077431621,0.011635452928659529,16,-0.022797011859441496,-0.001409401931106002,-0.004907368764220487,0.375,0.6489789438353648,0.008906294768962875,rejected,False,
COMPUSDT,794995.9014,1818.5893681828704,structure_fixed6,,fallback_no_strategy_passed_robust_filter,60,-0.040728918615437704,-0.0006008701802848605,-0.006004188823069133,0.2833333333333333,-0.09069929997721371,-0.02051698420494319,14,-0.02063530871343211,-0.001444073816118575,-0.006033966229767872,0.2857142857142857,0.7022038446245088,0.00780056780622429,rejected,False,
LDOUSDT,8889852.6031,1476.3021112384258,structure_fixed6,,fallback_no_strategy_passed_robust_filter,55,-0.08540089178569732,-0.0015097016270730497,-0.006010169229373029,0.34545454545454546,-0.15178007972338892,-0.06648333005532803,13,-0.020264835475825138,-0.0014776712720903763,-0.00569125962826622,0.3076923076923077,0.7445947317062748,0.012175324675324672,rejected,False,
BRETTUSDT,357858.5737,830.2439515162037,structure_fixed6,,fallback_no_strategy_passed_robust_filter,68,-0.022499775118855148,-0.0001347073349678054,-0.008984828703501313,0.27941176470588236,-0.1261079967909704,0.014008415719528156,22,-0.036003834161946635,-0.0014936391241669607,-0.008725566504394322,0.2727272727272727,0.8164875048808327,0.02370811833691011,rejected,False,
SUSHIUSDT,648440.6314,1708.5893681828704,structure_fixed6,,fallback_no_strategy_passed_robust_filter,48,0.01807275487240001,0.000463743536871372,-0.004870471979357748,0.375,-0.07061034161422419,0.04266565977406955,15,-0.02358656839911455,-0.0015304210674371413,-0.0063039117758134635,0.3333333333333333,0.7226420130510394,0.019956156761623545,rejected,False,
AXSUSDT,599763.3026,1818.5893681828704,structure_fixed6,,fallback_no_strategy_passed_robust_filter,87,-0.07892102942935264,-0.0008666802861659718,-0.005887006785217807,0.3563218390804598,-0.1492312056280013,-0.038861435839143144,27,-0.04167931147907322,-0.0015456401951983246,-0.004200512655838872,0.37037037037037035,0.6253154329135753,0.007919762904820216,rejected,False,
PUFFERUSDT,106538.6475,659.0636621643519,structure_fixed6,,fallback_no_strategy_passed_robust_filter,65,-0.12315672563310953,-0.0019386528210071858,-0.006531653349723387,0.24615384615384617,-0.16599081692933515,-0.09326464554822,20,-0.03296670846474559,-0.0015760010728245843,-0.005959656174545912,0.2,0.7257987388837452,0.011608293587712648,rejected,False,
PNUTUSDT,738808.1059,631.2443913310185,structure_fixed6,,fallback_no_strategy_passed_robust_filter,64,-0.14931395804213787,-0.0023934426565249446,-0.0075470152016083305,0.265625,-0.17950019133442563,-0.12207207363762562,19,-0.031029750377558285,-0.001577370602038266,-0.005501239165390802,0.2631578947368421,0.7035597955055595,0.010442346194833974,rejected,False,
IOSTUSDT,113429.1559,1757.5893681828704,structure_fixed6,,fallback_no_strategy_passed_robust_filter,69,0.09146642546845896,0.0013762498474335267,-0.004470316827757891,0.4057971014492754,-0.05744839228364418,0.138667253660389,26,-0.04145269659788431,-0.0015902481941120804,-0.004387659390292341,0.38461538461538464,0.6468664317547091,0.011521048710849802,rejected,False,
XCNUSDT,2313525.7009,1559.2603056828705,structure_fixed6,,fallback_no_strategy_passed_robust_filter,84,-0.10085198814140095,-0.0011758973325320572,-0.004638576087417578,0.30952380952380953,-0.22171433506436966,-0.07584436265005468,17,-0.027059971806325467,-0.0016009607817491067,-0.0023900472616068527,0.35294117647058826,0.45183635342830697,0.008607168177897861,rejected,False,
XLMUSDT,9929631.0819,1818.5893681828704,structure_fixed6,,fallback_no_strategy_passed_robust_filter,73,-0.12355023265331233,-0.0017290958924648684,-0.005509990530633612,0.2328767123287671,-0.15187890988391495,-0.09061997295545932,22,-0.036211769247754155,-0.001631470850400546,-0.0044807768307421605,0.2727272727272727,0.6480937886071536,0.00771390819607376,rejected,False,
APRUSDT,742185.3053,285.07701864583333,structure_fixed6,,fallback_no_strategy_passed_robust_filter,30,0.17129329098159363,0.005849136106477201,-0.006040040648243649,0.43333333333333335,-0.10023803953684052,0.20211429274783588,14,-0.02563899452171936,-0.0016697406749220536,-0.006040040648243649,0.42857142857142855,0.8011905320229791,0.022733973034079202,rejected,False,
DOTUSDT,11823739.908,1965.1907570717592,structure_fixed6,,fallback_no_strategy_passed_robust_filter,80,-0.1323660138422469,-0.0016947880025844381,-0.006181037947225631,0.275,-0.1924141549933791,-0.08730021089036766,29,-0.04937637051044175,-0.0016931739030008938,-0.005833065223113886,0.27586206896551724,0.6697078369561174,0.011800183558410948,rejected,False,
BMTUSDT,61346.4639,509.25691447916665,structure_fixed6,,fallback_no_strategy_passed_robust_filter,51,-0.012240162191642256,-0.00017547804004918046,-0.004977084598160707,0.27450980392156865,-0.07985332943445778,0.014205019125161922,15,-0.02607478844821276,-0.0017191923534095746,-0.005539303454087373,0.2,0.6365506621820933,0.005459470735727834,rejected,False,
NEARUSDT,32870061.3743,1758.5893681828704,structure_fixed6,,fallback_no_strategy_passed_robust_filter,75,-0.08174631969439206,-0.0010345557431426977,-0.006615549191002378,0.3333333333333333,-0.15885511497472748,-0.030798884939475135,30,-0.052566421935797525,-0.0017235706526000816,-0.007038720279485155,0.36666666666666664,0.7113336439136615,0.012521335075159512,rejected,False,
HBARUSDT,8932640.6675,1744.5893681828704,structure_fixed6,,fallback_no_strategy_passed_robust_filter,66,-0.05742141257706124,-0.000837227022886091,-0.0046528217324183765,0.25757575757575757,-0.12507186653655855,-0.020471868159399942,22,-0.03772177971880253,-0.0017248675853200083,-0.004531020624746695,0.2727272727272727,0.5564997845613493,0.007485091779374953,rejected,False,
STRKUSDT,3148087.2205,896.0184654050926,structure_fixed6,,fallback_no_strategy_passed_robust_filter,72,0.14625643336805427,0.002070462131440005,-0.005979138496580937,0.4166666666666667,-0.07453570670085263,0.2006952962766002,25,-0.04533944879884433,-0.001742687686627593,-0.007869344300298842,0.28,0.7558829364904888,0.01931483654264743,rejected,False,
SIGNUSDT,276187.6219,463.12451864583335,structure_fixed6,,fallback_no_strategy_passed_robust_filter,81,-0.28630807534232217,-0.0039372887528407365,-0.006400284648138909,0.32098765432098764,-0.29669828179468594,-0.2558390134141936,23,-0.040944180731537494,-0.0017604754672040752,-0.005832823822206067,0.30434782608695654,0.6439645939888343,0.010444163235340254,rejected,False,
FLUIDUSDT,1263847.2922,314.09785197916665,structure_fixed6,,fallback_no_strategy_passed_robust_filter,39,-0.0663587289033698,-0.0016730181982984166,-0.006750985751867277,0.28205128205128205,-0.12056510594768155,-0.05418888114522713,7,-0.012867101597281327,-0.001768914155710883,-0.006750985751867277,0.2857142857142857,0.7117319419782074,0.02417052542727549,rejected,False,
HYPEUSDT,139104029.7014,608.0530255902778,structure_fixed6,,fallback_no_strategy_passed_robust_filter,56,-0.13738509469954852,-0.0025356477225038187,-0.00716045616991584,0.30357142857142855,-0.17666519433240258,-0.09480726719239396,26,-0.04703730593935762,-0.0017761960356091557,-0.006215304801081844,0.34615384615384615,0.706326839120492,0.013790070273403954,rejected,False,
OGNUSDT,99695.89,1599.3183149421295,structure_fixed6,,fallback_no_strategy_passed_robust_filter,48,-0.004517160917248297,2.4747282245084674e-05,-0.006213761732039468,0.2916666666666667,-0.0755687567233464,0.025647566706965552,16,-0.029410421867487768,-0.0017893922248068683,-0.005910959595718523,0.25,0.7097841579292058,0.00611855910538206,rejected,False,
COWUSDT,127543.1639,634.1680603125,structure_fixed6,,fallback_no_strategy_passed_robust_filter,52,0.02453542762567995,0.0005440701207437709,-0.005072470602558997,0.3269230769230769,-0.08862875398545467,0.06868058355696993,23,-0.04130809206279218,-0.0017909829300106759,-0.005145018847952819,0.2608695652173913,0.6356236475078324,0.007886883615176865,rejected,False,
1000000BABYDOGEUSDT,131442.6953,784.107284849537,structure_fixed6,,fallback_no_strategy_passed_robust_filter,48,-0.051381398780659615,-0.0010088564563898565,-0.004922434007870512,0.3333333333333333,-0.1227532832217112,-0.030323361980636787,12,-0.02171655578197229,-0.0017930132331411086,-0.004647610116011002,0.25,0.5568537600740184,0.011002200962125785,rejected,False,
ANIMEUSDT,141377.3828,557.9918681828703,structure_fixed6,,fallback_no_strategy_passed_robust_filter,48,-0.059934256667814045,-0.0011536968762165672,-0.0059568922196055465,0.2708333333333333,-0.12177630973209908,-0.04064213960364249,11,-0.020109406365004356,-0.0018056583481610836,-0.005102964316607727,0.2727272727272727,0.6123141212071701,0.00819672131147553,rejected,False,
GASUSDT,248553.3314,1016.2913126273148,structure_fixed6,,fallback_no_strategy_passed_robust_filter,68,-0.08181397383702427,-0.0011984193797571598,-0.005034623209843657,0.2647058823529412,-0.12466158523532167,-0.046940337878174754,20,-0.036591241183378864,-0.001831274197736476,-0.005026694343662485,0.2,0.5590426157773609,0.00960069415945497,rejected,False,
XAUTUSDT,38997963.3872,488.12687975694445,structure_fixed6,,fallback_no_strategy_passed_robust_filter,67,-0.10081542539533173,-0.0015671171222534591,-0.0027626439508585668,0.14925373134328357,-0.09820931401039112,-0.07198353128575141,17,-0.031068300058862297,-0.001850484379057352,-0.002559727303195757,0.23529411764705882,0.23220430984183194,0.004025621152220049,rejected,False,
RSRUSDT,193329.5946,1707.9446806828703,structure_fixed6,,fallback_no_strategy_passed_robust_filter,39,-0.06779185883618843,-0.0017148373215419331,-0.006817025837202783,0.3076923076923077,-0.10999546438230667,-0.042713332342589005,14,-0.026197509420004317,-0.0018533816462467181,-0.005907562849836844,0.21428571428571427,0.6184908316766469,0.015767409642271746,rejected,False,
VANRYUSDT,7254167.7146,873.2545186458333,structure_fixed6,,fallback_no_strategy_passed_robust_filter,58,-0.07074856220913806,-0.0009604163703050743,-0.0071795481637561545,0.25862068965517243,-0.1236834189034911,-0.034667678612685715,14,-0.03737664511698868,-0.001862658902854126,-0.008060533021881644,0.14285714285714285,0.8605821675648686,0.02153060519543326,rejected,False,
TRXUSDT,7649092.9717,1818.5893681828704,structure_fixed6,,fallback_no_strategy_passed_robust_filter,36,-0.05103422839681304,-0.0014464912584064966,-0.0025486721389006975,0.19444444444444445,-0.06373351522007542,-0.03672979702592316,8,-0.014849863856190249,-0.0018669249925329775,-0.001962485685382597,0.125,0.13231271833431857,0.002658179207923217,rejected,False,
ASTERUSDT,2498317.7725,319.2653751273148,structure_fixed6,,fallback_no_strategy_passed_robust_filter,47,0.04307580031906544,0.0009969559442034263,-0.004050409091280515,0.3404255319148936,-0.0544340052210216,0.07947729844239526,18,-0.03372141144223617,-0.0018898133648963093,-0.004124193761469329,0.2777777777777778,0.46272601716269957,0.007651909875971419,rejected,False,
ENJUSDT,329584.4482,1737.9227015162037,structure_fixed6,,fallback_no_strategy_passed_robust_filter,65,0.1571562955718131,0.002924624221446377,-0.006465353939118955,0.2923076923076923,-0.1652492276903177,0.19795952168651976,18,-0.03406060503385211,-0.001891208908054917,-0.005721297882118447,0.3333333333333333,0.6005630854167857,0.010641321580653229,rejected,False,
ONTUSDT,112043.9475,1520.313673738426,structure_fixed6,,fallback_no_strategy_passed_robust_filter,71,-0.23392089003108285,-0.003706508673535024,-0.005677380631761707,0.2535211267605634,-0.24883021330971955,-0.2082818563733566,17,-0.032384042053502426,-0.0019128796158626097,-0.004502878126388054,0.23529411764705882,0.5119220542759496,0.005994005994006013,rejected,False,
TUSDT,558111.0424,1247.2792408680555,structure_fixed6,,fallback_no_strategy_passed_robust_filter,61,0.015686150329817128,0.000310091611399823,-0.004299836536998058,0.3442622950819672,-0.07191838329968714,0.05032298998615237,17,-0.032977322201422465,-0.0019174108388455176,-0.005256163064532692,0.23529411764705882,0.6502716599405725,0.006619561843060451,rejected,False,
XRPUSDT,126035011.6075,1909.1907570717592,structure_fixed6,,fallback_no_strategy_passed_robust_filter,78,-0.0013972317599512118,5.851187060364955e-05,-0.0041191637574427556,0.2948717948717949,-0.08903537346976997,0.042595099549398,22,-0.04219502981393497,-0.001936644272340521,-0.0038928399901715363,0.22727272727272727,0.47658253771852643,0.009758748702017983,rejected,False,
B3USDT,424372.2987,538.161347349537,structure_fixed6,,fallback_no_strategy_passed_robust_filter,68,0.219774063934163,0.003121918800948121,-0.006214681595243353,0.39705882352941174,-0.09874432041221692,0.2693689758431459,20,-0.03907052468809624,-0.0019518102734850825,-0.006214681595243353,0.3,0.6231634142387737,0.012058510945783363,rejected,False,
MELANIAUSDT,187838.6481,561.3715556828704,structure_fixed6,,fallback_no_strategy_passed_robust_filter,66,-0.024482253685265243,-0.00031187347877631937,-0.005440456532648629,0.3484848484848485,-0.11413887771464082,0.012534932700782653,18,-0.036558922749766354,-0.0020201229068589777,-0.005383880949938523,0.2777777777777778,0.6227701492657093,0.008193650164754929,rejected,False,
ETHBTCUSDT,248093.188,788.2331413310185,structure_fixed6,,fallback_no_strategy_passed_robust_filter,35,-0.02729241212114819,-0.0007811662504181138,-0.0026983030913158004,0.3142857142857143,-0.03812090009884739,-0.011211059104664023,8,-0.01626368616332108,-0.002044070647718637,-0.0028136885449588913,0.125,0.22293192455373595,0.0027917307763539734,rejected,False,
THEUSDT,1136129.6251,615.2212663310186,structure_fixed6,,fallback_no_strategy_passed_robust_filter,58,-0.28533197241890096,-0.0056990996385651435,-0.0084686422752141,0.15517241379310345,-0.2876977761724612,-0.2617720479409865,15,-0.031914159321931646,-0.0020447377450726776,-0.008595204964091718,0.2,0.6993770478240975,0.014365995856972624,rejected,False,
DASHUSDT,2040217.8685,1757.5893681828704,structure_fixed6,,fallback_no_strategy_passed_robust_filter,61,-0.10068515308482795,-0.0016115033367935963,-0.007367490337930937,0.32786885245901637,-0.1578513013105507,-0.06694825246458336,17,-0.0361575879466044,-0.0020621468684030816,-0.007367490337930937,0.23529411764705882,0.6962963752972388,0.011436090128882137,rejected,False,
OPENUSDT,1616223.1281,330.04475012731484,structure_fixed6,,fallback_no_strategy_passed_robust_filter,38,-0.11697063822097387,-0.003137177915431225,-0.010099042074736164,0.2631578947368421,-0.19705080548382736,-0.09482493773562706,11,-0.02446565466568129,-0.0020844746040502367,-0.009377247971813163,0.2727272727272727,0.7448820628518117,0.014736575801657104,rejected,False,
PIPPINUSDT,8849202.9708,564.229159849537,structure_fixed6,,fallback_no_strategy_passed_robust_filter,81,-0.23615835330684443,-0.0029053753073557376,-0.008429621408655996,0.35802469135802467,-0.3767499716746273,-0.20437385742546144,18,-0.03994903407589456,-0.002087520800519845,-0.007173979535551766,0.2777777777777778,0.7276141351025572,0.014059173020125049,rejected,False,
BSVUSDT,332451.2074,1698.4584885532408,structure_fixed6,,fallback_no_strategy_passed_robust_filter,59,-0.05110981453964181,-0.0008396447658050163,-0.005106720256148333,0.3389830508474576,-0.10086679918018937,-0.01798652766712361,16,-0.033729971946139026,-0.0021099430638405877,-0.005092135920868045,0.25,0.5640840863245852,0.009065270080707677,rejected,False,
LINEAUSDT,818516.8912,337.19023623842594,structure_fixed6,,fallback_no_strategy_passed_robust_filter,55,-0.09921221475944353,-0.0018093631143551337,-0.007010315910218278,0.32727272727272727,-0.13083711117573882,-0.07530145910126773,12,-0.02585789270840244,-0.0021250125337793635,-0.006928717894909286,0.25,0.6347078256700104,0.02166673828127552,rejected,False,
PENGUUSDT,6593053.1155,594.9904561458334,structure_fixed6,,fallback_no_strategy_passed_robust_filter,64,0.006861440440468103,0.0002902315037055463,-0.006827670871967949,0.28125,-0.11122969534714555,0.051508051881200334,19,-0.042459600153186616,-0.0021410524622411955,-0.007159632356984246,0.15789473684210525,0.7018505820823456,0.013655128612257927,rejected,False,
SUNUSDT,117619.5053,1628.312585775463,structure_fixed6,,fallback_no_strategy_passed_robust_filter,63,-0.06699187957820774,-0.0010879852915098617,-0.0029846431186127944,0.2857142857142857,-0.06489034471436084,-0.03821793530225237,14,-0.029917322574525507,-0.0021645110489094273,-0.0027307384419223415,0.21428571428571427,0.11784557191282857,0.005720322839312009,rejected,False,
YBUSDT,95308.1318,297.2637200347222,structure_fixed6,,fallback_no_strategy_passed_robust_filter,57,-0.0752642746121569,-0.0012338897829926275,-0.007774189309552647,0.2982456140350877,-0.14447366162078767,-0.03983661565178154,17,-0.0368975317512491,-0.002165266373179532,-0.006054118653513018,0.35294117647058826,0.5917112943180098,0.00968250871999432,rejected,False,
API3USDT,229312.3283,1618.4434306828703,structure_fixed6,,fallback_no_strategy_passed_robust_filter,58,-0.05351437451887564,-0.0008610784217196666,-0.005637757460103142,0.3103448275862069,-0.1783349323198249,-0.01895026933615529,16,-0.0352317564567618,-0.0021975002835795954,-0.004879313509136506,0.25,0.5798428869468043,0.0077810012835328735,rejected,False,
STBLUSDT,317155.7816,321.17340753472223,structure_fixed6,,fallback_no_strategy_passed_robust_filter,49,-0.1465297717405839,-0.00315090032244222,-0.007818817896829033,0.22448979591836735,-0.17189502567384296,-0.12074251316038265,13,-0.02932844924970779,-0.002244371056838296,-0.0057784535186793376,0.3076923076923077,0.6015087500200709,0.01440419030990836,rejected,False,
PHAUSDT,394981.9181,795.1713126273148,structure_fixed6,,fallback_no_strategy_passed_robust_filter,41,-0.11632741643518363,-0.002896075546475849,-0.009221879800367927,0.2682926829268293,-0.16260730905785636,-0.08885915618246587,13,-0.030147106716926886,-0.0022621274820573923,-0.007873366451285446,0.3076923076923077,0.7016235892503456,0.01032315978456011,rejected,False,
FLOWUSDT,512229.9218,1712.9227015162037,structure_fixed6,,fallback_no_strategy_passed_robust_filter,60,0.050134410097745,0.0009662923901773852,-0.006700077042921969,0.3,-0.10192999698180893,0.10029598059069245,20,-0.045589160896523984,-0.002303742992053731,-0.004862337076341704,0.25,0.49594044652024843,0.007958368644394365,rejected,False,
SXTUSDT,300760.7869,458.33086123842594,structure_fixed6,,fallback_no_strategy_passed_robust_filter,66,0.05035067135497928,0.000927602134110045,-0.0073890629766721885,0.30303030303030304,-0.07194446057279524,0.07649158097608777,10,-0.024283431550301326,-0.00236227946136216,-0.008480691630697867,0.2,0.6663955107316812,0.014442850098322912,rejected,False,
USTCUSDT,41756.5781,981.3098079976852,structure_fixed6,,fallback_no_strategy_passed_robust_filter,50,-0.07392190990702852,-0.001464089027361337,-0.005517493983705101,0.28,-0.09708374172167611,-0.028423719322451024,20,-0.04682925210241695,-0.0023654716112667725,-0.005357771048134507,0.25,0.507718930328437,0.008945059205640926,rejected,False,
MNTUSDT,2541275.1864,1037.3526204976852,structure_fixed6,,fallback_no_strategy_passed_robust_filter,55,-0.0503534614574942,-0.0008987911384815288,-0.004396622033200791,0.2545454545454545,-0.07695564716353431,-0.010730021384644739,17,-0.04005321189298472,-0.00239363743778825,-0.0035099307315745723,0.23529411764705882,0.2745935270346367,0.004067806336341517,rejected,False,
TRBUSDT,314223.5196,1516.4846922569445,structure_fixed6,,fallback_no_strategy_passed_robust_filter,64,-0.1727883545935912,-0.002875772555808032,-0.006483666560089917,0.21875,-0.2391978324525924,-0.12653297813053221,22,-0.05295606508882156,-0.002411378523884849,-0.004826182828349289,0.22727272727272727,0.5803720173301856,0.009434741411704861,rejected,False,
ZKCUSDT,163557.6811,323.0023774421296,structure_fixed6,,fallback_no_strategy_passed_robust_filter,59,-0.12830627614982693,-0.0022591338331639653,-0.006663131941234023,0.22033898305084745,-0.1804897205819186,-0.0977014400194326,14,-0.03391874650786697,-0.002431673565516712,-0.005432770921832918,0.21428571428571427,0.48393781906128064,0.00996957278651922,rejected,False,
CCUSDT,2899696.5161,277.03317605324077,structure_fixed6,,fallback_no_strategy_passed_robust_filter,71,-0.020302968811842015,-0.00020626596462784428,-0.004113871005265612,0.28169014084507044,-0.10520979640950812,0.01962704353674871,16,-0.03916139004129049,-0.0024794457149455926,-0.0043041141081068815,0.1875,0.3625104875752454,0.010647479340952892,rejected,False,
SOONUSDT,2995063.3293,438.2155718865741,structure_fixed6,,fallback_no_strategy_passed_robust_filter,50,0.1460610107612974,0.003186946891405913,-0.0068540138944586096,0.34,-0.08982306732199108,0.17143726043075214,8,-0.02166249147660171,-0.0024876336032450957,-0.007483456279838596,0.125,0.7361741164483477,0.010172326507580931,rejected,False,
SEIUSDT,2977128.3267,1084.4443797569445,structure_fixed6,,fallback_no_strategy_passed_robust_filter,73,-0.15860556140458304,-0.002310000331763976,-0.005989874072351963,0.2876712328767123,-0.19092489203412877,-0.12161606700942207,17,-0.042110850399124766,-0.0024930755928194485,-0.006491582602957346,0.29411764705882354,0.516833491765846,0.012205630160305292,rejected,False,
CROUSDT,391835.365,1715.5893681828704,structure_fixed6,,fallback_no_strategy_passed_robust_filter,70,-0.11824708569568176,-0.001768307883335681,-0.003764228475450381,0.2571428571428571,-0.13491464018778143,-0.07192691956918251,20,-0.04991004168011992,-0.0025472776220832874,-0.004239289346982477,0.25,0.2979444893174283,0.0034571498916657895,rejected,False,
FLUXUSDT,67518.5918,699.234472349537,structure_fixed6,,fallback_no_strategy_passed_robust_filter,48,-0.10399269358852381,-0.0022399014754022665,-0.005432254252177192,0.2708333333333333,-0.12307642606347591,-0.06268570961011988,17,-0.04406951265111103,-0.002616274111828057,-0.0050211221398621655,0.29411764705882354,0.4468933980139523,0.010399032648125806,rejected,False,
RENDERUSDT,3007843.2639,739.2374353125,structure_fixed6,,fallback_no_strategy_passed_robust_filter,71,-0.11525609881721988,-0.001626813320271698,-0.006036800290999621,0.3380281690140845,-0.20612224299724968,-0.03877987065701072,31,-0.07956161739193057,-0.0026394359570090418,-0.006036800290999621,0.25806451612903225,0.4657859780957386,0.008244564424339629,rejected,False,
YFIUSDT,299339.6303,1700.4832454976852,structure_fixed6,,fallback_no_strategy_passed_robust_filter,51,-0.13708350573126937,-0.002841956419422489,-0.00534114372162786,0.27450980392156865,-0.1284004263891576,-0.11591150060509259,9,-0.023947834567091042,-0.0026448602058678126,-0.00641968853657171,0.2222222222222222,0.5521404671878173,0.007094800286366665,rejected,False,
BANANAS31USDT,81016.6976,494.19411355324075,structure_fixed6,,fallback_no_strategy_passed_robust_filter,38,-0.1748230774502798,-0.00493252895072859,-0.009158564683859616,0.3157894736842105,-0.15852229870897827,-0.14042938461592014,15,-0.04001264377679059,-0.002655520781289907,-0.004626967975095097,0.4,0.5852800178781603,0.014567146463485559,rejected,False,
POPCATUSDT,2381475.2198,859.2963242013889,structure_fixed6,,fallback_no_strategy_passed_robust_filter,61,-0.07277894708119936,-0.00104441662011763,-0.008179107208516445,0.2786885245901639,-0.17084288347960574,-0.0287084174600164,17,-0.045373120094313935,-0.002686437060270934,-0.006585154884134913,0.29411764705882354,0.5394731267112549,0.015693237804176752,rejected,False,
POWRUSDT,60270.4947,1015.2967524421297,structure_fixed6,,fallback_no_strategy_passed_robust_filter,53,-0.013745953325525972,-0.00019619616716609695,-0.004892251097662225,0.3018867924528302,-0.0842460848612665,0.02487616447522356,14,-0.037684667806208494,-0.00271831923297372,-0.005060499554613739,0.21428571428571427,0.4024272962617945,0.0046683130166537135,rejected,False,
LPTUSDT,303250.3172,1695.5389167939816,structure_fixed6,,fallback_no_strategy_passed_robust_filter,58,-0.11114069633756207,-0.0019774263441318073,-0.005275362663369753,0.3275862068965517,-0.12481908568378508,-0.04913756618113563,24,-0.06520725601432009,-0.0027742438304872025,-0.005726047390832933,0.2916666666666667,0.45618742672516455,0.008951499627897874,rejected,False,
REDUSDT,159332.6203,524.3040441087963,structure_fixed6,,fallback_no_strategy_passed_robust_filter,72,-0.18930674541452752,-0.0028397526660207378,-0.006748061389688031,0.25,-0.20721634424878788,-0.1402925726696297,20,-0.057012619859642455,-0.002891408448932392,-0.006307292666496821,0.25,0.4762195692101612,0.01218478270310086,rejected,False,
CYSUSDT,19540102.2799,235.12705336805556,structure_fixed6,,fallback_no_strategy_passed_robust_filter,43,-0.025408097315205658,0.0001184431035226082,-0.0080873346648902,0.23255813953488372,-0.1679664890894481,0.003977623258159868,10,-0.02926929833157199,-0.0029288342035061468,-0.005797525333297414,0.3,0.4500827854314609,0.016208366760554815,rejected,False,
BEAMUSDT,155836.918,994.1808496643519,structure_fixed6,,fallback_no_strategy_passed_robust_filter,49,-0.13073019392540375,-0.0027628191523453283,-0.006966639167626853,0.22448979591836735,-0.1950215116208971,-0.10154279863355153,11,-0.03248612760570191,-0.0029506098504162356,-0.006593189688840705,0.18181818181818182,0.4803464992736949,0.007118386297550572,rejected,False,
USELESSUSDT,1979562.3563,390.1336042939815,structure_fixed6,,fallback_no_strategy_passed_robust_filter,65,0.10163745010826375,0.0018458338584801683,-0.01026849434823296,0.3384615384615385,-0.16429524107869187,0.1873194393062776,22,-0.07216422671229583,-0.0029821538577834124,-0.01425653706088964,0.22727272727272727,0.7537182954718217,0.0239641522285734,rejected,False,
1000FLOKIUSDT,672915.712,1257.2168450347222,structure_fixed6,,fallback_no_strategy_passed_robust_filter,60,-0.029125072147397568,-0.0003735656441178551,-0.006543126630425332,0.3,-0.1505685432379008,0.03241604365326056,20,-0.059608833259595095,-0.0030286954573834845,-0.006245685050539406,0.15,0.42800643959452467,0.009922370306457595,rejected,False,
FFUSDT,993234.9206,308.9901436458333,structure_fixed6,,fallback_no_strategy_passed_robust_filter,52,-0.021447931643379214,-0.00035593813021763575,-0.004940342731430735,0.36538461538461536,-0.11945862067581603,0.03790025244413475,19,-0.0571810093963806,-0.00306644417183761,-0.004074224810743709,0.2631578947368421,0.41010444288820863,0.010821422919905288,rejected,False,
2ZUSDT,189868.7922,306.0212316087963,structure_fixed6,,fallback_no_strategy_passed_robust_filter,49,-0.1290774091795972,-0.002741021369277989,-0.006548511382346799,0.24489795918367346,-0.1197865898737005,-0.08354298870935295,16,-0.04968527700619363,-0.0031594080342540807,-0.005035931764410972,0.1875,0.3583903377407675,0.006845188672555791,rejected,False,
STOUSDT,878525.6026,475.19428716435186,structure_fixed6,,fallback_no_strategy_passed_robust_filter,68,-0.26407543467207484,-0.004351558522074069,-0.006396374238416324,0.27941176470588236,-0.2953112560577327,-0.20970178969426945,22,-0.06880142744695139,-0.0031676315506467645,-0.005859527883660009,0.18181818181818182,0.4720377764582651,0.008149914459386842,rejected,False,
XAGUSDT,30763017.2314,148.4726667939815,structure_fixed6,,fallback_no_strategy_passed_robust_filter,57,-0.02442074122414084,-0.00033769680785618956,-0.004655245550822972,0.2807017543859649,-0.12291985505324188,0.04616855658658703,21,-0.06747411530035397,-0.0033053511894343716,-0.00532801913194536,0.23809523809523808,0.3028408967351115,0.007268138403032198,rejected,False,
WLDUSDT,35059034.434,1107.2639052199074,structure_fixed6,,fallback_no_strategy_passed_robust_filter,75,-0.1461371285444193,-0.001955256441438927,-0.007226664049704067,0.29333333333333333,-0.24570642993452152,-0.06097267804590034,27,-0.090694326466767,-0.00336258978960055,-0.008314524555903757,0.2962962962962963,0.6197931337641139,0.01640794744527918,rejected,False,
CARVUSDT,120086.2117,657.2273890162037,structure_fixed6,,fallback_no_strategy_passed_robust_filter,54,-0.11304402396853097,-0.002116602820151402,-0.00572977434904015,0.2777777777777778,-0.1778576761079057,-0.06886623898246225,14,-0.04744515432217988,-0.003430288442328376,-0.00572977434904015,0.21428571428571427,0.41018645015848837,0.011887123265053812,rejected,False,
LSKUSDT,422711.3575,944.9484538310185,structure_fixed6,,fallback_no_strategy_passed_robust_filter,53,-0.1020447108375443,-0.0019512925758753952,-0.005040837955500809,0.20754716981132076,-0.19380657944483637,-0.060335785792464125,13,-0.044387052751876266,-0.0034702033078293057,-0.005262452692600394,0.07692307692307693,0.24297137815108585,0.011715797430083219,rejected,False,
MERLUSDT,179816.7637,837.1294029050925,structure_fixed6,,fallback_no_strategy_passed_robust_filter,58,-0.1305916900737646,-0.0022755811703006317,-0.008337080394901997,0.2413793103448276,-0.22074564930077212,-0.10167567286180468,9,-0.03218883908451897,-0.003588664215783768,-0.007440786512643126,0.2222222222222222,0.42275556324783153,0.005810654448836106,rejected,False,
SKLUSDT,265855.2327,1596.2353404050925,structure_fixed6,,fallback_no_strategy_passed_robust_filter,49,-0.04989589593352706,-0.0009344328715462216,-0.0071495818017308635,0.2857142857142857,-0.11219303291699723,0.003711776917273868,15,-0.05340942896520329,-0.0035999771118852813,-0.006368756628343019,0.2,0.45134824912652,0.012742591371825984,rejected,False,
NEOUSDT,448060.9905,1647.4918103125,structure_fixed6,,fallback_no_strategy_passed_robust_filter,47,0.017385888561604723,0.00043876254644540817,-0.004977263240974804,0.40425531914893614,-0.10445715802575983,0.07822304074019537,16,-0.05642353194087357,-0.0036003452015474086,-0.0056099032030498255,0.25,0.3164008670880499,0.008608770852329473,rejected,False,
PRLUSDT,1289744.1115,130.38731957175926,structure_fixed6,,fallback_no_strategy_passed_robust_filter,38,0.00721011052079068,0.0009025505502527518,-0.008743556000174402,0.23684210526315788,-0.1477571766897805,0.05314040363975403,12,-0.04361269680683011,-0.0036668414097803803,-0.005337244075750646,0.25,0.38818068281334656,0.019858387602567196,rejected,False,
VELODROMEUSDT,158116.6419,599.1958033680555,structure_fixed6,,fallback_no_strategy_passed_robust_filter,38,-0.008259214507395307,-0.0001038618575301876,-0.0059488419499091885,0.2631578947368421,-0.0829206269173891,0.04860571191817731,15,-0.05422908322857756,-0.0036796160435934658,-0.006395456597191983,0.2,0.3756583525687943,0.008849557522123908,rejected,False,
ILVUSDT,106997.823,1712.5893681828704,structure_fixed6,,fallback_no_strategy_passed_robust_filter,49,-0.06187029269003008,-0.0011808599002967296,-0.005627263343414123,0.2857142857142857,-0.14417902482809541,-3.202582484329586e-05,17,-0.06184024735011662,-0.003717665159056961,-0.005164534206464676,0.23529411764705882,0.30045691220631376,0.0069637883008357715,rejected,False,
IRYSUSDT,788490.3926,250.33887049768518,structure_fixed6,,fallback_no_strategy_passed_robust_filter,60,-0.1367176087358556,-0.002339041659508932,-0.007737481443312044,0.31666666666666665,-0.21958653985687282,-0.05505118108282925,24,-0.08642418088485337,-0.0037240596601242856,-0.007343366307696829,0.25,0.38074955003908806,0.008843988198154573,rejected,False,
LUNA2USDT,242641.1294,1526.2629445717594,structure_fixed6,,fallback_no_strategy_passed_robust_filter,69,-0.18359457322189543,-0.0028749339517247334,-0.0056635895770302805,0.18840579710144928,-0.20720616093251532,-0.1083589300526353,23,-0.08437884447572808,-0.0037933265599114146,-0.005053095601492807,0.08695652173913043,0.295449337076724,0.011272141706924366,rejected,False,
ROBOUSDT,1844536.9401,160.19281725694444,structure_fixed6,,fallback_no_strategy_passed_robust_filter,58,-0.06242740899522159,-0.0009212239687784691,-0.007503715347879413,0.3793103448275862,-0.1535171657205755,0.013200001635596648,20,-0.07464213433550504,-0.003811520959016129,-0.006771035929077406,0.35,0.44052579343299786,0.020590781839862737,rejected,False,
XAUUSDT,117243059.2386,148.4963126273148,structure_fixed6,,fallback_no_strategy_passed_robust_filter,45,-0.0526306401769604,-0.0011691465599377115,-0.0028927721893842176,0.15555555555555556,-0.0781060704941191,-0.01192331779250555,11,-0.041198545737876624,-0.0038161325005211413,-0.004226921385005577,0.0,0.0,0.004325330940074146,rejected,False,
ZILUSDT,835760.2556,1647.8265672569444,structure_fixed6,,fallback_no_strategy_passed_robust_filter,64,0.12028723620312598,0.0019599938367075957,-0.005028389807297417,0.359375,-0.08241394647756006,0.2119199457586225,20,-0.07560953995037778,-0.00386810818615807,-0.006450160590684039,0.15,0.4020242840318591,0.010464393225827484,rejected,False,
HMSTRUSDT,641740.0718,692.3336274421297,structure_fixed6,,fallback_no_strategy_passed_robust_filter,46,-0.006151370595374406,0.00021380000640573414,-0.006904343312164717,0.2826086956521739,-0.09508570758268842,0.0470728380920542,13,-0.050831429057420996,-0.00393102208047515,-0.007169920284347152,0.3076923076923077,0.502765885852083,0.016082231620128118,rejected,False,
CTCUSDT,241873.8191,1540.2575394791666,structure_fixed6,,fallback_no_strategy_passed_robust_filter,56,-0.09379095487279876,-0.001656149018072452,-0.005216286697436622,0.2857142857142857,-0.15292463642321563,-0.04520019782890161,13,-0.050891042219958216,-0.003987057292322012,-0.005675282923175983,0.23076923076923078,0.27715785712573243,0.019804518572824392,rejected,False,
ICXUSDT,101565.6437,1574.3239167939814,structure_fixed6,,fallback_no_strategy_passed_robust_filter,53,0.02730558441746722,0.0006246868583411321,-0.005104833437345801,0.3018867924528302,-0.11830828341195232,0.08921618867372993,14,-0.05683959245193326,-0.004156569430941464,-0.005108337771304538,0.14285714285714285,0.1952018544018078,0.00945853607743874,rejected,False,
XDCUSDT,271345.0477,540.1971575347222,structure_fixed6,,fallback_no_strategy_passed_robust_filter,59,-0.05571838732885104,-0.0008933888996322457,-0.004291066992163194,0.23728813559322035,-0.12753111897999325,0.009857515854817533,16,-0.06493579752997214,-0.004185284000382976,-0.003990544930563721,0.0,0.0,0.005856892871989872,rejected,False,
AKTUSDT,3917254.3959,769.2170302199074,structure_fixed6,,fallback_no_strategy_passed_robust_filter,47,0.017470075452900247,0.0005751023378118457,-0.007475365115974685,0.2978723404255319,-0.13043605793253155,0.09867564165341225,18,-0.07391222952599963,-0.004192223747182101,-0.0074954553390002,0.16666666666666666,0.3764842168338978,0.014032645109771646,rejected,False,
INJUSDT,7147425.0006,1448.5893681828704,structure_fixed6,,fallback_no_strategy_passed_robust_filter,46,-0.018652095872948582,-0.0003062968114304524,-0.006528352173445328,0.2826086956521739,-0.10180506312530713,0.0326188928044191,12,-0.049651414509882086,-0.004196683254329638,-0.007659234483431031,0.25,0.37118858334306276,0.013441073640206858,rejected,False,
POWERUSDT,134518.2047,218.1485001273148,structure_fixed6,,fallback_no_strategy_passed_robust_filter,55,-0.15835251648810222,-0.0028391391744428405,-0.009947844176822596,0.23636363636363636,-0.27067122150933143,-0.1360523207596439,6,-0.025811974803921167,-0.0042173096604297316,-0.009967225689710646,0.3333333333333333,0.5793930729174146,0.025585322155725065,rejected,False,
SUIUSDT,18288149.027,1190.078673738426,structure_fixed6,,fallback_no_strategy_passed_robust_filter,76,-0.05512249670387692,-0.0006332575151477443,-0.0057848155110507,0.3157894736842105,-0.18342679460554823,0.014082007517523643,16,-0.06824349875885649,-0.004381439534053608,-0.006273398020037234,0.125,0.2771041819407317,0.011241402551296353,rejected,False,
ZROUSDT,4750129.7309,775.0101320717592,structure_fixed6,,fallback_no_strategy_passed_robust_filter,57,-0.15688827300684005,-0.0028231264507382124,-0.009273084243643148,0.22807017543859648,-0.24791471407269394,-0.09383874920355373,16,-0.06957870218779538,-0.004436086240037343,-0.008034350603748186,0.125,0.3985895417896474,0.012925168529022257,rejected,False,
MOVEUSDT,1020594.4769,603.0850047569445,structure_fixed6,,fallback_no_strategy_passed_robust_filter,78,-0.1496920796951403,-0.001998825971053072,-0.006218752282410255,0.2948717948717949,-0.22435654812264771,-0.039536209731350525,27,-0.11469028929552705,-0.004458910762459025,-0.006986394557823238,0.18518518518518517,0.31049342545753844,0.009777777777777885,rejected,False,
LYNUSDT,193078.7276,302.2519376273148,structure_fixed6,,fallback_no_strategy_passed_robust_filter,52,-0.15802820016106123,-0.0024968697361523783,-0.009956100013594149,0.28846153846153844,-0.34403450040078754,-0.10587358006197967,13,-0.058330252787628045,-0.004533366701715959,-0.008031747444918969,0.15384615384615385,0.4411526319000479,0.015236567762630271,rejected,False,
LUMIAUSDT,119294.8139,648.2726783680556,structure_fixed6,,fallback_no_strategy_passed_robust_filter,31,-0.13808519261640084,-0.004682606921056784,-0.008853686641790093,0.22580645161290322,-0.18371381454337365,-0.10494255989193135,8,-0.03702849810451048,-0.004608191902675862,-0.007966250719415868,0.25,0.4524256059573027,0.02437055003593014,rejected,False,
ALLOUSDT,4006749.0345,263.06691447916666,structure_fixed6,,fallback_no_strategy_passed_robust_filter,44,-0.044206121309049995,-0.00013023438368796702,-0.008902636562715116,0.22727272727272727,-0.22171884089852045,0.022061120523732658,13,-0.06483686787618481,-0.004709452503912244,-0.012546087453285448,0.23076923076923078,0.6209957752574624,0.02087324047515282,rejected,False,
ARKMUSDT,335977.45,1103.5191019791666,structure_fixed6,,fallback_no_strategy_passed_robust_filter,62,-0.23497793827042546,-0.004227047325177618,-0.006831090828371632,0.22580645161290322,-0.27427024342524886,-0.15076111297742867,22,-0.09916741517602978,-0.004720474781096162,-0.00623288984640552,0.13636363636363635,0.1908674710969711,0.008082026761463856,rejected,False,
PORTALUSDT,452249.4585,886.4359191087963,structure_fixed6,,fallback_no_strategy_passed_robust_filter,77,0.13187549691086287,0.002046868957603494,-0.006874484263953983,0.33766233766233766,-0.2575437409636129,0.2473418611240743,19,-0.09256994238063676,-0.00482905137892078,-0.007312289880898159,0.2631578947368421,0.5296231705536785,0.01340388066572995,rejected,False,
HEMIUSDT,277696.6608,315.04727327546294,structure_fixed6,,fallback_no_strategy_passed_robust_filter,53,-0.010403698151430607,-3.358353223271443e-05,-0.007831758532642619,0.3018867924528302,-0.11158690644277847,0.06493674331584898,15,-0.07074640061032667,-0.004831664215518631,-0.007861757669206382,0.2,0.33145969654065194,0.008273279913618703,rejected,False,
DOODUSDT,116008.4598,452.03343068287035,structure_fixed6,,fallback_no_strategy_passed_robust_filter,62,-0.22704600837914846,-0.004071169085914009,-0.007622139914731651,0.22580645161290322,-0.23684674471771172,-0.18795657385466347,10,-0.04813712329405506,-0.004901810419339292,-0.007019805625175567,0.2,0.2221831228906968,0.01386018218413354,rejected,False,
FIDAUSDT,150871.0435,678.2121228125,structure_fixed6,,fallback_no_strategy_passed_robust_filter,58,-0.23557200914921295,-0.00453800940895696,-0.007101334885802889,0.1724137931034483,-0.22005078259539446,-0.15884668194508178,19,-0.09121443803081097,-0.005004566294684645,-0.006501875015789137,0.05263157894736842,0.15807079546933234,0.017331991501733368,rejected,False,
ADAUSDT,122968534.6844,2027.5893681828704,structure_fixed6,,fallback_no_strategy_passed_robust_filter,64,-0.22339919309583134,-0.003886722664164984,-0.006371610534237459,0.234375,-0.2704681488368528,-0.1623748666758874,15,-0.07285398204059279,-0.005011357017680074,-0.006831120522859057,0.26666666666666666,0.18409789151842698,0.01183124233833599,rejected,False,
SNXUSDT,643925.6812,1695.5467987384259,structure_fixed6,,fallback_no_strategy_passed_robust_filter,57,-0.18621363148787795,-0.003534474239508924,-0.007431562595314189,0.21052631578947367,-0.18128223026775048,-0.13941767565974172,11,-0.054377082243713515,-0.005032291027697039,-0.00537399800919791,0.18181818181818182,0.2651386583026772,0.019908071862920318,rejected,False,
SCRTUSDT,130701.9616,1588.179148275463,structure_fixed6,,fallback_no_strategy_passed_robust_filter,60,-0.13003301393283118,-0.0022132449699703515,-0.007077849343962605,0.3,-0.14653459994955342,-0.05061478883607351,17,-0.08365226692270977,-0.0050768493495854826,-0.007744485404116318,0.23529411764705882,0.3254548366582984,0.017234387672343754,rejected,False,
BIGTIMEUSDT,183127.0567,1027.231208460648,structure_fixed6,,fallback_no_strategy_passed_robust_filter,75,-0.17501440397996293,-0.0024843240408622793,-0.006545286506469571,0.21333333333333335,-0.19100589349824804,-0.06216623906112595,25,-0.12032853755004869,-0.005095512349942179,-0.007272647716758062,0.12,0.20224577712708905,0.01360407536763053,rejected,False,
BLASTUSDT,292508.3474,768.1968913310185,structure_fixed6,,fallback_no_strategy_passed_robust_filter,72,-0.13781332372489252,-0.0019682369926686074,-0.0066764840203589184,0.3055555555555556,-0.17106087972434747,-0.04147471205546882,20,-0.10050711533757528,-0.005266259667843359,-0.006716296875603766,0.2,0.14586240057518546,0.012210766340080892,rejected,False,
BREVUSDT,275962.6311,217.0504214236111,structure_fixed6,,fallback_no_strategy_passed_robust_filter,53,-0.14034730683883123,-0.0027637279814365493,-0.0067284474005404596,0.22641509433962265,-0.17388385649359694,-0.07421443570581054,14,-0.07143432959385099,-0.00526640773221569,-0.006701475827670888,0.14285714285714285,0.12250916933010128,0.007173006254553971,rejected,False,
IOTAUSDT,592052.4197,1679.1612084606481,structure_fixed6,,fallback_no_strategy_passed_robust_filter,52,-0.13656321717509956,-0.0027635375374514036,-0.005915402788088552,0.23076923076923078,-0.1675301882338769,-0.08953698306158564,10,-0.0516508998593348,-0.005268666051150295,-0.006293866787962953,0.1,0.19913727279019963,0.00812208806796011,rejected,False,
1000LUNCUSDT,601812.7169,1425.5893566087964,structure_fixed6,,fallback_no_strategy_passed_robust_filter,46,-0.1716839860511421,-0.003998329604993112,-0.006862778050127415,0.2391304347826087,-0.21912741810047265,-0.08834039762215562,18,-0.09141963536785513,-0.005289612715283615,-0.0068410024473600775,0.16666666666666666,0.2011499866749456,0.011672738395232751,rejected,False,
HFTUSDT,16144800.9305,1239.3075510532408,structure_fixed6,,fallback_no_strategy_passed_robust_filter,66,0.18240664068242007,0.0028006043658148913,-0.007252664904791261,0.3333333333333333,-0.07529080671685395,0.2545173353290868,11,-0.05748082757880024,-0.005318205161150184,-0.008129054235325173,0.2727272727272727,0.3319057283968922,0.01621017328116281,rejected,False,
AIOZUSDT,85280.5211,782.2449121643518,structure_fixed6,,fallback_no_strategy_passed_robust_filter,74,0.03412423432071221,0.0006980600610178563,-0.006813025999933219,0.33783783783783783,-0.15050806892627544,0.16329329877980303,22,-0.11103740096721759,-0.005324890976187708,-0.006798088748943608,0.18181818181818182,0.09584153072822753,0.015955828842768915,rejected,False,
JUPUSDT,2602336.8214,915.9288704976852,structure_fixed6,,fallback_no_strategy_passed_robust_filter,63,-0.15764784627452222,-0.002621407364732735,-0.00783538400886008,0.31746031746031744,-0.18873892184231988,-0.0817050648909422,16,-0.08269977158761155,-0.005340996736977986,-0.009906189311706004,0.25,0.2782682450616039,0.020046918916231782,rejected,False,
IDUSDT,304534.7746,1229.318673738426,structure_fixed6,,fallback_no_strategy_passed_robust_filter,51,0.06481925293521318,0.0015452336779961068,-0.006299267287697695,0.27450980392156865,-0.1483188004554179,0.11843985502195387,9,-0.0479423205870001,-0.005403936581107074,-0.006092761004001467,0.1111111111111111,0.26742969033947167,0.01209325217952073,rejected,False,
TAIKOUSDT,445205.1339,789.9938242013889,structure_fixed6,,fallback_no_strategy_passed_robust_filter,64,-0.1110496245775946,-0.001772813245186208,-0.004910010814843101,0.25,-0.15523566493389263,-0.053820928045920646,11,-0.0604840016314071,-0.005479679167818532,-0.00758999249503156,0.18181818181818182,0.5038756856279433,0.010061413824643761,rejected,False,
ALPINEUSDT,45282.4044,355.1828519791667,structure_fixed6,,fallback_no_strategy_passed_robust_filter,38,-0.05231529293283643,-0.001342625249209125,-0.005292895861335522,0.23684210526315788,-0.09999323389984582,0.01900340687121549,13,-0.06998867650799268,-0.005554047390703147,-0.006952289419961843,0.07692307692307693,0.11725315070904302,0.008934202515091583,rejected,False,
TACUSDT,249440.3149,385.139159849537,structure_fixed6,,fallback_no_strategy_passed_robust_filter,51,-0.1608529509115315,-0.0029678923248075764,-0.0054848863517363835,0.27450980392156865,-0.23087100274355954,-0.0891288512614008,11,-0.07874231141194499,-0.005593007152802239,-0.01386587401270356,0.2727272727272727,0.7710068494090533,0.031521890201528846,rejected,False,
PTBUSDT,4691713.8482,335.0422501273148,structure_fixed6,,fallback_no_strategy_passed_robust_filter,63,-0.038320069094319176,-0.00030613482855110187,-0.010870680673443212,0.3333333333333333,-0.234364847647775,0.006834666212888196,8,-0.04484821274286532,-0.005670840816336051,-0.007318425618287272,0.125,0.2963164604146349,0.012361313436405785,rejected,False,
QNTUSDT,388498.7238,1142.3393681828704,structure_fixed6,,fallback_no_strategy_passed_robust_filter,52,-0.15702271960692538,-0.0032070942711610404,-0.0061420120033741634,0.11538461538461539,-0.20280242605835397,-0.06592294286253275,18,-0.09752918782051367,-0.005676615117655239,-0.006385467000460498,0.05555555555555555,0.058642829408260065,0.007390899701670728,rejected,False,
TLMUSDT,1073949.8343,1716.5893681828704,structure_fixed6,,fallback_no_strategy_passed_robust_filter,44,-0.15739460948446626,-0.0037847411211489475,-0.008585583608432645,0.29545454545454547,-0.19339035793249215,-0.0991270999176016,11,-0.06467894589962131,-0.005895385465915625,-0.012874069084533368,0.2727272727272727,0.501134023947415,0.020391057459037354,rejected,False,
FIGHTUSDT,537032.2627,193.10168299768517,structure_fixed6,,fallback_no_strategy_passed_robust_filter,40,-0.19899525962211584,-0.005360152096902726,-0.01017419489998228,0.275,-0.19592434627566424,-0.15410115575911565,9,-0.053072662492272826,-0.0060227508672653736,-0.007943061446809563,0.1111111111111111,0.08095660536422149,0.024193826478832614,rejected,False,
MEMEUSDT,211647.7497,1005.2221806828703,structure_fixed6,,fallback_no_strategy_passed_robust_filter,63,0.08592711830548128,0.0014130134063425539,-0.0058695165500936,0.4126984126984127,-0.09914833509330512,0.20400546173807466,17,-0.09807126893107143,-0.006044984248115778,-0.006142941624827424,0.17647058823529413,0.04611095408085666,0.007428047279776084,rejected,False,
INXUSDT,530590.5484,187.22836123842592,structure_fixed6,,fallback_no_strategy_passed_robust_filter,48,-0.18751913486496985,-0.004175053058733833,-0.0090690328685894,0.22916666666666666,-0.1918758449420782,-0.1203051532489795,13,-0.07640601950123027,-0.006059511714632977,-0.008268131968712678,0.15384615384615385,0.2188279210806231,0.016722496900833717,rejected,False,
XPLUSDT,3876390.3516,347.19545614583336,structure_fixed6,,fallback_no_strategy_passed_robust_filter,71,-0.1998682070556569,-0.00300703162632519,-0.00797089006108398,0.28169014084507044,-0.2977481757660039,-0.05456729238431246,27,-0.15368720957177717,-0.006107985355225219,-0.009449623406615593,0.2222222222222222,0.27807930541992704,0.01554269244060369,rejected,False,
ACUUSDT,194213.1761,193.26670614583333,structure_fixed6,,fallback_no_strategy_passed_robust_filter,42,-0.07297751043624612,-0.0015102682741312994,-0.007389195898891198,0.19047619047619047,-0.1616618730374939,-0.03821800740953163,6,-0.036140729702261565,-0.0061128534597337985,-0.005031168185164968,0.0,0.0,0.01022961950783663,rejected,False,
OPNUSDT,1156564.2022,174.18000475694444,structure_fixed6,,fallback_no_strategy_passed_robust_filter,59,-0.3234596971322178,-0.006455035158671512,-0.011578619000054302,0.2711864406779661,-0.3395573948020493,-0.26227806122543496,14,-0.0829331929702567,-0.006117063800894916,-0.009891009682073959,0.2857142857142857,0.27913828069499813,0.01363566098403024,rejected,False,
ACTUSDT,1316293.8117,631.2461737384259,structure_fixed6,,fallback_no_strategy_passed_robust_filter,61,-0.13740708940367385,-0.0023169496206428557,-0.007454195850181477,0.26229508196721313,-0.13874922959371228,-0.0703539746046764,12,-0.07212757648319301,-0.006168254381781109,-0.00785607026035201,0.16666666666666666,0.2533507293225318,0.019129638553409878,rejected,False,
METUSDT,561173.6451,298.17679873842593,structure_fixed6,,fallback_no_strategy_passed_robust_filter,47,-0.14688988080867982,-0.0032687010366265023,-0.007711575572222017,0.23404255319148937,-0.19975429533572098,-0.10169922307516921,8,-0.05030682249681706,-0.006406831315852721,-0.008858325680341672,0.125,0.18849363720078113,0.016736333642208834,rejected,False,
1000CATUSDT,86159.3381,691.1066714236111,structure_fixed6,,fallback_no_strategy_passed_robust_filter,60,-0.11362377722502293,-0.0019242625914086154,-0.0067402649645185156,0.25,-0.1572916920703129,0.02186997038978289,22,-0.13259392245681023,-0.006437156926108038,-0.007817988793535735,0.13636363636363635,0.03746724978994489,0.013706702810204252,rejected,False,
MUSDT,772027.3142,392.18933346064813,structure_fixed6,,fallback_no_strategy_passed_robust_filter,40,-0.06916049269308089,-0.0014927398223852002,-0.00680227326805538,0.225,-0.12330355420656658,0.010489592355518607,12,-0.07882326117078531,-0.006654676955271564,-0.007415077975325812,0.08333333333333333,0.36679488206171124,0.017213112250062834,rejected,False,
VELVETUSDT,2066049.0536,385.15521309027775,structure_fixed6,,fallback_no_strategy_passed_robust_filter,44,-0.1333815641110121,-0.0029144916542464465,-0.010618250780591088,0.2727272727272727,-0.18159437263737488,-0.06430873493857447,11,-0.07382010685747187,-0.006669822949530002,-0.01140928768201499,0.18181818181818182,0.5139071341983237,0.020341611819212346,rejected,False,
CATIUSDT,288199.9526,694.2454792939815,structure_fixed6,,fallback_no_strategy_passed_robust_filter,54,-0.16529579821910678,-0.003235641490452704,-0.0072397655855719325,0.25925925925925924,-0.20109250657256617,-0.07275051563482282,15,-0.0998062378515564,-0.0068293884224262785,-0.009620554765333189,0.26666666666666666,0.36503245740267504,0.016934095036407193,rejected,False,
MOVRUSDT,73905.156,985.3328635532407,structure_fixed6,,fallback_no_strategy_passed_robust_filter,56,-0.21267251127313302,-0.004147610018172737,-0.007667853090365772,0.14285714285714285,-0.2627269264986898,-0.11476162251437838,17,-0.1106039810845697,-0.006854652958336244,-0.006362763800221604,0.11764705882352941,0.07445638094680959,0.014915098669114224,rejected,False,
XNYUSDT,313802.5741,356.03819920138886,structure_fixed6,,fallback_no_strategy_passed_robust_filter,39,-0.31152372143715557,-0.008792409468525208,-0.012093832695148299,0.20512820512820512,-0.299559217407698,-0.2533125103094047,11,-0.07795926934824071,-0.007265233745166844,-0.009772278699566428,0.2727272727272727,0.27294261655480495,0.010040844111640634,rejected,False,
JCTUSDT,896883.4761,260.16428716435183,structure_fixed6,,fallback_no_strategy_passed_robust_filter,40,0.36854361434116667,0.009286284125634378,-0.010513655156149715,0.4,-0.14357124412080957,0.5641155357825598,17,-0.12503674886365979,-0.007544260175293429,-0.014501434600937113,0.23529411764705882,0.4978655963066187,0.019979556056562098,rejected,False,
AVNTUSDT,480704.0649,329.0021343865741,structure_fixed6,,fallback_no_strategy_passed_robust_filter,71,-0.25550567255174716,-0.00406949825334937,-0.007345000496955522,0.16901408450704225,-0.2618016564128022,-0.1382236591947199,19,-0.13609333164964166,-0.007665827333984787,-0.00701657860158078,0.0,0.0,0.02031184401017594,rejected,False,
ASPUSDT,125569.4778,376.08028253472224,structure_fixed6,,fallback_no_strategy_passed_robust_filter,46,-0.004556213993498259,0.00011264910176289852,-0.006860711691749343,0.2826086956521739,-0.14600319266480433,0.11099132168332937,14,-0.10400399483026967,-0.007727464018630582,-0.008735841505360331,0.14285714285714285,0.2619492053734192,0.018618096382831073,rejected,False,
KAITOUSDT,24445159.5746,530.0323427199074,structure_fixed6,,fallback_no_strategy_passed_robust_filter,26,0.15550646231197263,0.005852915069164675,-0.00028808138346408853,0.5,-0.05998667159049109,0.19321454863510845,4,-0.031602100700388935,-0.007908264582080299,-0.011858790148663034,0.25,0.3045144015612302,0.018062049906757527,rejected,False,
CELOUSDT,416220.4643,1672.2793913310186,structure_fixed6,,fallback_no_strategy_passed_robust_filter,40,0.03479804530523434,0.0009615463152326698,-0.005642253430807597,0.375,-0.11074215378503016,0.09446073981481806,7,-0.05451332545713661,-0.00796839826833784,-0.006164950300981963,0.0,0.0,0.010584439623259279,rejected,False,
JTOUSDT,3809710.4394,970.7627593865741,structure_fixed6,,fallback_no_strategy_passed_robust_filter,33,-0.15272909239998933,-0.0049273406456745855,-0.00852600637914247,0.21212121212121213,-0.19944889839095004,-0.054105381935976915,13,-0.10426500857555043,-0.008360017810234911,-0.011923852949471292,0.07692307692307693,0.22132595215140544,0.006169154228856,rejected,False,
ARIAUSDT,177042.2306,335.05667142361114,structure_fixed6,,fallback_no_strategy_passed_robust_filter,66,-0.05145219205702545,-0.00021600033772345764,-0.007772489875413902,0.2878787878787879,-0.3332890829738867,0.03570217197059633,10,-0.0841500253512033,-0.008743859155604505,-0.010194102513972625,0.1,0.016946401341648484,0.02466783804462125,rejected,False,
AGLDUSDT,260778.2805,1565.3217640162038,structure_fixed6,,fallback_no_strategy_passed_robust_filter,64,-0.15013142224384712,-0.0024502986042810367,-0.005678695183459092,0.265625,-0.2047345650837371,-0.033004721964269845,14,-0.12112437665414266,-0.009130037234686408,-0.008760324472751047,0.14285714285714285,0.07800352498337111,0.008872152754006879,rejected,False,
EULUSDT,5172439.8672,294.23481957175926,structure_fixed6,,fallback_no_strategy_passed_robust_filter,44,-0.17222503627053232,-0.004195585953373665,-0.0079912674577578,0.22727272727272727,-0.16398395911164698,-0.0822314173639429,11,-0.09805698365497062,-0.009333213876031709,-0.00874472531304582,0.0,0.0,0.017048844473460445,rejected,False,
TRIAUSDT,639647.5196,180.1715441087963,structure_fixed6,,fallback_no_strategy_passed_robust_filter,42,-0.37799939140091987,-0.01088617596259627,-0.016648374584359582,0.16666666666666666,-0.3678006886470867,-0.3101558592238802,10,-0.09834617439920734,-0.010056305484198214,-0.01091300548487062,0.2,0.3098541106820084,0.021893354419986744,rejected,False,
BSBUSDT,959148.1716,131.38866216435184,structure_fixed6,,fallback_no_strategy_passed_robust_filter,43,-0.06681079570716142,-0.0005126414437508058,-0.017960293073229106,0.2558139534883721,-0.4068335704602768,0.11359499517261584,16,-0.1620030546669372,-0.01079966045492043,-0.016319932853122,0.0625,0.2594265929629775,0.019049293249458144,rejected,False,
ZEREBROUSDT,4739398.362,582.2443681828704,structure_fixed6,,fallback_no_strategy_passed_robust_filter,44,-0.250429375383454,-0.006334667626049203,-0.010405396560180469,0.25,-0.2857496896755055,-0.20512100789893895,5,-0.05700033330199594,-0.011666283213144068,-0.01051171755277569,0.0,0.0,0.010882190447959239,rejected,False,
AKEUSDT,33963578.2926,312.03888207175925,structure_fixed6,,fallback_no_strategy_passed_robust_filter,48,-0.2905576899751049,-0.006793953416367696,-0.011388299805932534,0.25,-0.2763018581318921,-0.2027775510713482,9,-0.11010745999654181,-0.012478360745927551,-0.00625762355415349,0.2222222222222222,0.1486875863617123,0.021614655242100156,rejected,False,
BANKUSDT,40422301.778,453.2200279050926,structure_fixed6,,fallback_no_strategy_passed_robust_filter,39,-0.19407006373204472,-0.004978533559296607,-0.007641166458217884,0.3076923076923077,-0.26254167243498006,-0.05965192409203768,10,-0.1429450892534858,-0.014121343640115991,-0.008012326547202353,0.3,0.4181404545045621,0.008139810295814454,rejected,False,
LABUSDT,2677913.781,281.2005950347222,structure_fixed6,,fallback_no_strategy_passed_robust_filter,49,-0.06164935394398208,0.0007022444302601307,-0.01483237868803089,0.30612244897959184,-0.4282668296898843,0.4177851423824914,25,-0.3381573709545419,-0.015161711562908011,-0.02418094011590466,0.24,0.4412748134306723,0.04511865425052575,rejected,False,
EPICUSDT,3442969.6209,508.24352327546296,structure_fixed6,,fallback_no_strategy_passed_robust_filter,49,-0.04843484405251086,-0.0008461188689810436,-0.008580915817507084,0.3673469387755102,-0.18230576824544242,0.0697733107916314,6,-0.11049832114120339,-0.01929358209324783,-0.01692664293188595,0.0,0.0,0.028223509423817794,rejected,False,
USUSDT,3569038.7548,235.1264515162037,structure_fixed6,,fallback_no_strategy_passed_robust_filter,31,0.05258956453410435,0.002006180055107167,-0.008692265797787813,0.3548387096774194,-0.1479680426623573,0.10275570200471162,2,-0.04549161466987639,-0.02299702666292308,-0.02299702666292308,0.0,0.0,0.19390683816999899,rejected,False,
DEXEUSDT,14928883.6322,740.2081297569445,structure_fixed6,,fallback_no_strategy_passed_robust_filter,25,-0.3968325655574848,-0.017730376781885465,-0.01255187566749738,0.16,-0.4389182434668918,-0.019758105831484518,12,-0.38467490725424613,-0.035449957192839006,-0.020894579613212505,0.08333333333333333,0.30344283783316855,0.031205189809825562,rejected,False,
USD1USDT,659929.87,384.1380255902778,structure_fixed6,,fallback_no_strategy_passed_robust_filter,1,-0.0017456407372810068,-0.001745640737281006,-0.001745640737281006,0.0,0.0,-0.0017456407372810068,0,0.0,,,,,,rejected,False,
RLUSDUSDT,40943.6837,312.00215753472224,structure_fixed6,,fallback_no_strategy_passed_robust_filter,0,0.0,,,,0.0,0.0,0,0.0,,,,,,rejected,False,
