symbol,arm,grade,event_id,raw_time,entry_time,exit_time,entry,stop,stop_pct,exit,exit_reason,notional,margin,actual_risk_usdt,planned_risk_usdt,gross_return,net_return,pnl_usdt,net_R,cost_R,bars_held,bar_mfe_upper_bound,bar_mae_lower_bound,confirmation_eventually_passed,tracking_class,shadow_pnl_usdt,admitted,reject_reason,equity_before,equity_before_exit,equity_after
DBRUSDT,early,EXPERIMENT,DBRUSDT:2026-06-01T01:30:00+00:00,2026-06-01 01:45:00+00:00,2026-06-01 01:45:00+00:00,2026-06-01 02:00:00+00:00,0.014271,0.014214964285714286,0.003926544340670945,0.014214964285714286,structural_stop,2500.0,50.0,9.816360851677363,10.0,-0.003926544340670968,-0.004926544340670968,-12.31636085167742,-1.2546768642447441,0.25467686424473834,1,0.0011211547894329765,-0.005956134818863479,False,production,0.0,True,,1000.0,1000.0,987.6836391483225
XMRUSDT,early,EXPERIMENT,XMRUSDT:2026-06-01T02:00:00+00:00,2026-06-01 02:15:00+00:00,2026-06-01 02:15:00+00:00,2026-06-01 05:00:00+00:00,359.67,356.54535714285714,0.00868752705853386,356.54535714285714,structural_stop,1151.075551491593,23.02151102983186,10.0,10.0,-0.008687527058533817,-0.009687527058533818,-11.151075551491545,-1.1151075551491545,0.1151075551491593,11,0.008313175966858433,-0.009703339172018821,False,production,0.0,True,,987.6836391483225,987.6836391483225,976.532563596831
1000XECUSDT,early,EXPERIMENT,1000XECUSDT:2026-06-01T04:45:00+00:00,2026-06-01 05:00:00+00:00,2026-06-01 05:00:00+00:00,2026-06-01 05:45:00+00:00,0.006909,0.0068480357142857145,0.008823894299361083,0.0068480357142857145,structural_stop,1133.2864674868188,22.665729349736374,10.0,10.0,-0.008823894299361035,-0.009823894299361036,-11.133286467486764,-1.1133286467486765,0.11332864674868189,3,0.0,-0.012592270950933626,False,production,0.0,True,,976.532563596831,976.532563596831,965.3992771293442
MORPHOUSDT,early,EXPERIMENT,MORPHOUSDT:2026-06-01T03:15:00+00:00,2026-06-01 03:30:00+00:00,2026-06-01 03:30:00+00:00,2026-06-01 05:45:00+00:00,2.064,2.0352535714285716,0.01392753322259133,2.0352535714285716,structural_stop,718.0022363026479,14.360044726052958,10.0,10.0,-0.013927533222591326,-0.014927533222591327,-10.718002236302645,-1.0718002236302646,0.0718002236302648,9,0.007994186046511587,-0.02170542635658912,False,production,0.0,True,,987.6836391483225,965.3992771293442,954.6812748930416
BLURUSDT,early,EXPERIMENT,BLURUSDT:2026-06-01T04:45:00+00:00,2026-06-01 05:00:00+00:00,2026-06-01 05:00:00+00:00,2026-06-01 06:15:00+00:00,0.021316,0.021084571428571428,0.010857035627161445,0.021084571428571428,structural_stop,921.061728395054,18.42123456790108,10.0,10.0,-0.010857035627161449,-0.01185703562716145,-10.921061728395058,-1.0921061728395058,0.09210617283950541,5,4.691311690740996e-05,-0.013604803903171425,False,production,0.0,True,,976.532563596831,954.6812748930416,943.7602131646465
EVAAUSDT,early,EXPERIMENT,EVAAUSDT:2026-06-01T02:00:00+00:00,2026-06-01 02:15:00+00:00,2026-06-01 02:15:00+00:00,2026-06-01 06:15:00+00:00,0.4158,0.40213571428571426,0.03286264000549721,0.4108,fixed_4h,304.29691583899574,6.085938316779915,10.0,10.0,-0.01202501202501205,-0.01302501202501205,-3.9634709879769994,-0.39634709879769997,0.030429691583899576,16,0.017556517556517548,-0.01707551707551702,False,production,0.0,True,,987.6836391483225,943.7602131646465,939.7967421766696
SAHARAUSDT,early,EXPERIMENT,SAHARAUSDT:2026-06-01T02:30:00+00:00,2026-06-01 02:45:00+00:00,2026-06-01 02:45:00+00:00,2026-06-01 06:45:00+00:00,0.033152,0.03268978571428571,0.013942274544953186,0.03268978571428571,structural_stop,717.2430845309808,14.344861690619616,10.0,10.0,-0.013942274544953226,-0.014942274544953227,-10.71724308453101,-1.071724308453101,0.07172430845309809,16,0.041686776061776065,-0.030224420849420897,False,production,0.0,True,,987.6836391483225,939.7967421766696,929.0794990921386
XMRUSDT,early,EXPERIMENT,XMRUSDT:2026-06-01T04:45:00+00:00,2026-06-01 05:00:00+00:00,2026-06-01 05:00:00+00:00,2026-06-01 09:00:00+00:00,359.22,355.0242857142857,0.01168006872032265,359.58,fixed_4h,856.1593462717024,17.123186925434048,10.0,10.0,0.0010021713713044278,2.171371304427773e-06,0.0018590398365120157,0.00018590398365120157,0.08561593462717024,16,0.03549356940036752,-0.00701519959913155,False,production,0.0,True,,976.532563596831,929.0794990921386,929.0813581319751
1INCHUSDT,early,EXPERIMENT,1INCHUSDT:2026-06-01T13:45:00+00:00,2026-06-01 14:00:00+00:00,2026-06-01 14:00:00+00:00,2026-06-01 16:15:00+00:00,0.08476,0.08393785714285715,0.00969965617204878,0.08393785714285715,structural_stop,1030.9643788010458,20.619287576020916,10.0,10.0,-0.00969965617204882,-0.010699656172048821,-11.03096437880109,-1.1030964378801087,0.10309643788010457,9,0.003303445021236362,-0.00979235488437935,False,production,0.0,True,,929.0813581319751,929.0813581319751,918.050393753174
1000PEPEUSDT,early,EXPERIMENT,1000PEPEUSDT:2026-06-01T13:45:00+00:00,2026-06-01 14:00:00+00:00,2026-06-01 14:00:00+00:00,2026-06-01 18:00:00+00:00,0.003338,0.0032974285714285714,0.012154412394076827,0.003406,fixed_4h,822.7464788732419,16.45492957746484,10.0,10.0,0.020371479928100733,0.019371479928100732,15.937816901408558,1.593781690140856,0.08227464788732419,16,0.026662672258837672,-0.006590772917914878,False,production,0.0,True,,929.0813581319751,918.050393753174,933.9882106545826
1000TOSHIUSDT,early,EXPERIMENT,1000TOSHIUSDT:2026-06-01T13:45:00+00:00,2026-06-01 14:00:00+00:00,2026-06-01 14:00:00+00:00,2026-06-01 18:00:00+00:00,0.1467,0.14501428571428573,0.01149089492647759,0.15213,fixed_4h,870.2542372881476,17.405084745762952,10.0,10.0,0.03701431492842522,0.03601431492842522,31.341610169491833,3.1341610169491836,0.08702542372881476,16,0.04185412406271305,-0.003749147920927065,False,production,0.0,True,,929.0813581319751,933.9882106545826,965.3298208240744
1000TURBOUSDT,early,EXPERIMENT,1000TURBOUSDT:2026-06-01T13:45:00+00:00,2026-06-01 14:00:00+00:00,2026-06-01 14:00:00+00:00,2026-06-01 18:00:00+00:00,1.0311,1.0168571428571427,0.013813264613381074,1.0597,fixed_4h,723.9418254764252,14.478836509528502,10.0,10.0,0.027737367859567597,0.026737367859567596,19.356298896690063,1.9356298896690063,0.07239418254764252,16,0.033265444670739885,-0.013480748714964408,False,production,0.0,True,,929.0813581319751,965.3298208240744,984.6861197207645
AIXBTUSDT,early,EXPERIMENT,AIXBTUSDT:2026-06-01T13:45:00+00:00,2026-06-01 14:00:00+00:00,2026-06-01 14:00:00+00:00,2026-06-01 18:00:00+00:00,0.027502,0.02695607142857143,0.019850504378902217,0.028598,fixed_4h,503.7655370927671,10.075310741855342,10.0,10.0,0.03985164715293443,0.03885164715293443,19.57212089493669,1.9572120894936689,0.05037655370927671,16,0.0445785761035562,-0.007781252272561989,False,production,0.0,True,,929.0813581319751,984.6861197207645,1004.2582406157012
APTUSDT,early,EXPERIMENT,APTUSDT:2026-06-01T13:45:00+00:00,2026-06-01 14:00:00+00:00,2026-06-01 14:00:00+00:00,2026-06-01 18:00:00+00:00,0.9096,0.8957571428571429,0.015218620429702118,0.9397,fixed_4h,657.0897832817383,13.141795665634765,10.0,10.0,0.03309146877748459,0.03209146877748459,21.086976264190017,2.108697626419002,0.06570897832817384,16,0.03891820580474925,-0.0079155672823219,False,production,0.0,True,,929.0813581319751,1004.2582406157012,1025.3452168798913
AWEUSDT,early,EXPERIMENT,AWEUSDT:2026-06-01T16:00:00+00:00,2026-06-01 16:15:00+00:00,2026-06-01 16:15:00+00:00,2026-06-01 20:15:00+00:00,0.05282,0.05239678571428571,0.008012387082815044,0.05419,fixed_4h,1248.0675105485086,24.96135021097017,9.999999999999998,10.0,0.025937145020825447,0.024937145020825446,31.123240506328752,3.1123240506328753,0.12480675105485088,16,0.025937145020825447,-0.0005679666792881566,False,production,0.0,True,,918.050393753174,1025.3452168798913,1056.46845738622
EDGEUSDT,early,EXPERIMENT,EDGEUSDT:2026-06-01T21:15:00+00:00,2026-06-01 21:30:00+00:00,2026-06-01 21:30:00+00:00,2026-06-01 21:45:00+00:00,0.7498,0.6152571428571428,0.17943832641085247,0.6152571428571428,structural_stop,55.72945423656826,1.114589084731365,10.0,10.0,-0.17943832641085244,-0.18043832641085245,-10.055729454236568,-1.0055729454236566,0.005572945423656826,1,0.019871965857562124,-0.22019205121365704,False,production,0.0,True,,1056.46845738622,1056.46845738622,1046.4127279319835
HYPERUSDT,early,EXPERIMENT,HYPERUSDT:2026-06-01T22:45:00+00:00,2026-06-01 23:00:00+00:00,2026-06-01 23:00:00+00:00,2026-06-02 00:30:00+00:00,0.09179,0.09103392857142857,0.008236969480024245,0.09103392857142857,structural_stop,1214.0387340576337,24.280774681152675,10.0,10.0,-0.008236969480024281,-0.009236969480024282,-11.214038734057679,-1.1214038734057679,0.12140387340576338,6,0.0028325525656389683,-0.011112321603660491,False,production,0.0,True,,1046.4127279319835,1046.4127279319835,1035.198689197926
ATHUSDT,early,EXPERIMENT,ATHUSDT:2026-06-02T01:00:00+00:00,2026-06-02 01:15:00+00:00,2026-06-02 01:15:00+00:00,2026-06-02 01:45:00+00:00,0.00591,0.005845749999999999,0.01087140439932334,0.005845749999999999,structural_stop,919.8443579766403,18.396887159532806,10.0,10.0,-0.010871404399323326,-0.011871404399323326,-10.919844357976627,-1.091984435797663,0.09198443579766404,2,0.004737732656514337,-0.01489001692047387,False,production,0.0,True,,1035.198689197926,1035.198689197926,1024.2788448399492
MANAUSDT,early,EXPERIMENT,MANAUSDT:2026-06-02T01:00:00+00:00,2026-06-02 01:15:00+00:00,2026-06-02 01:15:00+00:00,2026-06-02 01:45:00+00:00,0.08333,0.08292107142857143,0.004907339150708916,0.08292107142857143,structural_stop,2037.7641921397253,40.755283842794505,10.0,10.0,-0.004907339150708956,-0.005907339150708956,-12.037764192139807,-1.2037764192139806,0.20377641921397255,2,0.0018000720028801265,-0.006960278411136445,False,production,0.0,True,,1035.198689197926,1024.2788448399492,1012.2410806478094
SONICUSDT,early,EXPERIMENT,SONICUSDT:2026-06-02T00:45:00+00:00,2026-06-02 01:00:00+00:00,2026-06-02 01:00:00+00:00,2026-06-02 01:45:00+00:00,0.03532,0.03502678571428572,0.008301650218411059,0.03502678571428572,structural_stop,1204.5797807552058,24.091595615104115,10.0,10.0,-0.008301650218411005,-0.009301650218411006,-11.204579780755141,-1.1204579780755142,0.12045797807552058,3,0.0,-0.014156285390713452,False,production,0.0,True,,1035.198689197926,1012.2410806478094,1001.0365008670543
SNTUSDT,early,EXPERIMENT,SNTUSDT:2026-06-02T00:15:00+00:00,2026-06-02 00:30:00+00:00,2026-06-02 00:30:00+00:00,2026-06-02 02:15:00+00:00,0.009143,0.009041,0.011156075686317364,0.009041,structural_stop,896.3725490196109,17.92745098039222,10.0,10.0,-0.01115607568631738,-0.01215607568631738,-10.896372549019626,-1.0896372549019626,0.08963725490196109,7,0.004484304932735439,-0.01739035327573002,False,production,0.0,True,,1035.198689197926,1001.0365008670543,990.1401283180347
XMRUSDT,early,EXPERIMENT,XMRUSDT:2026-06-02T01:15:00+00:00,2026-06-02 01:30:00+00:00,2026-06-02 01:30:00+00:00,2026-06-02 05:30:00+00:00,343.71,337.55321428571426,0.017912733741484735,348.75,fixed_4h,558.2620801670627,11.165241603341252,10.0,10.0,0.014663524482849022,0.013663524482849021,7.627827600208883,0.7627827600208884,0.05582620801670627,16,0.01885310290651998,-0.014256204358325308,False,production,0.0,True,,1035.198689197926,990.1401283180347,997.7679559182436
GRIFFAINUSDT,early,EXPERIMENT,GRIFFAINUSDT:2026-06-02T13:45:00+00:00,2026-06-02 14:00:00+00:00,2026-06-02 14:00:00+00:00,2026-06-02 14:15:00+00:00,0.010031,0.009915,0.011564151131492352,0.009915,structural_stop,864.7413793103465,17.294827586206928,10.0,10.0,-0.01156415113149234,-0.01256415113149234,-10.864741379310336,-1.0864741379310336,0.08647413793103464,1,0.0009969095803010752,-0.014554879872395565,False,production,0.0,True,,997.7679559182436,997.7679559182436,986.9032145389333
1000PEPEUSDT,early,EXPERIMENT,1000PEPEUSDT:2026-06-02T14:00:00+00:00,2026-06-02 14:15:00+00:00,2026-06-02 14:15:00+00:00,2026-06-02 14:30:00+00:00,0.003315,0.0032725357142857144,0.012809739280327432,0.0032725357142857144,structural_stop,780.6560134566914,15.613120269133828,10.0,10.0,-0.01280973928032747,-0.013809739280327471,-10.780656013456722,-1.0780656013456722,0.07806560134566914,1,0.0,-0.032579185520361875,False,production,0.0,True,,986.9032145389333,986.9032145389333,976.1225585254766
1000TURBOUSDT,early,EXPERIMENT,1000TURBOUSDT:2026-06-02T14:00:00+00:00,2026-06-02 14:15:00+00:00,2026-06-02 14:15:00+00:00,2026-06-02 14:30:00+00:00,1.016,1.0022535714285716,0.013529949381327148,1.0022535714285716,structural_stop,739.1010652117535,14.78202130423507,10.0,10.0,-0.013529949381327122,-0.014529949381327123,-10.739101065211736,-1.0739101065211736,0.07391010652117534,1,0.0,-0.04261811023622053,False,production,0.0,True,,986.9032145389333,976.1225585254766,965.3834574602649
1INCHUSDT,early,EXPERIMENT,1INCHUSDT:2026-06-02T14:00:00+00:00,2026-06-02 14:15:00+00:00,2026-06-02 14:15:00+00:00,2026-06-02 14:30:00+00:00,0.08361,0.08306642857142857,0.006501272916773531,0.08306642857142857,structural_stop,1538.1603153744893,30.763206307489785,10.0,10.0,-0.006501272916773493,-0.007501272916773493,-11.538160315374432,-1.153816031537443,0.15381603153744894,1,0.0,-0.03037914125104657,False,production,0.0,True,,986.9032145389333,965.3834574602649,953.8452971448905
AUCTIONUSDT,early,EXPERIMENT,AUCTIONUSDT:2026-06-02T14:00:00+00:00,2026-06-02 14:15:00+00:00,2026-06-02 14:15:00+00:00,2026-06-02 14:30:00+00:00,4.459,4.434607142857144,0.005470477044820811,4.434607142857144,structural_stop,1827.9941434847126,36.55988286969425,10.0,10.0,-0.005470477044820843,-0.006470477044820843,-11.827994143484771,-1.1827994143484772,0.18279941434847127,1,0.0,-0.02601480152500557,False,production,0.0,True,,986.9032145389333,953.8452971448905,942.0173030014058
AVAXUSDT,early,EXPERIMENT,AVAXUSDT:2026-06-02T14:00:00+00:00,2026-06-02 14:15:00+00:00,2026-06-02 14:15:00+00:00,2026-06-02 14:30:00+00:00,8.662,8.5665,0.011025167397829744,8.5665,structural_stop,907.0157068062709,18.14031413612542,10.0,10.0,-0.011025167397829772,-0.012025167397829772,-10.907015706806297,-1.0907015706806298,0.09070157068062709,1,0.0,-0.03128607711844844,False,production,0.0,True,,986.9032145389333,942.0173030014058,931.1102872945995
CETUSUSDT,early,EXPERIMENT,CETUSUSDT:2026-06-02T14:00:00+00:00,2026-06-02 14:15:00+00:00,2026-06-02 14:15:00+00:00,2026-06-02 14:30:00+00:00,0.022543,0.02230932142857143,0.010365903891610352,0.02230932142857143,structural_stop,964.7012073972153,19.294024147944306,10.0,10.0,-0.010365903891610406,-0.011365903891610407,-10.964701207397267,-1.0964701207397267,0.09647012073972154,1,0.0,-0.03313667213769245,False,production,0.0,True,,986.9032145389333,931.1102872945995,920.1455860872022
SKRUSDT,early,EXPERIMENT,SKRUSDT:2026-06-03T13:45:00+00:00,2026-06-03 14:00:00+00:00,2026-06-03 14:00:00+00:00,2026-06-03 16:00:00+00:00,0.012789,0.012663214285714286,0.009835461278107256,0.012663214285714286,structural_stop,1016.7291311754732,20.334582623509462,10.0,10.0,-0.009835461278107305,-0.010835461278107306,-11.016729131175524,-1.1016729131175524,0.10167291311754732,8,0.001720228321213435,-0.011181484087888105,False,production,0.0,True,,920.1455860872022,920.1455860872022,909.1288569560267
REZUSDT,early,EXPERIMENT,REZUSDT:2026-06-03T15:30:00+00:00,2026-06-03 15:45:00+00:00,2026-06-03 15:45:00+00:00,2026-06-03 16:15:00+00:00,0.003805,0.0037709285714285713,0.008954383330204586,0.0037709285714285713,structural_stop,1116.7714884696056,22.335429769392114,10.0,10.0,-0.008954383330204596,-0.009954383330204597,-11.116771488469617,-1.111677148846962,0.11167714884696057,2,0.0018396846254928878,-0.013666228646517786,False,production,0.0,True,,920.1455860872022,909.1288569560267,898.0120854675571
CHRUSDT,early,EXPERIMENT,CHRUSDT:2026-06-03T16:00:00+00:00,2026-06-03 16:15:00+00:00,2026-06-03 16:15:00+00:00,2026-06-03 16:30:00+00:00,0.01996,0.019732142857142858,0.011415688519896832,0.019732142857142858,structural_stop,875.987460815055,17.5197492163011,10.0,10.0,-0.011415688519896827,-0.012415688519896828,-10.87598746081505,-1.087598746081505,0.0875987460815055,1,0.003507014028056199,-0.015531062124248374,False,production,0.0,True,,898.0120854675571,898.0120854675571,887.136098006742
KAIAUSDT,early,EXPERIMENT,KAIAUSDT:2026-06-03T16:00:00+00:00,2026-06-03 16:15:00+00:00,2026-06-03 16:15:00+00:00,2026-06-03 16:30:00+00:00,0.04373,0.043380714285714286,0.007987324817875868,0.043380714285714286,structural_stop,1251.9836400818087,25.039672801636176,10.0,10.0,-0.007987324817875896,-0.008987324817875897,-11.251983640081844,-1.1251983640081844,0.12519836400818088,1,0.00022867596615605557,-0.01326320603704545,False,production,0.0,True,,898.0120854675571,887.136098006742,875.8841143666602
KNCUSDT,early,EXPERIMENT,KNCUSDT:2026-06-03T16:00:00+00:00,2026-06-03 16:15:00+00:00,2026-06-03 16:15:00+00:00,2026-06-03 16:30:00+00:00,0.13494,0.133475,0.010856677041648095,0.133475,structural_stop,921.0921501706523,18.421843003413045,10.0,10.0,-0.010856677041648055,-0.011856677041648056,-10.921092150170617,-1.0921092150170617,0.09210921501706523,1,0.0017785682525566227,-0.013932117978360692,False,production,0.0,True,,898.0120854675571,875.8841143666602,864.9630222164897
WCTUSDT,early,EXPERIMENT,WCTUSDT:2026-06-03T15:30:00+00:00,2026-06-03 15:45:00+00:00,2026-06-03 15:45:00+00:00,2026-06-03 16:30:00+00:00,0.05211,0.05152285714285714,0.011267373961674449,0.05152285714285714,structural_stop,887.5182481751849,17.7503649635037,10.0,10.0,-0.011267373961674432,-0.012267373961674433,-10.887518248175171,-1.088751824817517,0.08875182481751849,3,0.005757052389176787,-0.021684897332565733,False,production,0.0,True,,920.1455860872022,864.9630222164897,854.0755039683145
DBRUSDT,early,EXPERIMENT,DBRUSDT:2026-06-03T15:30:00+00:00,2026-06-03 15:45:00+00:00,2026-06-03 15:45:00+00:00,2026-06-03 19:45:00+00:00,0.014074,0.013895107142857143,0.012710875170019656,0.014046,fixed_4h,786.7278897983651,15.734557795967303,10.0,10.0,-0.0019894841551797438,-0.0029894841551797438,-2.3519105609902082,-0.23519105609902083,0.07867278897983651,16,0.003481597271564718,-0.011226374875657252,False,production,0.0,True,,920.1455860872022,854.0755039683145,851.7235934073243
FHEUSDT,early,EXPERIMENT,FHEUSDT:2026-06-04T20:45:00+00:00,2026-06-04 21:00:00+00:00,2026-06-04 21:00:00+00:00,2026-06-04 21:15:00+00:00,0.02011,0.019821071428571427,0.014367407828372548,0.019821071428571427,structural_stop,696.019777503089,13.92039555006178,10.0,10.0,-0.014367407828372536,-0.015367407828372537,-10.696019777503082,-1.069601977750308,0.06960197775030891,1,0.0004972650422674363,-0.024863252113376477,False,production,0.0,True,,851.7235934073243,851.7235934073243,841.0275736298212
DUSKUSDT,early,EXPERIMENT,DUSKUSDT:2026-06-04T20:00:00+00:00,2026-06-04 20:15:00+00:00,2026-06-04 20:15:00+00:00,2026-06-04 21:30:00+00:00,0.09959,0.09838892857142857,0.012060160945591187,0.09838892857142857,structural_stop,829.1763306571529,16.583526613143057,10.0,10.0,-0.012060160945591147,-0.013060160945591148,-10.82917633065712,-1.082917633065712,0.08291763306571528,5,0.0010041168792047639,-0.020283160959935653,False,production,0.0,True,,851.7235934073243,841.0275736298212,830.1983972991641
QTUMUSDT,early,EXPERIMENT,QTUMUSDT:2026-06-04T20:00:00+00:00,2026-06-04 20:15:00+00:00,2026-06-04 20:15:00+00:00,2026-06-04 21:30:00+00:00,0.7788,0.7721285714285715,0.008566292464597522,0.7721285714285715,structural_stop,1167.3661670235583,23.347323340471167,10.0,10.0,-0.008566292464597502,-0.009566292464597503,-11.167366167023536,-1.1167366167023538,0.11673661670235584,5,0.0019260400616332163,-0.012326656394453073,False,production,0.0,True,,851.7235934073243,830.1983972991641,819.0310311321406
WAXPUSDT,early,EXPERIMENT,WAXPUSDT:2026-06-04T20:45:00+00:00,2026-06-04 21:00:00+00:00,2026-06-04 21:00:00+00:00,2026-06-04 21:30:00+00:00,0.005199,0.0051585,0.0077899596076168,0.0051585,structural_stop,1283.7037037037119,25.674074074074237,10.0,10.0,-0.007789959607616748,-0.008789959607616749,-11.283703703703646,-1.1283703703703647,0.1283703703703712,2,0.0034622042700520606,-0.012117714945181657,False,production,0.0,True,,851.7235934073243,819.0310311321406,807.747327428437
FLRUSDT,early,EXPERIMENT,FLRUSDT:2026-06-04T21:00:00+00:00,2026-06-04 21:15:00+00:00,2026-06-04 21:15:00+00:00,2026-06-04 21:45:00+00:00,0.007074,0.007025642857142857,0.006835898057272178,0.007025642857142857,structural_stop,1462.8655834564092,29.257311669128185,10.0,10.0,-0.006835898057272138,-0.00783589805727214,-11.462865583456352,-1.1462865583456352,0.14628655834564094,2,0.0,-0.009047215154085464,False,production,0.0,True,,841.0275736298212,807.747327428437,796.2844618449806
WUSDT,early,EXPERIMENT,WUSDT:2026-06-05T14:00:00+00:00,2026-06-05 14:15:00+00:00,2026-06-05 14:15:00+00:00,2026-06-05 15:15:00+00:00,0.009738,0.009450428571428571,0.029530851157468545,0.009450428571428571,structural_stop,338.6289120715349,6.772578241430698,10.0,10.0,-0.029530851157468563,-0.030530851157468564,-10.338628912071542,-1.0338628912071541,0.03386289120715349,4,0.00800985828712264,-0.031012528239884984,False,production,0.0,True,,796.2844618449806,796.2844618449806,785.9458329329091
1000RATSUSDT,early,EXPERIMENT,1000RATSUSDT:2026-06-05T14:00:00+00:00,2026-06-05 14:15:00+00:00,2026-06-05 14:15:00+00:00,2026-06-05 15:45:00+00:00,0.02768,0.0270075,0.024295520231213855,0.0270075,structural_stop,411.5985130111527,8.231970260223054,10.0,10.0,-0.02429552023121384,-0.02529552023121384,-10.411598513011146,-1.0411598513011147,0.041159851301115276,6,0.00867052023121384,-0.030346820809248554,False,production,0.0,True,,796.2844618449806,785.9458329329091,775.5342344198979
SPORTFUNUSDT,early,EXPERIMENT,SPORTFUNUSDT:2026-06-05T14:30:00+00:00,2026-06-05 14:45:00+00:00,2026-06-05 14:45:00+00:00,2026-06-05 15:45:00+00:00,0.04241,0.041150714285714284,0.029693131673796738,0.041150714285714284,structural_stop,336.77821894497873,6.735564378899575,10.0,10.0,-0.029693131673796724,-0.030693131673796725,-10.336778218944975,-1.0336778218944975,0.03367782189449787,4,0.019335062485262844,-0.06130629568498003,False,production,0.0,True,,796.2844618449806,775.5342344198979,765.1974562009528
WOOUSDT,early,EXPERIMENT,WOOUSDT:2026-06-05T14:00:00+00:00,2026-06-05 14:15:00+00:00,2026-06-05 14:15:00+00:00,2026-06-05 15:45:00+00:00,0.013303,0.013011357142857142,0.021923089313903507,0.013011357142857142,structural_stop,456.14009306882,9.1228018613764,10.0,10.0,-0.02192308931390352,-0.022923089313903522,-10.456140093068827,-1.0456140093068826,0.045614009306882,6,0.011125310080432937,-0.025558144779373126,False,production,0.0,True,,796.2844618449806,765.1974562009528,754.741316107884
ETCUSDT,early,EXPERIMENT,ETCUSDT:2026-06-05T14:00:00+00:00,2026-06-05 14:15:00+00:00,2026-06-05 14:15:00+00:00,2026-06-05 16:00:00+00:00,6.815,6.69275,0.017938371239911988,6.69275,structural_stop,557.4642126789357,11.149284253578715,10.0,10.0,-0.017938371239911932,-0.018938371239911933,-10.557464212678905,-1.0557464212678904,0.05574642126789357,7,0.010711665443873697,-0.022743947175348556,False,production,0.0,True,,796.2844618449806,754.741316107884,744.1838518952051
CRVUSDT,early,EXPERIMENT,CRVUSDT:2026-06-05T14:00:00+00:00,2026-06-05 14:15:00+00:00,2026-06-05 14:15:00+00:00,2026-06-05 16:15:00+00:00,0.1826,0.17713214285714285,0.029944453137224332,0.17713214285714285,structural_stop,333.9516655780523,6.679033311561046,10.0,10.0,-0.02994445313722438,-0.03094445313722438,-10.333951665578068,-1.033395166557807,0.033395166557805236,8,0.013691128148959342,-0.03723986856516981,False,production,0.0,True,,796.2844618449806,744.1838518952051,733.849900229627
GMTUSDT,early,EXPERIMENT,GMTUSDT:2026-06-05T15:15:00+00:00,2026-06-05 15:30:00+00:00,2026-06-05 15:30:00+00:00,2026-06-05 16:15:00+00:00,0.008144,0.007966714285714285,0.021768874543923733,0.007966714285714285,structural_stop,459.3714746172426,9.187429492344853,10.0,10.0,-0.021768874543923733,-0.022768874543923734,-10.459371474617242,-1.0459371474617243,0.04593714746172426,3,0.003929273084479323,-0.027013752455795625,False,production,0.0,True,,785.9458329329091,733.849900229627,723.3905287550098
NILUSDT,early,EXPERIMENT,NILUSDT:2026-06-06T15:15:00+00:00,2026-06-06 15:30:00+00:00,2026-06-06 15:30:00+00:00,2026-06-06 17:45:00+00:00,0.03945,0.03903535714285714,0.010510592069527414,0.03903535714285714,structural_stop,951.4211886304925,19.028423772609848,10.0,10.0,-0.010510592069527425,-0.011510592069527426,-10.951421188630503,-1.0951421188630504,0.09514211886304924,9,0.020278833967046994,-0.01622306717363753,False,production,0.0,True,,723.3905287550098,723.3905287550098,712.4391075663792
USUALUSDT,early,EXPERIMENT,USUALUSDT:2026-06-06T17:30:00+00:00,2026-06-06 17:45:00+00:00,2026-06-06 17:45:00+00:00,2026-06-06 20:15:00+00:00,0.009177,0.009066714285714286,0.012017621693986468,0.009066714285714286,structural_stop,832.1113989637341,16.642227979274683,10.0,10.0,-0.012017621693986458,-0.013017621693986459,-10.832111398963727,-1.0832111398963726,0.08321113989637341,10,0.007736733137190699,-0.012967200610221163,False,production,0.0,True,,712.4391075663792,712.4391075663792,701.6069961674154
EDGEUSDT,early,EXPERIMENT,EDGEUSDT:2026-06-06T16:30:00+00:00,2026-06-06 16:45:00+00:00,2026-06-06 16:45:00+00:00,2026-06-06 20:45:00+00:00,0.4698,0.4528285714285714,0.036124794745484426,0.4713,fixed_4h,276.81818181818164,5.536363636363633,10.0,10.0,0.0031928480204341803,0.0021928480204341802,0.6070202020201886,0.060702020202018855,0.02768181818181816,16,0.008939974457215838,-0.014687100893997496,False,production,0.0,True,,723.3905287550098,701.6069961674154,702.2140163694356
MINAUSDT,early,EXPERIMENT,MINAUSDT:2026-06-06T17:30:00+00:00,2026-06-06 17:45:00+00:00,2026-06-06 17:45:00+00:00,2026-06-06 21:45:00+00:00,0.04198,0.04157178571428572,0.009724018239978146,0.04237,fixed_4h,1028.381452318468,20.567629046369362,10.0,10.0,0.00929013816102886,0.00829013816102886,8.525424321959612,0.8525424321959613,0.10283814523184681,16,0.010004764173415781,-0.007146260123868542,False,production,0.0,True,,712.4391075663792,702.2140163694356,710.7394406913952
VANAUSDT,early,EXPERIMENT,VANAUSDT:2026-06-06T17:45:00+00:00,2026-06-06 18:00:00+00:00,2026-06-06 18:00:00+00:00,2026-06-06 22:00:00+00:00,1.0744,1.0657642857142857,0.008037708754387847,1.0879,fixed_4h,1244.1356492969371,24.882712985938742,10.0,10.0,0.012565152643335908,0.011565152643335908,14.388618693134909,1.438861869313491,0.12441356492969373,16,0.017777364110201033,-0.0024199553239016014,False,production,0.0,True,,712.4391075663792,710.7394406913952,725.1280593845302
NXPCUSDT,early,EXPERIMENT,NXPCUSDT:2026-06-06T18:30:00+00:00,2026-06-06 18:45:00+00:00,2026-06-06 18:45:00+00:00,2026-06-06 22:45:00+00:00,0.3156,0.3091428571428571,0.020459894984609896,0.3139,fixed_4h,488.76106194690067,9.775221238938013,10.0,10.0,-0.005386565272496813,-0.006386565272496813,-3.121504424778739,-0.31215044247787394,0.048876106194690065,16,0.043092522179974724,-0.011723700887198873,False,production,0.0,True,,712.4391075663792,725.1280593845302,722.0065549597514
BCHUSDT,early,EXPERIMENT,BCHUSDT:2026-06-06T18:45:00+00:00,2026-06-06 19:00:00+00:00,2026-06-06 19:00:00+00:00,2026-06-06 23:00:00+00:00,214.0,211.9142857142857,0.009746328437917237,216.0,fixed_4h,1026.0273972602724,20.52054794520545,10.0,10.0,0.009345794392523255,0.008345794392523254,8.56301369863001,0.8563013698630011,0.10260273972602725,16,0.015887850467289688,-0.004672897196261627,False,production,0.0,True,,712.4391075663792,722.0065549597514,730.5695686583814
CHRUSDT,early,EXPERIMENT,CHRUSDT:2026-06-06T20:00:00+00:00,2026-06-06 20:15:00+00:00,2026-06-06 20:15:00+00:00,2026-06-07 00:15:00+00:00,0.01564,0.015275714285714285,0.023291925465838637,0.01589,fixed_4h,429.333333333331,8.58666666666662,10.0,10.0,0.015984654731457715,0.014984654731457714,6.43341176470581,0.643341176470581,0.0429333333333331,16,0.020460358056265893,-0.010230179028133057,False,production,0.0,True,,701.6069961674154,730.5695686583814,737.0029804230873
SENTUSDT,early,EXPERIMENT,SENTUSDT:2026-06-06T20:45:00+00:00,2026-06-06 21:00:00+00:00,2026-06-06 21:00:00+00:00,2026-06-07 01:00:00+00:00,0.01236,0.012235107142857143,0.010104600092464111,0.012605,fixed_4h,989.6482699456735,19.79296539891347,10.0,10.0,0.019822006472491882,0.01882200647249188,18.62716614240786,1.8627166142407858,0.09896482699456735,16,0.02864077669902909,0.0,False,production,0.0,True,,702.2140163694356,737.0029804230873,755.6301465654951
NXPCUSDT,early,EXPERIMENT,NXPCUSDT:2026-06-07T00:15:00+00:00,2026-06-07 00:30:00+00:00,2026-06-07 00:30:00+00:00,2026-06-07 04:30:00+00:00,0.3156,0.3036142857142857,0.03797754843382214,0.3118,fixed_4h,263.3134684147799,5.266269368295598,9.999999999999998,10.0,-0.012040557667933993,-0.013040557667933994,-3.4337544696066535,-0.34337544696066535,0.026331346841477993,16,0.03802281368821303,-0.016159695817490438,False,production,0.0,True,,737.0029804230873,755.6301465654951,752.1963920958884
SOSOUSDT,early,EXPERIMENT,SOSOUSDT:2026-06-07T02:00:00+00:00,2026-06-07 02:15:00+00:00,2026-06-07 02:15:00+00:00,2026-06-07 06:15:00+00:00,0.3333,0.3297357142857143,0.010693926535510611,0.3434,fixed_4h,935.1102204408891,18.70220440881778,10.0,10.0,0.030303030303030276,0.029303030303030275,27.401563126252693,2.740156312625269,0.0935110220440889,16,0.04350435043504364,-0.004800480048004818,False,production,0.0,True,,755.6301465654951,752.1963920958884,779.5979552221411
DUSKUSDT,early,EXPERIMENT,DUSKUSDT:2026-06-07T08:30:00+00:00,2026-06-07 08:45:00+00:00,2026-06-07 08:45:00+00:00,2026-06-07 12:15:00+00:00,0.09325,0.09213714285714286,0.01193412485637681,0.09213714285714286,structural_stop,837.9332477535341,16.75866495507068,10.0,10.0,-0.011934124856376793,-0.012934124856376794,-10.83793324775352,-1.083793324775352,0.08379332477535341,14,0.01501340482573732,-0.013619302949061551,True,production,0.0,True,,779.5979552221411,779.5979552221411,768.7600219743875
KAIAUSDT,early,EXPERIMENT,KAIAUSDT:2026-06-07T11:15:00+00:00,2026-06-07 11:30:00+00:00,2026-06-07 11:30:00+00:00,2026-06-07 12:15:00+00:00,0.03728,0.03699107142857143,0.007750229920294311,0.03699107142857143,structural_stop,1290.2843016069198,25.805686032138397,10.0,10.0,-0.007750229920294283,-0.008750229920294283,-11.290284301606883,-1.1290284301606883,0.129028430160692,3,0.00295064377682408,-0.015021459227467782,False,production,0.0,True,,779.5979552221411,768.7600219743875,757.4697376727806
LIGHTUSDT,early,EXPERIMENT,LIGHTUSDT:2026-06-07T09:30:00+00:00,2026-06-07 09:45:00+00:00,2026-06-07 09:45:00+00:00,2026-06-07 12:45:00+00:00,0.0995,0.09777857142857142,0.017300789662598813,0.09777857142857142,structural_stop,578.0082987551832,11.560165975103665,10.0,10.0,-0.017300789662598848,-0.01830078966259885,-10.578008298755204,-1.0578008298755204,0.05780082987551832,12,0.012060301507537563,-0.021105527638190957,False,production,0.0,True,,779.5979552221411,757.4697376727806,746.8917293740254
CGPTUSDT,early,EXPERIMENT,CGPTUSDT:2026-06-07T15:15:00+00:00,2026-06-07 15:30:00+00:00,2026-06-07 15:30:00+00:00,2026-06-07 16:15:00+00:00,0.019733,0.019524392857142858,0.010571486487464771,0.019524392857142858,structural_stop,945.9407635678846,18.91881527135769,10.0,10.0,-0.010571486487464754,-0.011571486487464755,-10.945940763567869,-1.094594076356787,0.09459407635678846,3,0.001469619419246726,-0.013784016621902428,False,production,0.0,True,,746.8917293740254,746.8917293740254,735.9457886104576
CGPTUSDT,early,EXPERIMENT,CGPTUSDT:2026-06-07T16:00:00+00:00,2026-06-07 16:15:00+00:00,2026-06-07 16:15:00+00:00,2026-06-07 19:15:00+00:00,0.019606,0.01937917857142857,0.011568980341294857,0.01937917857142857,structural_stop,864.3804125334655,17.287608250669308,10.0,10.0,-0.011568980341294832,-0.012568980341294833,-10.864380412533446,-1.0864380412533445,0.08643804125334655,12,0.012037131490360009,-0.017341630113230644,False,production,0.0,True,,735.9457886104576,735.9457886104576,725.0814081979241
FOGOUSDT,early,EXPERIMENT,FOGOUSDT:2026-06-07T18:45:00+00:00,2026-06-07 19:00:00+00:00,2026-06-07 19:00:00+00:00,2026-06-07 19:15:00+00:00,0.01128,0.011210714285714286,0.006142350557244188,0.011210714285714286,structural_stop,1628.0412371133984,32.56082474226797,10.0,10.0,-0.006142350557244214,-0.007142350557244214,-11.628041237113441,-1.162804123711344,0.16280412371133984,1,0.0008865248226950229,-0.010638297872340496,False,production,0.0,True,,735.9457886104576,725.0814081979241,713.4533669608107
MAVIAUSDT,early,EXPERIMENT,MAVIAUSDT:2026-06-07T16:45:00+00:00,2026-06-07 17:00:00+00:00,2026-06-07 17:00:00+00:00,2026-06-07 19:15:00+00:00,0.02617,0.025719285714285715,0.017222555816365438,0.025719285714285715,structural_stop,580.6339144215559,11.612678288431118,10.0,10.0,-0.017222555816365448,-0.01822255581636545,-10.580633914421561,-1.0580633914421562,0.058063391442155596,9,0.008024455483377935,-0.018341612533435137,True,production,0.0,True,,735.9457886104576,713.4533669608107,702.8727330463892
KITEUSDT,early,EXPERIMENT,KITEUSDT:2026-06-08T14:00:00+00:00,2026-06-08 14:15:00+00:00,2026-06-08 14:15:00+00:00,2026-06-08 17:45:00+00:00,0.19145,0.18962321428571427,0.00954184233108247,0.18962321428571427,structural_stop,1048.0156402736907,20.960312805473812,10.0,10.0,-0.009541842331082462,-0.010541842331082463,-11.048015640273682,-1.1048015640273683,0.10480156402736907,14,0.01013319404544255,-0.013058239749281775,False,production,0.0,True,,702.8727330463892,702.8727330463892,691.8247174061155
STABLEUSDT,early,EXPERIMENT,STABLEUSDT:2026-06-08T14:15:00+00:00,2026-06-08 14:30:00+00:00,2026-06-08 14:30:00+00:00,2026-06-08 18:30:00+00:00,0.032659,0.032164535714285715,0.015140215123374432,0.033786,fixed_4h,660.4925966052729,13.209851932105458,10.0,10.0,0.03450809883952344,0.03350809883952344,22.131851209822965,2.2131851209822964,0.06604925966052728,16,0.08934749992345137,-0.0016534492789123112,False,production,0.0,True,,702.8727330463892,691.8247174061155,713.9565686159384
1000TAGUSDT,early,EXPERIMENT,1000TAGUSDT:2026-06-08T16:00:00+00:00,2026-06-08 16:15:00+00:00,2026-06-08 16:15:00+00:00,2026-06-08 20:15:00+00:00,1.1334,1.1172928571428573,0.01421134891224868,1.1341,fixed_4h,703.6629711751752,14.073259423503504,10.0,10.0,0.0006176107287807486,-0.0003823892712192514,-0.2690731707316484,-0.026907317073164835,0.07036629711751752,16,0.013146285512616984,-0.005734956767248889,False,production,0.0,True,,702.8727330463892,713.9565686159384,713.6874954452068
FLOCKUSDT,early,EXPERIMENT,FLOCKUSDT:2026-06-08T17:15:00+00:00,2026-06-08 17:30:00+00:00,2026-06-08 17:30:00+00:00,2026-06-08 21:30:00+00:00,0.03993,0.0392625,0.016716754320060142,0.03991,fixed_4h,598.20224719101,11.9640449438202,10.0,10.0,-0.0005008765339343801,-0.0015008765339343802,-0.8978277153558003,-0.08978277153558002,0.05982022471910099,16,0.004507888805409532,-0.01377410468319562,False,production,0.0,True,,702.8727330463892,713.6874954452068,712.789667729851
DRIFTUSDT,early,EXPERIMENT,DRIFTUSDT:2026-06-08T20:30:00+00:00,2026-06-08 20:45:00+00:00,2026-06-08 20:45:00+00:00,2026-06-08 22:00:00+00:00,0.01656,0.016358928571428573,0.012141994478950814,0.016358928571428573,structural_stop,823.5879218472595,16.47175843694519,10.0,10.0,-0.012141994478950813,-0.013141994478950814,-10.823587921847258,-1.082358792184726,0.08235879218472596,5,0.033212560386473466,-0.016304347826086918,False,production,0.0,True,,713.6874954452068,712.789667729851,701.9660798080038
APTUSDT,early,EXPERIMENT,APTUSDT:2026-06-08T20:15:00+00:00,2026-06-08 20:30:00+00:00,2026-06-08 20:30:00+00:00,2026-06-08 23:30:00+00:00,0.6766,0.6702928571428571,0.009321819179933261,0.6702928571428571,structural_stop,1072.751981879957,21.45503963759914,10.0,10.0,-0.009321819179933244,-0.010321819179933245,-11.07275198187994,-1.107275198187994,0.10727519818799569,12,0.014336387821460406,-0.009459060005911901,False,production,0.0,True,,713.6874954452068,701.9660798080038,690.8933278261238
KAIAUSDT,early,EXPERIMENT,KAIAUSDT:2026-06-08T22:15:00+00:00,2026-06-08 22:30:00+00:00,2026-06-08 22:30:00+00:00,2026-06-08 23:30:00+00:00,0.03746,0.037154285714285716,0.008161086110899203,0.037154285714285716,structural_stop,1225.3271028037448,24.506542056074895,10.000000000000002,10.0,-0.008161086110899163,-0.009161086110899164,-11.225327102803698,-1.1225327102803697,0.12253271028037446,4,0.0005339028296849069,-0.012813667912439985,False,production,0.0,True,,701.9660798080038,690.8933278261238,679.6680007233201
KERNELUSDT,early,EXPERIMENT,KERNELUSDT:2026-06-08T20:15:00+00:00,2026-06-08 20:30:00+00:00,2026-06-08 20:30:00+00:00,2026-06-08 23:30:00+00:00,0.04939,0.049053571428571426,0.006811673849535894,0.049053571428571426,structural_stop,1468.0679405519893,29.361358811039786,10.0,10.0,-0.006811673849535849,-0.007811673849535849,-11.468067940551924,-1.1468067940551923,0.14680679405519892,12,0.01741243166632911,-0.008908685968819663,False,production,0.0,True,,713.6874954452068,679.6680007233201,668.1999327827682
MASKUSDT,early,EXPERIMENT,MASKUSDT:2026-06-08T20:15:00+00:00,2026-06-08 20:30:00+00:00,2026-06-08 20:30:00+00:00,2026-06-08 23:30:00+00:00,0.3573,0.35417857142857145,0.008736156091319766,0.35417857142857145,structural_stop,1144.6681922196865,22.89336384439373,9.999999999999998,10.0,-0.008736156091319724,-0.009736156091319725,-11.144668192219639,-1.114466819221964,0.11446681922196866,12,0.01819199552197026,-0.009515813042261456,False,production,0.0,True,,713.6874954452068,668.1999327827682,657.0552645905485
COTIUSDT,early,EXPERIMENT,COTIUSDT:2026-06-08T22:15:00+00:00,2026-06-08 22:30:00+00:00,2026-06-08 22:30:00+00:00,2026-06-08 23:45:00+00:00,0.010195,0.010083214285714286,0.010964758635185246,0.010083214285714286,structural_stop,912.0127795527213,18.240255591054428,10.0,10.0,-0.010964758635185201,-0.011964758635185202,-10.912012779552681,-1.091201277955268,0.09120127795527214,5,0.002942618930848573,-0.01294752329573301,False,production,0.0,True,,701.9660798080038,657.0552645905485,646.1432518109958
HOMEUSDT,early,EXPERIMENT,HOMEUSDT:2026-06-08T22:00:00+00:00,2026-06-08 22:15:00+00:00,2026-06-08 22:15:00+00:00,2026-06-09 02:15:00+00:00,0.028472,0.026187964285714287,0.08022041705133866,0.028349,fixed_4h,124.65654464997733,2.4931308929995466,10.0,10.0,-0.004320033717336358,-0.005320033717336358,-0.6631770206245245,-0.06631770206245245,0.012465654464997733,16,0.08878898567013205,-0.015313290250070333,False,production,0.0,True,,701.9660798080038,646.1432518109958,645.4800747903713
1000TAGUSDT,early,EXPERIMENT,1000TAGUSDT:2026-06-09T14:45:00+00:00,2026-06-09 15:00:00+00:00,2026-06-09 15:00:00+00:00,2026-06-09 15:45:00+00:00,1.0584,1.040075,0.01731386999244135,1.040075,structural_stop,577.5716234652139,11.551432469304277,10.0,10.0,-0.017313869992441333,-0.018313869992441334,-10.577571623465206,-1.0577571623465205,0.05775716234652138,3,0.010015117157974318,-0.028722600151171562,False,production,0.0,True,,645.4800747903713,645.4800747903713,634.9025031669061
GOATUSDT,early,EXPERIMENT,GOATUSDT:2026-06-09T15:00:00+00:00,2026-06-09 15:15:00+00:00,2026-06-09 15:15:00+00:00,2026-06-09 16:15:00+00:00,0.01293,0.012686071428571428,0.018865318749309513,0.012686071428571428,structural_stop,530.0732064421657,10.601464128843313,10.0,10.0,-0.018865318749309523,-0.019865318749309524,-10.530073206442172,-1.0530073206442172,0.053007320644216566,4,0.0,-0.022428460943542228,False,production,0.0,True,,645.4800747903713,634.9025031669061,624.3724299604639
STABLEUSDT,early,EXPERIMENT,STABLEUSDT:2026-06-09T14:30:00+00:00,2026-06-09 14:45:00+00:00,2026-06-09 14:45:00+00:00,2026-06-09 16:15:00+00:00,0.031257,0.030353035714285714,0.02892037897796608,0.030353035714285714,structural_stop,345.7769349294773,6.915538698589546,10.0,10.0,-0.028920378977966066,-0.029920378977966067,-10.345776934929473,-1.0345776934929474,0.03457769349294773,6,0.008638065073423462,-0.030937070096298425,False,production,0.0,True,,645.4800747903713,624.3724299604639,614.0266530255344
1000000MOGUSDT,early,EXPERIMENT,1000000MOGUSDT:2026-06-09T14:45:00+00:00,2026-06-09 15:00:00+00:00,2026-06-09 15:00:00+00:00,2026-06-09 16:30:00+00:00,0.1073,0.10513464285714286,0.02018040207695386,0.10513464285714286,structural_stop,495.53026554510825,9.910605310902165,10.0,10.0,-0.02018040207695382,-0.02118040207695382,-10.495530265545089,-1.0495530265545088,0.049553026554510826,6,0.005032618825722368,-0.02124883504193853,False,production,0.0,True,,645.4800747903713,614.0266530255344,603.5311227599893
1000TOSHIUSDT,early,EXPERIMENT,1000TOSHIUSDT:2026-06-09T15:30:00+00:00,2026-06-09 15:45:00+00:00,2026-06-09 15:45:00+00:00,2026-06-09 16:30:00+00:00,0.11854,0.11726249999999999,0.010776952927282054,0.11726249999999999,structural_stop,927.9060665361928,18.558121330723857,10.0,10.0,-0.01077695292728209,-0.011776952927282092,-10.927906066536227,-1.0927906066536228,0.09279060665361928,3,0.0,-0.010966762274337905,False,production,0.0,True,,634.9025031669061,603.5311227599893,592.6032166934531
IOTXUSDT,early,EXPERIMENT,IOTXUSDT:2026-06-09T14:45:00+00:00,2026-06-09 15:00:00+00:00,2026-06-09 15:00:00+00:00,2026-06-09 16:30:00+00:00,0.003295,0.0032570357142857145,0.011521786256232383,0.0032570357142857145,structural_stop,867.9209783631235,17.35841956726247,10.0,10.0,-0.011521786256232347,-0.012521786256232348,-10.867920978363093,-1.0867920978363093,0.08679209783631235,6,0.01062215477996964,-0.01305007587253415,False,production,0.0,True,,645.4800747903713,592.6032166934531,581.7352957150899
AGIUSDT,early,EXPERIMENT,AGIUSDT:2026-06-09T14:45:00+00:00,2026-06-09 15:00:00+00:00,2026-06-09 15:00:00+00:00,2026-06-09 19:00:00+00:00,0.005081,0.0049929642857142855,0.017326454297522952,0.005132,fixed_4h,577.1521298174453,11.543042596348904,10.0,10.0,0.010037394213737505,0.009037394213737504,5.2159513184584565,0.5215951318458457,0.057715212981744535,16,0.01810667191497739,-0.01731942530997821,False,production,0.0,True,,645.4800747903713,581.7352957150899,586.9512470335484
ELSAUSDT,early,EXPERIMENT,ELSAUSDT:2026-06-09T16:00:00+00:00,2026-06-09 16:15:00+00:00,2026-06-09 16:15:00+00:00,2026-06-09 20:15:00+00:00,0.04305,0.042461071428571424,0.013680106188817041,0.04438,fixed_4h,730.9884778653702,14.619769557307404,10.0,10.0,0.030894308943089532,0.02989430894308953,21.85239539114614,2.185239539114614,0.07309884778653702,16,0.031823461091753824,-0.009291521486643362,False,production,0.0,True,,614.0266530255344,586.9512470335484,608.8036424246945
STABLEUSDT,early,EXPERIMENT,STABLEUSDT:2026-06-09T16:00:00+00:00,2026-06-09 16:15:00+00:00,2026-06-09 16:15:00+00:00,2026-06-09 20:15:00+00:00,0.030985,0.030121392857142857,0.027871781276654566,0.035155,fixed_4h,358.78582358049755,7.175716471609951,10.0,10.0,0.13458124899144752,0.13358124899144752,47.92705843430801,4.7927058434308005,0.035878582358049756,16,0.1468775213813136,-0.0038082943359689647,True,production,0.0,True,,614.0266530255344,608.8036424246945,656.7307008590026
TAUSDT,early,EXPERIMENT,TAUSDT:2026-06-10T14:45:00+00:00,2026-06-10 15:00:00+00:00,2026-06-10 15:00:00+00:00,2026-06-10 15:30:00+00:00,0.07187,0.07110964285714286,0.010579617961001056,0.07110964285714286,structural_stop,945.2137153593198,18.904274307186398,10.0,10.0,-0.010579617961001042,-0.011579617961001043,-10.945213715359307,-1.0945213715359308,0.09452137153593199,2,0.002087101711423456,-0.010713788785306932,False,production,0.0,True,,656.7307008590026,656.7307008590026,645.7854871436433
RAYDIUMUSDT,early,EXPERIMENT,RAYDIUMUSDT:2026-06-10T15:15:00+00:00,2026-06-10 15:30:00+00:00,2026-06-10 15:30:00+00:00,2026-06-10 19:30:00+00:00,0.5779,0.5566571428571429,0.03675870763602201,0.57,fixed_4h,272.0443846671153,5.440887693342306,10.0,10.0,-0.013670185153140668,-0.014670185153140669,-3.9909414929388043,-0.39909414929388043,0.02720443846671153,16,0.013324104516352353,-0.016957951202630106,False,production,0.0,True,,645.7854871436433,645.7854871436433,641.7945456507045
ALGOUSDT,early,EXPERIMENT,ALGOUSDT:2026-06-10T15:45:00+00:00,2026-06-10 16:00:00+00:00,2026-06-10 16:00:00+00:00,2026-06-10 20:00:00+00:00,0.0898,0.08836071428571429,0.016027680559974524,0.0886,fixed_4h,623.9205955334996,12.478411910669992,10.0,10.0,-0.013363028953229494,-0.014363028953229495,-8.961389578163844,-0.8961389578163844,0.06239205955334996,16,0.004788418708240538,-0.014142538975501218,False,production,0.0,True,,645.7854871436433,641.7945456507045,632.8331560725408
POLUSDT,early,EXPERIMENT,POLUSDT:2026-06-10T15:45:00+00:00,2026-06-10 16:00:00+00:00,2026-06-10 16:00:00+00:00,2026-06-10 20:00:00+00:00,0.07401,0.07212285714285714,0.02549848476074672,0.07248,fixed_4h,392.180166540498,7.843603330809961,10.0,10.0,-0.020672882042967244,-0.021672882042967245,-8.499674489023464,-0.8499674489023463,0.0392180166540498,16,0.002296986893662867,-0.02486150520199981,False,production,0.0,True,,645.7854871436433,632.8331560725408,624.3334815835173
RONINUSDT,early,EXPERIMENT,RONINUSDT:2026-06-10T19:45:00+00:00,2026-06-10 20:00:00+00:00,2026-06-10 20:00:00+00:00,2026-06-10 20:15:00+00:00,0.05869,0.05803714285714286,0.01112382250565927,0.05803714285714286,structural_stop,898.9715536105037,17.979431072210076,10.0,10.0,-0.011123822505659242,-0.012123822505659243,-10.89897155361048,-1.089897155361048,0.08989715536105038,1,0.0,-0.019424092690407235,False,production,0.0,True,,624.3334815835173,624.3334815835173,613.4345100299067
TAUSDT,early,EXPERIMENT,TAUSDT:2026-06-10T16:30:00+00:00,2026-06-10 16:45:00+00:00,2026-06-10 16:45:00+00:00,2026-06-10 20:45:00+00:00,0.07027,0.06875392857142858,0.021574945617922614,0.0709,fixed_4h,463.50058892815275,9.270011778563054,10.0,10.0,0.008965419097765936,0.007965419097765936,3.6919764428740662,0.36919764428740665,0.04635005889281527,16,0.018642379393766895,-0.002419240074000295,False,production,0.0,True,,645.7854871436433,613.4345100299067,617.1264864727808
CLANKERUSDT,early,EXPERIMENT,CLANKERUSDT:2026-06-10T19:45:00+00:00,2026-06-10 20:00:00+00:00,2026-06-10 20:00:00+00:00,2026-06-10 21:00:00+00:00,13.952,13.827321428571429,0.008936250819134992,13.827321428571429,structural_stop,1119.0375250644515,22.38075050128903,10.0,10.0,-0.008936250819134961,-0.009936250819134962,-11.119037525064417,-1.1119037525064417,0.11190375250644516,4,0.006594036697247674,-0.027952981651376163,False,production,0.0,True,,624.3334815835173,617.1264864727808,606.0074489477164
ARKUSDT,early,EXPERIMENT,ARKUSDT:2026-06-10T19:45:00+00:00,2026-06-10 20:00:00+00:00,2026-06-10 20:00:00+00:00,2026-06-10 21:15:00+00:00,0.1215,0.11939357142857143,0.017336860670193948,0.11939357142857143,structural_stop,576.8056968463904,11.536113936927809,10.0,10.0,-0.01733686067019391,-0.01833686067019391,-10.57680569684637,-1.057680569684637,0.05768056968463905,5,0.003868312757201675,-0.01777777777777778,False,production,0.0,True,,624.3334815835173,606.0074489477164,595.43064325087
KAIAUSDT,early,EXPERIMENT,KAIAUSDT:2026-06-10T19:15:00+00:00,2026-06-10 19:30:00+00:00,2026-06-10 19:30:00+00:00,2026-06-10 21:15:00+00:00,0.03579,0.035488928571428574,0.008412166207639796,0.035488928571428574,structural_stop,1188.7544483985776,23.775088967971552,10.0,10.0,-0.008412166207639848,-0.00941216620763985,-11.18875444839864,-1.1188754448398641,0.11887544483985775,7,0.0030734842134674256,-0.017882089969265214,False,production,0.0,True,,641.7945456507045,595.43064325087,584.2418888024714
STABLEUSDT,early,EXPERIMENT,STABLEUSDT:2026-06-11T15:45:00+00:00,2026-06-11 16:00:00+00:00,2026-06-11 16:00:00+00:00,2026-06-11 16:15:00+00:00,0.033864,0.03341528571428572,0.013250480915257544,0.03341528571428572,structural_stop,754.689589302777,15.09379178605554,10.0,10.0,-0.01325048091525749,-0.01425048091525749,-10.754689589302737,-1.0754689589302737,0.0754689589302777,1,0.0024214505079138693,-0.01467635246869825,False,production,0.0,True,,584.2418888024714,584.2418888024714,573.4871992131687
HUMAUSDT,early,EXPERIMENT,HUMAUSDT:2026-06-11T17:15:00+00:00,2026-06-11 17:30:00+00:00,2026-06-11 17:30:00+00:00,2026-06-11 21:30:00+00:00,0.021583,0.021158571428571426,0.019664947941832718,0.021934,fixed_4h,508.51901716593244,10.170380343318648,10.0,10.0,0.016262799425473595,0.015262799425473594,7.761423763042591,0.7761423763042591,0.05085190171659325,16,0.023490710281239835,-0.0009729879998147117,False,production,0.0,True,,573.4871992131687,573.4871992131687,581.2486229762112
XTZUSDT,early,EXPERIMENT,XTZUSDT:2026-06-11T17:15:00+00:00,2026-06-11 17:30:00+00:00,2026-06-11 17:30:00+00:00,2026-06-11 21:30:00+00:00,0.2306,0.22643928571428573,0.018042993433279565,0.2381,fixed_4h,554.2317596566547,11.084635193133094,10.0,10.0,0.032523850823937606,0.031523850823937605,17.471519313304825,1.7471519313304824,0.055423175965665476,16,0.04163052905464015,-0.013443191673894184,False,production,0.0,True,,573.4871992131687,581.2486229762112,598.720142289516
BLUAIUSDT,early,EXPERIMENT,BLUAIUSDT:2026-06-11T21:45:00+00:00,2026-06-11 22:00:00+00:00,2026-06-11 22:00:00+00:00,2026-06-11 22:15:00+00:00,0.01217,0.011832142857142857,0.027761474351449728,0.011832142857142857,structural_stop,360.2114164904859,7.204228329809718,10.0,10.0,-0.02776147435144971,-0.028761474351449712,-10.360211416490479,-1.036021141649048,0.03602114164904859,1,0.0018898931799506968,-0.04379622021364016,False,production,0.0,True,,598.720142289516,598.720142289516,588.3599308730255
ORCAUSDT,early,EXPERIMENT,ORCAUSDT:2026-06-11T23:45:00+00:00,2026-06-12 00:00:00+00:00,2026-06-12 00:00:00+00:00,2026-06-12 01:15:00+00:00,1.0295,1.0213464285714287,0.00791993339346423,1.0213464285714287,structural_stop,1262.6368812965402,25.252737625930806,10.0,10.0,-0.007919933393464196,-0.008919933393464197,-11.262636881296498,-1.1262636881296497,0.12626368812965402,5,0.009227780475959069,-0.0081593006313746,False,production,0.0,True,,588.3599308730255,588.3599308730255,577.097293991729
SIRENUSDT,early,EXPERIMENT,SIRENUSDT:2026-06-12T01:00:00+00:00,2026-06-12 01:15:00+00:00,2026-06-12 01:15:00+00:00,2026-06-12 01:30:00+00:00,0.5724,0.5448424999999999,0.04814378057302607,0.5448424999999999,structural_stop,207.71114941485894,4.154222988297179,10.0,10.0,-0.04814378057302604,-0.04914378057302604,-10.207711149414854,-1.0207711149414853,0.020771114941485893,1,0.005450733752620618,-0.09133473095737243,False,production,0.0,True,,577.097293991729,577.097293991729,566.8895828423141
BLUAIUSDT,early,EXPERIMENT,BLUAIUSDT:2026-06-11T22:00:00+00:00,2026-06-11 22:15:00+00:00,2026-06-11 22:15:00+00:00,2026-06-12 02:15:00+00:00,0.0121,0.011556499999999999,0.04491735537190088,0.013189,fixed_4h,222.6310947562095,4.4526218951241905,10.0,10.0,0.09000000000000008,0.08900000000000008,19.814167433302664,1.9814167433302663,0.022263109475620952,16,0.1206611570247933,-0.008677685950413183,True,production,0.0,True,,588.3599308730255,566.8895828423141,586.7037502756168
JELLYJELLYUSDT,early,EXPERIMENT,JELLYJELLYUSDT:2026-06-11T23:15:00+00:00,2026-06-11 23:30:00+00:00,2026-06-11 23:30:00+00:00,2026-06-12 03:30:00+00:00,0.05835,0.05782071428571429,0.00907087770840979,0.0583,fixed_4h,1102.429149797577,22.04858299595154,10.0,10.0,-0.0008568980291345785,-0.0018568980291345785,-2.0470985155196297,-0.204709851551963,0.11024291497975772,16,0.00548414738646108,-0.004627249357326502,False,production,0.0,True,,588.3599308730255,586.7037502756168,584.6566517600971
AEVOUSDT,early,EXPERIMENT,AEVOUSDT:2026-06-12T13:45:00+00:00,2026-06-12 14:00:00+00:00,2026-06-12 14:00:00+00:00,2026-06-12 18:00:00+00:00,0.01923,0.01911785714285714,0.005831661837902197,0.01944,fixed_4h,1714.777070063662,34.29554140127324,10.0,10.0,0.010920436817472678,0.009920436817472678,17.01133757961748,1.7011337579617478,0.1714777070063662,16,0.027561102444097818,0.0,False,production,0.0,True,,584.6566517600971,584.6566517600971,601.6679893397146
FLOCKUSDT,early,EXPERIMENT,FLOCKUSDT:2026-06-12T13:45:00+00:00,2026-06-12 14:00:00+00:00,2026-06-12 14:00:00+00:00,2026-06-12 18:00:00+00:00,0.04032,0.039782500000000005,0.013330853174603082,0.04067,fixed_4h,750.1395348837261,15.002790697674522,10.0,10.0,0.008680555555555358,0.007680555555555358,5.7614883720929155,0.5761488372092916,0.07501395348837261,16,0.023809523809523725,-0.004712301587301626,False,production,0.0,True,,584.6566517600971,601.6679893397146,607.4294777118075
GRTUSDT,early,EXPERIMENT,GRTUSDT:2026-06-12T13:45:00+00:00,2026-06-12 14:00:00+00:00,2026-06-12 14:00:00+00:00,2026-06-12 18:00:00+00:00,0.01949,0.019342500000000002,0.00756798358132367,0.0197,fixed_4h,1321.3559322034048,26.427118644068095,10.0,10.0,0.010774756285274467,0.009774756285274466,12.915932203389932,1.2915932203389933,0.1321355932203405,16,0.021549512570548934,-0.0005130836326321386,False,production,0.0,True,,584.6566517600971,607.4294777118075,620.3454099151975
PUNDIXUSDT,early,EXPERIMENT,PUNDIXUSDT:2026-06-12T13:45:00+00:00,2026-06-12 14:00:00+00:00,2026-06-12 14:00:00+00:00,2026-06-12 18:00:00+00:00,0.09857,0.09651142857142857,0.020884360642907957,0.09813,fixed_4h,478.8272033310181,9.576544066620363,10.0,10.0,-0.0044638328091712864,-0.0054638328091712865,-2.616231783483747,-0.26162317834837473,0.04788272033310181,16,0.0141016536471541,-0.005173988028812082,False,production,0.0,True,,584.6566517600971,620.3454099151975,617.7291781317138
PLUMEUSDT,early,EXPERIMENT,PLUMEUSDT:2026-06-12T14:15:00+00:00,2026-06-12 14:30:00+00:00,2026-06-12 14:30:00+00:00,2026-06-12 18:30:00+00:00,0.010312,0.01014192857142857,0.016492574531752246,0.010257,fixed_4h,606.3334733305313,12.126669466610627,10.0,10.0,-0.005333591931729997,-0.006333591931729997,-3.8402687946240786,-0.3840268794624079,0.06063334733305313,16,0.01648564778898365,-0.01280062063615206,False,production,0.0,True,,584.6566517600971,617.7291781317138,613.8889093370897
DUSKUSDT,early,EXPERIMENT,DUSKUSDT:2026-06-12T16:00:00+00:00,2026-06-12 16:15:00+00:00,2026-06-12 16:15:00+00:00,2026-06-12 20:00:00+00:00,0.09117,0.08961392857142858,0.017067801125056712,0.08961392857142858,structural_stop,585.8985540509556,11.717971081019112,10.0,10.0,-0.01706780112505668,-0.01806780112505668,-10.585898554050939,-1.0585898554050939,0.05858985540509556,15,0.0032905561039815456,-0.01754963255456843,False,production,0.0,True,,584.6566517600971,613.8889093370897,603.3030107830388
MINAUSDT,early,EXPERIMENT,MINAUSDT:2026-06-12T21:00:00+00:00,2026-06-12 21:15:00+00:00,2026-06-12 21:15:00+00:00,2026-06-12 23:15:00+00:00,0.0422,0.04191214285714286,0.00682125930941086,0.04191214285714286,structural_stop,1466.0049627791796,29.320099255583592,10.0,10.0,-0.00682125930941091,-0.00782125930941091,-11.466004962779254,-1.1466004962779253,0.14660049627791796,8,0.0018957345971564177,-0.007109004739336511,False,production,0.0,True,,603.3030107830388,603.3030107830388,591.8370058202595
DUSKUSDT,early,EXPERIMENT,DUSKUSDT:2026-06-12T23:00:00+00:00,2026-06-12 23:15:00+00:00,2026-06-12 23:15:00+00:00,2026-06-12 23:45:00+00:00,0.0899,0.08899821428571429,0.01003098681074196,0.08899821428571429,structural_stop,996.9108910891223,19.938217821782445,10.0,10.0,-0.010030986810741993,-0.011030986810741994,-10.996910891089156,-1.0996910891089156,0.09969108910891222,2,0.0005561735261403467,-0.01156840934371528,False,production,0.0,True,,591.8370058202595,591.8370058202595,580.8400949291704
AUCTIONUSDT,early,EXPERIMENT,AUCTIONUSDT:2026-06-12T20:15:00+00:00,2026-06-12 20:30:00+00:00,2026-06-12 20:30:00+00:00,2026-06-13 00:30:00+00:00,3.728,3.70825,0.005297746781115922,3.739,fixed_4h,1887.5949367088458,37.75189873417692,10.0,10.0,0.002950643776823858,0.001950643776823858,3.6820253164553343,0.3682025316455334,0.18875949367088457,16,0.006169527896995541,-0.00295064377682408,False,production,0.0,True,,603.3030107830388,580.8400949291704,584.5221202456257
MITOUSDT,early,EXPERIMENT,MITOUSDT:2026-06-12T23:00:00+00:00,2026-06-12 23:15:00+00:00,2026-06-12 23:15:00+00:00,2026-06-13 01:45:00+00:00,0.01843,0.018225714285714286,0.011084412061080436,0.018225714285714286,structural_stop,902.1678321678403,18.043356643356805,10.0,10.0,-0.011084412061080462,-0.012084412061080463,-10.902167832167864,-1.0902167832167864,0.09021678321678403,10,0.0043407487791644606,-0.018990775908844237,False,production,0.0,True,,591.8370058202595,584.5221202456257,573.6199524134579
B2USDT,early,EXPERIMENT,B2USDT:2026-06-12T23:30:00+00:00,2026-06-12 23:45:00+00:00,2026-06-12 23:45:00+00:00,2026-06-13 02:00:00+00:00,0.4338,0.43052500000000005,0.007549562010142859,0.43052500000000005,structural_stop,1324.5801526717669,26.491603053435338,10.0,10.0,-0.007549562010142896,-0.008549562010142897,-11.324580152671818,-1.1324580152671817,0.1324580152671767,9,0.01567542646380815,-0.00945136007376668,False,production,0.0,True,,580.8400949291704,573.6199524134579,562.295372260786
CLUSDT,early,EXPERIMENT,CLUSDT:2026-06-12T22:45:00+00:00,2026-06-12 23:00:00+00:00,2026-06-12 23:00:00+00:00,2026-06-13 03:00:00+00:00,82.34,80.55000000000001,0.02173913043478251,82.37,fixed_4h,460.00000000000205,9.20000000000004,10.0,10.0,0.0003643429681807753,-0.0006356570318192247,-0.29240223463684467,-0.02924022346368447,0.04600000000000021,16,0.005950935146951553,-0.00898712654845768,False,production,0.0,True,,603.3030107830388,562.295372260786,562.0029700261492
PLUMEUSDT,early,EXPERIMENT,PLUMEUSDT:2026-06-12T22:45:00+00:00,2026-06-12 23:00:00+00:00,2026-06-12 23:00:00+00:00,2026-06-13 03:00:00+00:00,0.010194,0.010107357142857142,0.008499397404635869,0.010399,fixed_4h,1176.553998351183,23.53107996702366,10.0,10.0,0.02010986855012753,0.01910986855012753,22.48379225061807,2.248379225061807,0.11765539983511832,16,0.02266038846380236,-0.007259172061997221,False,production,0.0,True,,603.3030107830388,562.0029700261492,584.4867622767673
MINAUSDT,early,EXPERIMENT,MINAUSDT:2026-06-12T23:00:00+00:00,2026-06-12 23:15:00+00:00,2026-06-12 23:15:00+00:00,2026-06-13 03:15:00+00:00,0.04203,0.041816428571428574,0.005081404439006045,0.04261,fixed_4h,1967.959866220777,39.35919732441554,10.0,10.0,0.013799666904592112,0.01279966690459211,25.189230769231596,2.51892307692316,0.19679598662207773,16,0.0235546038543899,-0.003093028788960228,False,production,0.0,True,,591.8370058202595,584.4867622767673,609.6759930459989
FORMUSDT,early,EXPERIMENT,FORMUSDT:2026-06-13T01:00:00+00:00,2026-06-13 01:15:00+00:00,2026-06-13 01:15:00+00:00,2026-06-13 04:15:00+00:00,0.2297,0.22771142857142856,0.008657254804403235,0.22771142857142856,structural_stop,1155.100574712647,23.102011494252938,10.0,10.0,-0.00865725480440327,-0.00965725480440327,-11.155100574712687,-1.1155100574712689,0.1155100574712647,12,0.005746626033957369,-0.008881149325206783,False,production,0.0,True,,584.5221202456257,609.6759930459989,598.5208924712862
BCHUSDT,early,EXPERIMENT,BCHUSDT:2026-06-13T16:15:00+00:00,2026-06-13 16:30:00+00:00,2026-06-13 16:30:00+00:00,2026-06-13 17:15:00+00:00,207.2,205.80357142857144,0.006739520132377142,205.80357142857144,structural_stop,1483.7851662404385,29.67570332480877,10.0,10.0,-0.006739520132377108,-0.007739520132377108,-11.483785166240388,-1.1483785166240388,0.14837851662404386,3,0.0019305019305020377,-0.007239382239382253,False,production,0.0,True,,598.5208924712862,598.5208924712862,587.0371073050458
CHRUSDT,early,EXPERIMENT,CHRUSDT:2026-06-13T16:00:00+00:00,2026-06-13 16:15:00+00:00,2026-06-13 16:15:00+00:00,2026-06-13 20:15:00+00:00,0.01556,0.015320714285714286,0.015378259272860715,0.01557,fixed_4h,650.2686567164221,13.005373134328442,10.0,10.0,0.0006426735218509894,-0.00035732647814901066,-0.23235820895516712,-0.023235820895516714,0.06502686567164222,16,0.007712082262210762,-0.010282776349614275,False,production,0.0,True,,598.5208924712862,587.0371073050458,586.8047490960906
QUSDT,early,EXPERIMENT,QUSDT:2026-06-13T18:30:00+00:00,2026-06-13 18:45:00+00:00,2026-06-13 18:45:00+00:00,2026-06-13 20:15:00+00:00,0.016966,0.016865750000000002,0.005908876576682553,0.016865750000000002,structural_stop,1692.3690773067974,33.84738154613595,10.0,10.0,-0.005908876576682598,-0.006908876576682598,-11.692369077306873,-1.1692369077306874,0.16923690773067976,6,0.001296711069197265,-0.027054108216432726,False,production,0.0,True,,587.0371073050458,586.8047490960906,575.1123800187837
CLANKERUSDT,early,EXPERIMENT,CLANKERUSDT:2026-06-13T16:30:00+00:00,2026-06-13 16:45:00+00:00,2026-06-13 16:45:00+00:00,2026-06-13 20:45:00+00:00,14.066,13.914142857142858,0.010796043143547752,14.44,fixed_4h,926.2652869238017,18.525305738476035,10.0,10.0,0.026588937864353568,0.025588937864353567,23.70214487300079,2.3702144873000788,0.09262652869238017,16,0.02822408644959462,-0.003270297170482106,False,production,0.0,True,,598.5208924712862,575.1123800187837,598.8145248917845
CLUSDT,early,EXPERIMENT,CLUSDT:2026-06-13T16:45:00+00:00,2026-06-13 17:00:00+00:00,2026-06-13 17:00:00+00:00,2026-06-13 21:00:00+00:00,81.26,80.41642857142857,0.01038113990366031,81.21,fixed_4h,963.2853513971116,19.265707027942234,10.0,10.0,-0.0006153088850604505,-0.0016153088850604505,-1.5560033869603327,-0.15560033869603326,0.09632853513971117,16,0.00233817376322909,-0.009968003937976921,False,production,0.0,True,,598.5208924712862,598.8145248917845,597.2585215048241
SOSOUSDT,early,EXPERIMENT,SOSOUSDT:2026-06-13T19:45:00+00:00,2026-06-13 20:00:00+00:00,2026-06-13 20:00:00+00:00,2026-06-14 00:00:00+00:00,0.2722,0.26161071428571425,0.03890259263146857,0.2707,fixed_4h,257.05227655986437,5.141045531197287,10.000000000000002,10.0,-0.005510653930933196,-0.006510653930933196,-1.6735784148398078,-0.16735784148398078,0.025705227655986436,16,0.0073475385745775945,-0.016899338721528268,False,production,0.0,True,,587.0371073050458,597.2585215048241,595.5849430899843
SAHARAUSDT,early,EXPERIMENT,SAHARAUSDT:2026-06-13T21:15:00+00:00,2026-06-13 21:30:00+00:00,2026-06-13 21:30:00+00:00,2026-06-14 01:30:00+00:00,0.015005,0.014596857142857142,0.027200456990526953,0.01525,fixed_4h,367.6408820441024,7.352817640882048,10.0,10.0,0.016327890703099035,0.015327890703099034,5.6351592579629255,0.5635159257962926,0.03676408820441024,16,0.0334555148283906,-0.0013995334888369237,False,production,0.0,True,,597.2585215048241,595.5849430899843,601.2201023479472
SPORTFUNUSDT,early,EXPERIMENT,SPORTFUNUSDT:2026-06-13T21:30:00+00:00,2026-06-13 21:45:00+00:00,2026-06-13 21:45:00+00:00,2026-06-14 01:45:00+00:00,0.03662,0.03597107142857143,0.017720605445892167,0.03678,fixed_4h,564.3148046230052,11.286296092460104,10.0,10.0,0.0043691971600219315,0.0033691971600219315,1.9012878370941604,0.19012878370941602,0.056431480462300516,16,0.025122883670125606,-0.012834516657564077,False,production,0.0,True,,597.2585215048241,601.2201023479472,603.1213901850414
SIRENUSDT,early,EXPERIMENT,SIRENUSDT:2026-06-13T22:30:00+00:00,2026-06-13 22:45:00+00:00,2026-06-13 22:45:00+00:00,2026-06-14 02:45:00+00:00,0.11819,0.11057357142857144,0.06444224191072481,0.13192,fixed_4h,155.17771734033585,3.103554346806717,10.0,10.0,0.11616888061595732,0.11516888061595731,17.871644002625906,1.787164400262591,0.015517771734033587,16,0.22260766562314904,-0.019544800744563884,False,production,0.0,True,,597.2585215048241,603.1213901850414,620.9930341876673
REZUSDT,early,EXPERIMENT,REZUSDT:2026-06-13T23:15:00+00:00,2026-06-13 23:30:00+00:00,2026-06-13 23:30:00+00:00,2026-06-14 03:30:00+00:00,0.003191,0.0031736785714285712,0.0054282132784169886,0.003191,fixed_4h,1842.226804123707,36.84453608247414,10.0,10.0,0.0,-0.001,-1.842226804123707,-0.18422268041237072,0.18422268041237072,16,0.003760576621748779,-0.004700720777185752,False,production,0.0,True,,597.2585215048241,620.9930341876673,619.1508073835436
1000RATSUSDT,early,EXPERIMENT,1000RATSUSDT:2026-06-14T01:45:00+00:00,2026-06-14 02:00:00+00:00,2026-06-14 02:00:00+00:00,2026-06-14 04:30:00+00:00,0.02778,0.027602500000000002,0.006389488840892624,0.027602500000000002,structural_stop,1565.0704225352367,31.301408450704734,10.0,10.0,-0.006389488840892632,-0.007389488840892632,-11.565070422535248,-1.1565070422535249,0.1565070422535237,10,0.009359251259899226,-0.010799136069114423,False,production,0.0,True,,603.1213901850414,619.1508073835436,607.5857369610084
GUNUSDT,early,EXPERIMENT,GUNUSDT:2026-06-14T00:15:00+00:00,2026-06-14 00:30:00+00:00,2026-06-14 00:30:00+00:00,2026-06-14 04:30:00+00:00,0.005914,0.0058451785714285715,0.0116370356055848,0.005879,fixed_4h,859.3253762324865,17.18650752464973,10.0,10.0,-0.005918160297598951,-0.006918160297598951,-5.944950700570869,-0.594495070057087,0.08593253762324865,16,0.005579979709164684,-0.011498140006763635,False,production,0.0,True,,595.5849430899843,607.5857369610084,601.6407862604375
BANDUSDT,early,EXPERIMENT,BANDUSDT:2026-06-14T00:45:00+00:00,2026-06-14 01:00:00+00:00,2026-06-14 01:00:00+00:00,2026-06-14 05:00:00+00:00,0.167,0.16601785714285716,0.005881094952951186,0.1664,fixed_4h,1700.3636363636522,34.00727272727304,10.0,10.0,-0.00359281437125758,-0.00459281437125758,-7.80945454545478,-0.7809454545454779,0.1700363636363652,16,0.008383233532934131,-0.005389221556886259,False,production,0.0,True,,595.5849430899843,601.6407862604375,593.8313317149828
ZBTUSDT,early,EXPERIMENT,ZBTUSDT:2026-06-14T03:15:00+00:00,2026-06-14 03:30:00+00:00,2026-06-14 03:30:00+00:00,2026-06-14 07:30:00+00:00,0.11661,0.11319821428571429,0.029258088622637117,0.11804,fixed_4h,341.7858264419554,6.835716528839108,10.0,10.0,0.012263099219620877,0.011263099219620876,3.849567675075864,0.3849567675075864,0.03417858264419554,16,0.03713232141325795,-0.015864848640768425,False,production,0.0,True,,619.1508073835436,593.8313317149828,597.6808993900586
STEEMUSDT,early,EXPERIMENT,STEEMUSDT:2026-06-14T13:45:00+00:00,2026-06-14 14:00:00+00:00,2026-06-14 14:00:00+00:00,2026-06-14 14:45:00+00:00,0.04398,0.04384214285714286,0.0031345416747871977,0.04384214285714286,structural_stop,2500.0,50.0,7.836354186967994,10.0,-0.003134541674787217,-0.004134541674787217,-10.336354186968043,-1.3190259067357617,0.3190259067357557,3,0.0004547521600728466,-0.008412914961345996,False,production,0.0,True,,597.6808993900586,597.6808993900586,587.3445452030905
WALUSDT,early,EXPERIMENT,WALUSDT:2026-06-14T14:45:00+00:00,2026-06-14 15:00:00+00:00,2026-06-14 15:00:00+00:00,2026-06-14 17:15:00+00:00,0.0337,0.03318178571428571,0.015377278507842389,0.03318178571428571,structural_stop,650.3101309441729,13.006202618883458,10.0,10.0,-0.015377278507842429,-0.01637727850784243,-10.650310130944199,-1.06503101309442,0.06503101309441729,9,0.0017804154302669684,-0.024332344213649937,False,production,0.0,True,,587.3445452030905,587.3445452030905,576.6942350721464
AVAXUSDT,early,EXPERIMENT,AVAXUSDT:2026-06-14T18:00:00+00:00,2026-06-14 18:15:00+00:00,2026-06-14 18:15:00+00:00,2026-06-14 18:30:00+00:00,6.462,6.432392857142857,0.004581730556660863,6.432392857142857,structural_stop,2182.5814234017153,43.6516284680343,10.0,10.0,-0.00458173055666089,-0.00558173055666089,-12.182581423401775,-1.2182581423401775,0.21825814234017152,1,0.00046425255338911064,-0.013308573197152507,False,production,0.0,True,,576.6942350721464,576.6942350721464,564.5116536487446
B2USDT,early,EXPERIMENT,B2USDT:2026-06-14T18:00:00+00:00,2026-06-14 18:15:00+00:00,2026-06-14 18:15:00+00:00,2026-06-14 20:00:00+00:00,0.4254,0.4226428571428571,0.006481294915709691,0.4226428571428571,structural_stop,1542.9015544041197,30.858031088082395,10.0,10.0,-0.006481294915709701,-0.007481294915709701,-11.542901554404136,-1.1542901554404137,0.15429015544041197,7,0.005406676069581673,-0.010578279266572621,False,production,0.0,True,,576.6942350721464,564.5116536487446,552.9687520943405
BANDUSDT,early,EXPERIMENT,BANDUSDT:2026-06-14T18:00:00+00:00,2026-06-14 18:15:00+00:00,2026-06-14 18:15:00+00:00,2026-06-14 22:15:00+00:00,0.1623,0.161075,0.007547751078250178,0.1698,fixed_4h,1324.8979591836692,26.497959183673384,10.0,10.0,0.04621072088724598,0.04521072088724598,59.899591836734686,5.989959183673469,0.13248979591836693,16,0.05052372150338891,-0.001848428835489746,False,production,0.0,True,,576.6942350721464,552.9687520943405,612.8683439310752
HOMEUSDT,early,EXPERIMENT,HOMEUSDT:2026-06-15T15:00:00+00:00,2026-06-15 15:15:00+00:00,2026-06-15 15:15:00+00:00,2026-06-15 15:30:00+00:00,0.026566,0.026061107142857143,0.019005226874307633,0.026061107142857143,structural_stop,526.171040531938,10.523420810638761,10.0,10.0,-0.019005226874307612,-0.020005226874307613,-10.526171040531928,-1.0526171040531929,0.05261710405319381,1,0.002898441617104508,-0.09504629978167578,False,production,0.0,True,,612.8683439310752,612.8683439310752,602.3421728905432
DYDXUSDT,early,EXPERIMENT,DYDXUSDT:2026-06-15T18:00:00+00:00,2026-06-15 18:15:00+00:00,2026-06-15 18:15:00+00:00,2026-06-15 19:00:00+00:00,0.12477,0.12328964285714285,0.011864688169088387,0.12328964285714285,structural_stop,842.8371531966137,16.856743063932274,10.0,10.0,-0.011864688169088367,-0.012864688169088367,-10.842837153196596,-1.0842837153196596,0.08428371531966138,3,0.0001602949426944278,-0.012262563116133718,False,production,0.0,True,,602.3421728905432,602.3421728905432,591.4993357373467
1000TAGUSDT,early,EXPERIMENT,1000TAGUSDT:2026-06-15T15:30:00+00:00,2026-06-15 15:45:00+00:00,2026-06-15 15:45:00+00:00,2026-06-15 19:30:00+00:00,0.9593,0.9441035714285714,0.01584116394394732,0.9441035714285714,structural_stop,631.2667450058715,12.62533490011743,10.0,10.0,-0.0158411639439473,-0.0168411639439473,-10.631266745005858,-1.0631266745005858,0.06312667450058715,15,0.013447305326800718,-0.025330970499322425,True,production,0.0,True,,602.3421728905432,591.4993357373467,580.8680689923408
FORMUSDT,early,EXPERIMENT,FORMUSDT:2026-06-15T17:30:00+00:00,2026-06-15 17:45:00+00:00,2026-06-15 17:45:00+00:00,2026-06-15 19:30:00+00:00,0.2334,0.23089285714285712,0.010741828865222255,0.23089285714285712,structural_stop,930.9401709401645,18.618803418803292,10.0,10.0,-0.010741828865222236,-0.011741828865222237,-10.930940170940147,-1.0930940170940147,0.09309401709401646,7,0.0,-0.021208226221079762,False,production,0.0,True,,602.3421728905432,580.8680689923408,569.9371288214006
AIOUSDT,early,EXPERIMENT,AIOUSDT:2026-06-16T13:45:00+00:00,2026-06-16 14:00:00+00:00,2026-06-16 14:00:00+00:00,2026-06-16 18:00:00+00:00,0.10872,0.10429821428571429,0.040671318196152606,0.11048,fixed_4h,245.87351587109296,4.917470317421859,10.0,10.0,0.016188373804267853,0.015188373804267852,3.7344188676197443,0.37344188676197443,0.0245873515871093,16,0.024190581309786685,-0.03394039735099341,False,production,0.0,True,,569.9371288214006,569.9371288214006,573.6715476890204
DYDXUSDT,early,EXPERIMENT,DYDXUSDT:2026-06-16T14:30:00+00:00,2026-06-16 14:45:00+00:00,2026-06-16 14:45:00+00:00,2026-06-16 18:45:00+00:00,0.11903,0.11686642857142857,0.018176690150142245,0.1231,fixed_4h,550.1551667216896,11.003103334433792,10.0,10.0,0.034193060572964784,0.03319306057296478,18.261333773522583,1.8261333773522583,0.05501551667216896,16,0.03461312274216577,-0.012601865076031227,False,production,0.0,True,,569.9371288214006,573.6715476890204,591.9328814625429
OGUSDT,early,EXPERIMENT,OGUSDT:2026-06-16T14:30:00+00:00,2026-06-16 14:45:00+00:00,2026-06-16 14:45:00+00:00,2026-06-16 18:45:00+00:00,2.663,2.6289285714285713,0.012794377984013719,2.683,fixed_4h,781.5932914046131,15.63186582809226,10.0,10.0,0.007510326699211367,0.006510326699211367,5.088427672955943,0.5088427672955943,0.07815932914046131,16,0.013518588058580638,-0.0045061960195268425,False,production,0.0,True,,569.9371288214006,591.9328814625429,597.0213091354989
NXPCUSDT,early,EXPERIMENT,NXPCUSDT:2026-06-17T01:15:00+00:00,2026-06-17 01:30:00+00:00,2026-06-17 01:30:00+00:00,2026-06-17 05:30:00+00:00,0.3285,0.3260785714285714,0.007371167645140425,0.3345,fixed_4h,1356.6371681415603,27.132743362831206,10.0,10.0,0.0182648401826484,0.0172648401826484,23.422123893804745,2.3422123893804745,0.13566371681415604,16,0.026484018264840037,-0.0003044140030441511,False,production,0.0,True,,597.0213091354989,597.0213091354989,620.4434330293036
SIRENUSDT,early,EXPERIMENT,SIRENUSDT:2026-06-17T01:15:00+00:00,2026-06-17 01:30:00+00:00,2026-06-17 01:30:00+00:00,2026-06-17 05:30:00+00:00,0.04565,0.04405035714285714,0.03504146455953695,0.047,fixed_4h,285.37620004465197,5.70752400089304,10.0,10.0,0.02957283680175249,0.028572836801752488,8.154007590980111,0.8154007590980112,0.0285376200044652,16,0.04446878422782041,-0.023439211391018677,False,production,0.0,True,,597.0213091354989,620.4434330293036,628.5974406202837
SOSOUSDT,early,EXPERIMENT,SOSOUSDT:2026-06-17T01:45:00+00:00,2026-06-17 02:00:00+00:00,2026-06-17 02:00:00+00:00,2026-06-17 06:00:00+00:00,0.2904,0.28720357142857145,0.011006985438803529,0.2925,fixed_4h,908.5139664804545,18.17027932960909,10.0,10.0,0.00723140495867769,0.00623140495867769,5.66131843575424,0.566131843575424,0.09085139664804545,16,0.010330578512396604,-0.0030991735537190257,False,production,0.0,True,,597.0213091354989,628.5974406202837,634.2587590560379
NAORISUSDT,early,EXPERIMENT,NAORISUSDT:2026-06-17T04:15:00+00:00,2026-06-17 04:30:00+00:00,2026-06-17 04:30:00+00:00,2026-06-17 08:30:00+00:00,0.03128,0.030580714285714287,0.022355681402995996,0.0315,fixed_4h,447.3135852911131,8.946271705822262,10.0,10.0,0.007033248081841359,0.006033248081841359,2.6987538304391894,0.2698753830439189,0.04473135852911131,16,0.03132992327365702,-0.0009590792838874984,True,production,0.0,True,,597.0213091354989,634.2587590560379,636.957512886477
1000RATSUSDT,early,EXPERIMENT,1000RATSUSDT:2026-06-17T08:15:00+00:00,2026-06-17 08:30:00+00:00,2026-06-17 08:30:00+00:00,2026-06-17 08:45:00+00:00,0.02812,0.02786107142857143,0.00920798618167033,0.02786107142857143,structural_stop,1086.0137931034558,21.720275862069116,10.000000000000002,10.0,-0.009207986181670291,-0.010207986181670292,-11.086013793103417,-1.1086013793103415,0.10860137931034557,1,0.00035561877667134034,-0.009957325746799417,False,production,0.0,True,,636.957512886477,636.957512886477,625.8714990933736
KATUSDT,early,EXPERIMENT,KATUSDT:2026-06-17T05:15:00+00:00,2026-06-17 05:30:00+00:00,2026-06-17 05:30:00+00:00,2026-06-17 09:30:00+00:00,0.005642,0.00559725,0.007931584544487861,0.005709,fixed_4h,1260.7821229050135,25.21564245810027,10.0,10.0,0.011875221552640758,0.010875221552640757,13.71128491620077,1.371128491620077,0.12607821229050134,16,0.014711095356256587,-0.004076568592697671,True,production,0.0,True,,628.5974406202837,625.8714990933736,639.5827840095743
SKRUSDT,early,EXPERIMENT,SKRUSDT:2026-06-17T18:00:00+00:00,2026-06-17 18:15:00+00:00,2026-06-17 18:15:00+00:00,2026-06-17 22:15:00+00:00,0.009004,0.008840107142857143,0.018202227581392408,0.008840107142857143,structural_stop,549.3833079102197,10.987666158204394,10.0,10.0,-0.01820222758139245,-0.01920222758139245,-10.549383307910242,-1.0549383307910243,0.05493833079102198,16,0.01832518880497558,-0.01921368280764102,False,production,0.0,True,,639.5827840095743,639.5827840095743,629.033400701664
HOMEUSDT,early,EXPERIMENT,HOMEUSDT:2026-06-17T18:45:00+00:00,2026-06-17 19:00:00+00:00,2026-06-17 19:00:00+00:00,2026-06-17 23:00:00+00:00,0.025429,0.02504042857142857,0.015280641337505568,0.027937,fixed_4h,654.4227941176462,13.088455882352923,10.0,10.0,0.09862755122104683,0.09762755122104683,63.88969485294108,6.388969485294108,0.06544227941176461,16,0.11545872822368164,-0.005072948208738048,False,production,0.0,True,,639.5827840095743,629.033400701664,692.9230955546051
ICNTUSDT,early,EXPERIMENT,ICNTUSDT:2026-06-17T21:00:00+00:00,2026-06-17 21:15:00+00:00,2026-06-17 21:15:00+00:00,2026-06-18 01:15:00+00:00,0.1822,0.17719642857142856,0.027461972714442593,0.1835,fixed_4h,364.1399000713767,7.282798001427534,10.0,10.0,0.007135016465422694,0.006135016465422694,2.234004282655271,0.22340042826552708,0.03641399000713767,16,0.009879253567508295,-0.021405049396267972,False,production,0.0,True,,639.5827840095743,692.9230955546051,695.1570998372604
COOKIEUSDT,early,EXPERIMENT,COOKIEUSDT:2026-06-17T22:00:00+00:00,2026-06-17 22:15:00+00:00,2026-06-17 22:15:00+00:00,2026-06-18 02:15:00+00:00,0.009032,0.008907571428571428,0.013776414019992494,0.009077,fixed_4h,725.8783008036694,14.517566016073388,10.0,10.0,0.004982285208148696,0.003982285208148696,2.890654420206562,0.2890654420206562,0.07258783008036694,16,0.01572187776793621,0.0,False,production,0.0,True,,629.033400701664,695.1570998372604,698.047754257467
IOTXUSDT,early,EXPERIMENT,IOTXUSDT:2026-06-18T04:45:00+00:00,2026-06-18 05:00:00+00:00,2026-06-18 05:00:00+00:00,2026-06-18 05:15:00+00:00,0.003087,0.0030583214285714285,0.009290110602063953,0.0030583214285714285,structural_stop,1076.4134495641347,21.528268991282694,10.0,10.0,-0.009290110602063972,-0.010290110602063973,-11.076413449564155,-1.1076413449564155,0.10764134495641348,1,0.0,-0.0113378684807256,False,production,0.0,True,,698.047754257467,698.047754257467,686.9713408079028
OGUSDT,early,EXPERIMENT,OGUSDT:2026-06-18T04:45:00+00:00,2026-06-18 05:00:00+00:00,2026-06-18 05:00:00+00:00,2026-06-18 05:15:00+00:00,2.617,2.607392857142857,0.0036710519133140713,2.607392857142857,structural_stop,2500.0,50.0,9.177629783285179,10.0,-0.0036710519133140718,-0.004671051913314072,-11.67762978328518,-1.2724014869888458,0.2724014869888457,1,0.0,-0.006495987772258238,False,production,0.0,True,,698.047754257467,686.9713408079028,675.2937110246177
RLCUSDT,early,EXPERIMENT,RLCUSDT:2026-06-18T04:15:00+00:00,2026-06-18 04:30:00+00:00,2026-06-18 04:30:00+00:00,2026-06-18 05:15:00+00:00,0.3382,0.3361928571428571,0.005934780772155156,0.3361928571428571,structural_stop,1684.9822064056798,33.6996441281136,10.0,10.0,-0.005934780772155146,-0.006934780772155146,-11.684982206405662,-1.1684982206405663,0.168498220640568,3,0.0017740981667651035,-0.008279124778237779,False,production,0.0,True,,698.047754257467,675.2937110246177,663.6087288182121
SKRUSDT,early,EXPERIMENT,SKRUSDT:2026-06-18T04:45:00+00:00,2026-06-18 05:00:00+00:00,2026-06-18 05:00:00+00:00,2026-06-18 09:00:00+00:00,0.008766,0.008690178571428571,0.008649489912323588,0.00881,fixed_4h,1156.1375412152613,23.122750824305225,10.0,10.0,0.005019393109742198,0.004019393109742198,4.646971267074909,0.46469712670749086,0.11561375412152615,16,0.011407711613050653,-0.007300935432352218,False,production,0.0,True,,698.047754257467,663.6087288182121,668.255700085287
SAHARAUSDT,early,EXPERIMENT,SAHARAUSDT:2026-06-18T14:15:00+00:00,2026-06-18 14:30:00+00:00,2026-06-18 14:30:00+00:00,2026-06-18 15:45:00+00:00,0.013896,0.01364575,0.01800877950489353,0.01364575,structural_stop,555.2847152847143,11.105694305694286,10.0,10.0,-0.018008779504893546,-0.019008779504893547,-10.555284715284724,-1.0555284715284725,0.05552847152847142,5,0.0053252734599884555,-0.027993667242371956,False,production,0.0,True,,668.255700085287,668.255700085287,657.7004153700022
SAHARAUSDT,early,EXPERIMENT,SAHARAUSDT:2026-06-18T16:00:00+00:00,2026-06-18 16:15:00+00:00,2026-06-18 16:15:00+00:00,2026-06-18 20:15:00+00:00,0.013567,0.013361535714285713,0.015144415546125618,0.013722,fixed_4h,660.3094037893255,13.20618807578651,10.0,10.0,0.011424780717918415,0.010424780717918414,6.883580740483165,0.6883580740483165,0.06603094037893256,16,0.015331318640819713,-0.0054544114395223,False,production,0.0,True,,657.7004153700022,657.7004153700022,664.5839961104854
STABLEUSDT,early,EXPERIMENT,STABLEUSDT:2026-06-18T16:00:00+00:00,2026-06-18 16:15:00+00:00,2026-06-18 16:15:00+00:00,2026-06-18 20:15:00+00:00,0.033408,0.03284007142857143,0.01699977764094149,0.033414,fixed_4h,588.2429883033561,11.764859766067122,10.0,10.0,0.0001795977011493921,-0.0008204022988506079,-0.4825958998868246,-0.04825958998868246,0.05882429883033561,16,0.007333572796935028,-0.006196120689655138,False,production,0.0,True,,657.7004153700022,664.5839961104854,664.1014002105985
ZBCNUSDT,early,EXPERIMENT,ZBCNUSDT:2026-06-19T00:45:00+00:00,2026-06-19 01:00:00+00:00,2026-06-19 01:00:00+00:00,2026-06-19 03:30:00+00:00,0.0025262,0.0025018035714285715,0.009657362271961309,0.0025018035714285715,structural_stop,1035.4794320011674,20.709588640023348,10.0,10.0,-0.009657362271961345,-0.010657362271961346,-11.035479432001205,-1.1035479432001205,0.10354794320011675,10,0.004948143456575016,-0.012983928430053138,False,production,0.0,True,,664.1014002105985,664.1014002105985,653.0659207785973
APTUSDT,early,EXPERIMENT,APTUSDT:2026-06-19T03:15:00+00:00,2026-06-19 03:30:00+00:00,2026-06-19 03:30:00+00:00,2026-06-19 04:15:00+00:00,0.6369,0.6263821428571428,0.016514142161810717,0.6263821428571428,structural_stop,605.5415959252912,12.110831918505824,10.0,10.0,-0.016514142161810685,-0.017514142161810686,-10.605541595925272,-1.0605541595925272,0.06055415959252912,3,0.0,-0.0171141466478254,False,production,0.0,True,,653.0659207785973,653.0659207785973,642.460379182672
1000RATSUSDT,early,EXPERIMENT,1000RATSUSDT:2026-06-19T03:15:00+00:00,2026-06-19 03:30:00+00:00,2026-06-19 03:30:00+00:00,2026-06-19 04:45:00+00:00,0.02762,0.027219285714285717,0.014508120409640914,0.027219285714285717,structural_stop,689.269162210345,13.785383244206901,10.0,10.0,-0.01450812040964089,-0.015508120409640891,-10.68926916221033,-1.0689269162210329,0.0689269162210345,5,0.0010861694424331159,-0.01774076755973919,False,production,0.0,True,,653.0659207785973,642.460379182672,631.7711100204617
AEVOUSDT,early,EXPERIMENT,AEVOUSDT:2026-06-19T04:00:00+00:00,2026-06-19 04:15:00+00:00,2026-06-19 04:15:00+00:00,2026-06-19 04:45:00+00:00,0.01833,0.01814107142857143,0.010307068817706986,0.01814107142857143,structural_stop,970.2079395085187,19.404158790170374,10.0,10.0,-0.010307068817706933,-0.011307068817706933,-10.970207939508468,-1.0970207939508467,0.09702079395085188,2,0.0021822149481725006,-0.010911074740861948,False,production,0.0,True,,642.460379182672,631.7711100204617,620.8009020809533
ASTRUSDT,early,EXPERIMENT,ASTRUSDT:2026-06-19T03:15:00+00:00,2026-06-19 03:30:00+00:00,2026-06-19 03:30:00+00:00,2026-06-19 04:45:00+00:00,0.005644,0.005580035714285714,0.011333147716918165,0.005580035714285714,structural_stop,882.3673925181406,17.647347850362813,10.0,10.0,-0.01133314771691818,-0.01233314771691818,-10.882367392518153,-1.0882367392518153,0.08823673925181406,5,0.005492558469170961,-0.011871013465627134,False,production,0.0,True,,653.0659207785973,620.8009020809533,609.9185346884351
BANDUSDT,early,EXPERIMENT,BANDUSDT:2026-06-19T03:15:00+00:00,2026-06-19 03:30:00+00:00,2026-06-19 03:30:00+00:00,2026-06-19 05:00:00+00:00,0.1587,0.15682500000000002,0.01181474480151221,0.15682500000000002,structural_stop,846.4000000000055,16.92800000000011,10.0,10.0,-0.011814744801512234,-0.012814744801512234,-10.846400000000026,-1.0846400000000027,0.08464000000000056,6,0.004410838059231148,-0.012602394454946486,False,production,0.0,True,,653.0659207785973,609.9185346884351,599.0721346884351
ALICEUSDT,early,EXPERIMENT,ALICEUSDT:2026-06-19T03:15:00+00:00,2026-06-19 03:30:00+00:00,2026-06-19 03:30:00+00:00,2026-06-19 07:30:00+00:00,0.10048,0.0992575,0.012166600318471351,0.10055,fixed_4h,821.9222903885471,16.438445807770943,10.0,10.0,0.0006966560509553688,-0.00030334394904463127,-0.24932515337427005,-0.024932515337427005,0.08219222903885472,16,0.007165605095541316,-0.007364649681528723,False,production,0.0,True,,653.0659207785973,599.0721346884351,598.8228095350609
BANANAUSDT,early,EXPERIMENT,BANANAUSDT:2026-06-19T03:15:00+00:00,2026-06-19 03:30:00+00:00,2026-06-19 03:30:00+00:00,2026-06-19 07:30:00+00:00,2.86,2.820678571428571,0.013748751248751304,2.85,fixed_4h,727.338782924611,14.54677565849222,10.0,10.0,-0.0034965034965034336,-0.004496503496503434,-3.2704813805630653,-0.32704813805630656,0.07273387829246111,16,0.002797202797202747,-0.0108391608391607,False,production,0.0,True,,653.0659207785973,598.8228095350609,595.5523281544978
BUSDT,early,EXPERIMENT,BUSDT:2026-06-19T16:45:00+00:00,2026-06-19 17:00:00+00:00,2026-06-19 17:00:00+00:00,2026-06-19 21:00:00+00:00,0.21914,0.21728642857142855,0.00845838928799605,0.22041,fixed_4h,1182.2581888246461,23.64516377649292,10.0,10.0,0.0057953819476133095,0.0047953819476133095,5.6693795761077155,0.5669379576107716,0.11822581888246463,16,0.011910194396276275,-0.003376836725381027,False,production,0.0,True,,595.5523281544978,595.5523281544978,601.2217077306055
FUSDT,early,EXPERIMENT,FUSDT:2026-06-19T20:15:00+00:00,2026-06-19 20:30:00+00:00,2026-06-19 20:30:00+00:00,2026-06-19 21:45:00+00:00,0.003729,0.0037046071428571427,0.006541393709535365,0.0037046071428571427,structural_stop,1528.7262079062812,30.574524158125623,10.0,10.0,-0.006541393709535326,-0.007541393709535326,-11.528726207906221,-1.1528726207906221,0.15287262079062813,5,0.0008045052292839916,-0.008849557522123908,False,production,0.0,True,,595.5523281544978,601.2217077306055,589.6929815226994
KITEUSDT,early,EXPERIMENT,KITEUSDT:2026-06-19T18:15:00+00:00,2026-06-19 18:30:00+00:00,2026-06-19 18:30:00+00:00,2026-06-19 22:30:00+00:00,0.17838,0.177655,0.004064356990694043,0.17895,fixed_4h,2460.4137931034365,49.20827586206873,10.0,10.0,0.0031954254961317208,0.0021954254961317208,5.401655172413441,0.5401655172413441,0.24604137931034367,16,0.0127256418881041,-0.0034196658818252956,False,production,0.0,True,,595.5523281544978,589.6929815226994,595.0946366951129
NXPCUSDT,early,EXPERIMENT,NXPCUSDT:2026-06-19T19:45:00+00:00,2026-06-19 20:00:00+00:00,2026-06-19 20:00:00+00:00,2026-06-20 00:00:00+00:00,0.3113,0.3088392857142857,0.007904639530081322,0.3114,fixed_4h,1265.0798258345274,25.301596516690548,10.0,10.0,0.00032123353678126243,-0.0006787664632187376,-0.8586937590710787,-0.08586937590710787,0.12650798258345275,16,0.002248634757468615,-0.0041760359781561895,False,production,0.0,True,,595.5523281544978,595.0946366951129,594.2359429360417
AZTECUSDT,early,EXPERIMENT,AZTECUSDT:2026-06-19T20:15:00+00:00,2026-06-19 20:30:00+00:00,2026-06-19 20:30:00+00:00,2026-06-20 00:30:00+00:00,0.014942,0.014802071428571428,0.009364781918656946,0.015022,fixed_4h,1067.8305257784534,21.35661051556907,10.000000000000002,10.0,0.005354035604336893,0.004354035604336893,4.649372128637171,0.46493721286371703,0.10678305257784533,16,0.009235711417480807,-0.00522018471422836,False,production,0.0,True,,595.5523281544978,594.2359429360417,598.8853150646789
NEWTUSDT,early,EXPERIMENT,NEWTUSDT:2026-06-19T20:15:00+00:00,2026-06-19 20:30:00+00:00,2026-06-19 20:30:00+00:00,2026-06-20 00:30:00+00:00,0.05161,0.05118142857142857,0.008304038530738828,0.0529,fixed_4h,1204.2333333333268,24.084666666666536,10.0,10.0,0.024995155977523664,0.023995155977523663,28.89576666666642,2.8895766666666423,0.12042333333333269,16,0.024995155977523664,-0.007944196861073394,False,production,0.0,True,,595.5523281544978,598.8853150646789,627.7810817313454
AWEUSDT,early,EXPERIMENT,AWEUSDT:2026-06-19T23:45:00+00:00,2026-06-20 00:00:00+00:00,2026-06-20 00:00:00+00:00,2026-06-20 01:00:00+00:00,0.05349,0.05317,0.005982426621798482,0.05317,structural_stop,1671.5624999999957,33.43124999999991,10.0,10.0,-0.005982426621798487,-0.006982426621798487,-11.671562500000002,-1.1671562500000003,0.16715624999999956,4,0.002056459151243306,-0.005982426621798487,False,production,0.0,True,,594.2359429360417,627.7810817313454,616.1095192313453
1000TOSHIUSDT,early,EXPERIMENT,1000TOSHIUSDT:2026-06-19T21:30:00+00:00,2026-06-19 21:45:00+00:00,2026-06-19 21:45:00+00:00,2026-06-20 01:45:00+00:00,0.12221,0.12128392857142857,0.0075777058225303074,0.12206,fixed_4h,1319.660624758966,26.39321249517932,10.0,10.0,-0.001227395466819381,-0.002227395466819381,-2.9394060933281527,-0.2939406093328153,0.1319660624758966,16,0.0072825464364618675,-0.005564192782914645,False,production,0.0,True,,589.6929815226994,616.1095192313453,613.1701131380172
STEEMUSDT,early,EXPERIMENT,STEEMUSDT:2026-06-19T21:45:00+00:00,2026-06-19 22:00:00+00:00,2026-06-19 22:00:00+00:00,2026-06-20 02:00:00+00:00,0.04256,0.04235178571428572,0.0048922529538130595,0.04254,fixed_4h,2044.0480274442725,40.88096054888545,10.0,10.0,-0.00046992481203000924,-0.0014699248120300093,-3.0045969125213334,-0.30045969125213334,0.20440480274442727,16,0.012922932330827086,-0.00164473684210531,False,production,0.0,True,,589.6929815226994,613.1701131380172,610.1655162254958
CHRUSDT,early,EXPERIMENT,CHRUSDT:2026-06-19T23:00:00+00:00,2026-06-19 23:15:00+00:00,2026-06-19 23:15:00+00:00,2026-06-20 02:30:00+00:00,0.01488,0.01473,0.010080645161290378,0.01473,structural_stop,991.9999999999945,19.83999999999989,10.0,10.0,-0.01008064516129037,-0.01108064516129037,-10.991999999999987,-1.0991999999999986,0.09919999999999946,13,0.012768817204301008,-0.01008064516129037,False,production,0.0,True,,595.0946366951129,610.1655162254958,599.1735162254959
SPORTFUNUSDT,early,EXPERIMENT,SPORTFUNUSDT:2026-06-20T01:00:00+00:00,2026-06-20 01:15:00+00:00,2026-06-20 01:15:00+00:00,2026-06-20 05:15:00+00:00,0.03093,0.030454642857142857,0.015368805136021402,0.03109,fixed_4h,650.6686701728037,13.013373403456074,10.0,10.0,0.005172971225347656,0.004172971225347656,2.715221637866334,0.2715221637866334,0.06506686701728037,16,0.01357904946653754,-0.00711283543485286,False,production,0.0,True,,616.1095192313453,599.1735162254959,601.8887378633622
ASTRUSDT,early,EXPERIMENT,ASTRUSDT:2026-06-20T01:15:00+00:00,2026-06-20 01:30:00+00:00,2026-06-20 01:30:00+00:00,2026-06-20 05:30:00+00:00,0.005232,0.0051230357142857145,0.020826507208387836,0.005378,fixed_4h,480.15732546706244,9.603146509341249,10.0,10.0,0.027905198776758455,0.026905198776758454,12.918728285808019,1.2918728285808019,0.04801573254670624,16,0.03555045871559637,-0.005542813455657436,False,production,0.0,True,,616.1095192313453,601.8887378633622,614.8074661491702
JASMYUSDT,early,EXPERIMENT,JASMYUSDT:2026-06-20T14:15:00+00:00,2026-06-20 14:30:00+00:00,2026-06-20 14:30:00+00:00,2026-06-20 18:30:00+00:00,0.004596,0.004562035714285715,0.0073899664304363805,0.004601,fixed_4h,1353.1861198738213,27.063722397476425,10.0,10.0,0.0010879025239338702,8.790252393387019e-05,0.11894847528918952,0.011894847528918952,0.13531861198738215,16,0.02045256744995627,-0.0032637075718016106,False,production,0.0,True,,614.8074661491702,614.8074661491702,614.9264146244594
MEUSDT,early,EXPERIMENT,MEUSDT:2026-06-20T14:30:00+00:00,2026-06-20 14:45:00+00:00,2026-06-20 14:45:00+00:00,2026-06-20 18:45:00+00:00,0.06167,0.061130357142857146,0.008750492251384086,0.0626,fixed_4h,1142.79285241562,22.8558570483124,10.0,10.0,0.01508026593157119,0.01408026593157119,16.09082726671072,1.6090827266710717,0.114279285241562,16,0.020107021242094847,-0.0004864601913410205,False,production,0.0,True,,614.8074661491702,614.9264146244594,631.0172418911701
ARCUSDT,early,EXPERIMENT,ARCUSDT:2026-06-20T16:45:00+00:00,2026-06-20 17:00:00+00:00,2026-06-20 17:00:00+00:00,2026-06-20 21:00:00+00:00,0.07534,0.07337321428571428,0.026105464750275104,0.07872,fixed_4h,383.06155801706683,7.6612311603413366,10.0,10.0,0.04486328643482862,0.04386328643482862,16.802338841474324,1.6802338841474325,0.03830615580170668,16,0.05481815768516052,-0.006636580833554562,False,production,0.0,True,,614.8074661491702,631.0172418911701,647.8195807326445
ZBCNUSDT,early,EXPERIMENT,ZBCNUSDT:2026-06-20T21:15:00+00:00,2026-06-20 21:30:00+00:00,2026-06-20 21:30:00+00:00,2026-06-20 23:45:00+00:00,0.0025018,0.0024824892857142856,0.007718728229960265,0.0024824892857142856,structural_stop,1295.5502126872368,25.911004253744736,10.0,10.0,-0.0077187282299602256,-0.008718728229960226,-11.295550212687187,-1.1295550212687187,0.12955502126872367,9,0.0029178991126386222,-0.007994244144216234,False,production,0.0,True,,647.8195807326445,647.8195807326445,636.5240305199573
OGUSDT,early,EXPERIMENT,OGUSDT:2026-06-20T20:30:00+00:00,2026-06-20 20:45:00+00:00,2026-06-20 20:45:00+00:00,2026-06-21 00:45:00+00:00,2.686,2.665892857142857,0.007485905754706954,2.692,fixed_4h,1335.8436944937819,26.716873889875636,10.0,10.0,0.0022338049143708627,0.0012338049143708627,1.6481705150977575,0.16481705150977574,0.13358436944937818,16,0.006329113924050667,-0.006701414743112366,False,production,0.0,True,,631.0172418911701,636.5240305199573,638.172201035055
WUSDT,early,EXPERIMENT,WUSDT:2026-06-20T21:00:00+00:00,2026-06-20 21:15:00+00:00,2026-06-20 21:15:00+00:00,2026-06-21 01:15:00+00:00,0.010307,0.010171357142857142,0.013160265561546374,0.010307,fixed_4h,759.8630858346423,15.197261716692847,10.0,10.0,0.0,-0.001,-0.7598630858346423,-0.07598630858346424,0.07598630858346424,16,0.012224701659066639,-0.007470651013874119,False,production,0.0,True,,647.8195807326445,638.172201035055,637.4123379492203
1000XECUSDT,early,EXPERIMENT,1000XECUSDT:2026-06-21T01:00:00+00:00,2026-06-21 01:15:00+00:00,2026-06-21 01:15:00+00:00,2026-06-21 03:45:00+00:00,0.005478,0.0054485,0.005385177071924062,0.0054485,structural_stop,1856.9491525423723,37.13898305084744,10.0,10.0,-0.0053851770719240966,-0.006385177071924097,-11.856949152542438,-1.1856949152542438,0.18569491525423723,10,0.001277838627236294,-0.008944870390653614,False,production,0.0,True,,637.4123379492203,637.4123379492203,625.5553887966778
ZETAUSDT,early,EXPERIMENT,ZETAUSDT:2026-06-21T00:00:00+00:00,2026-06-21 00:15:00+00:00,2026-06-21 00:15:00+00:00,2026-06-21 04:15:00+00:00,0.03687,0.03657214285714286,0.00807857724049746,0.03664,fixed_4h,1237.8417266187112,24.756834532374224,10.0,10.0,-0.00623813398426909,-0.00723813398426909,-8.959664268585222,-0.8959664268585221,0.12378417266187113,16,0.00840791971792787,-0.00650935720097634,False,production,0.0,True,,636.5240305199573,625.5553887966778,616.5957245280925
NEWTUSDT,early,EXPERIMENT,NEWTUSDT:2026-06-21T00:15:00+00:00,2026-06-21 00:30:00+00:00,2026-06-21 00:30:00+00:00,2026-06-21 04:30:00+00:00,0.05219,0.05178464285714286,0.007766950428379726,0.05217,fixed_4h,1287.5066079295311,25.750132158590624,10.0,10.0,-0.00038321517532091676,-0.0013832151753209168,-1.7808986784140852,-0.17808986784140854,0.12875066079295314,16,0.006514657980456029,-0.0038321517532093896,False,production,0.0,True,,636.5240305199573,616.5957245280925,614.8148258496784
PUNDIXUSDT,early,EXPERIMENT,PUNDIXUSDT:2026-06-21T03:30:00+00:00,2026-06-21 03:45:00+00:00,2026-06-21 03:45:00+00:00,2026-06-21 04:30:00+00:00,0.09776,0.09726249999999999,0.005088993453355276,0.09726249999999999,structural_stop,1965.0251256280942,39.300502512561884,10.0,10.0,-0.005088993453355228,-0.006088993453355228,-11.965025125628001,-1.1965025125628,0.19650251256280943,3,0.0017389525368249892,-0.006751227495908285,False,production,0.0,True,,625.5553887966778,614.8148258496784,602.8498007240504
WOOUSDT,early,EXPERIMENT,WOOUSDT:2026-06-21T04:00:00+00:00,2026-06-21 04:15:00+00:00,2026-06-21 04:15:00+00:00,2026-06-21 05:00:00+00:00,0.012846,0.012804285714285714,0.0032472587353484005,0.012804285714285714,structural_stop,2500.0,50.0,8.118146838371,10.0,-0.0032472587353483684,-0.004247258735348368,-10.61814683837092,-1.3079520547945118,0.30795205479452176,3,0.0010119881675230147,-0.0059940837614821385,False,production,0.0,True,,616.5957245280925,602.8498007240504,592.2316538856795
SIRENUSDT,early,EXPERIMENT,SIRENUSDT:2026-06-21T14:30:00+00:00,2026-06-21 14:45:00+00:00,2026-06-21 14:45:00+00:00,2026-06-21 18:45:00+00:00,0.04094,0.039642857142857146,0.031683997487612386,0.04052,fixed_4h,315.6167400881072,6.312334801762144,10.0,10.0,-0.010258915486077158,-0.011258915486077159,-3.5535022026431795,-0.355350220264318,0.03156167400881072,16,0.007327796775769446,-0.028089887640449396,False,production,0.0,True,,592.2316538856795,592.2316538856795,588.6781516830364
ZBCNUSDT,early,EXPERIMENT,ZBCNUSDT:2026-06-21T15:00:00+00:00,2026-06-21 15:15:00+00:00,2026-06-21 15:15:00+00:00,2026-06-21 19:15:00+00:00,0.0024146,0.0023815678571428574,0.013680171811953312,0.0024291,fixed_4h,730.9849713482625,14.619699426965251,10.0,10.0,0.0060051354261576595,0.0050051354261576595,3.6586787760840305,0.36586787760840306,0.07309849713482626,16,0.010602170131698951,-0.002360639443386048,False,production,0.0,True,,592.2316538856795,588.6781516830364,592.3368304591204
4USDT,early,EXPERIMENT,4USDT:2026-06-21T15:45:00+00:00,2026-06-21 16:00:00+00:00,2026-06-21 16:00:00+00:00,2026-06-21 20:00:00+00:00,0.008608,0.008509,0.011500929368029756,0.008774,fixed_4h,869.4949494949483,17.389898989898967,10.0,10.0,0.019284386617100413,0.018284386617100412,15.89818181818183,1.5898181818181831,0.08694949494949483,16,0.050302044609665586,-0.006389405204460963,False,production,0.0,True,,592.2316538856795,592.3368304591204,608.2350122773022
SENTUSDT,early,EXPERIMENT,SENTUSDT:2026-06-21T15:45:00+00:00,2026-06-21 16:00:00+00:00,2026-06-21 16:00:00+00:00,2026-06-21 20:00:00+00:00,0.015038,0.014920571428571429,0.00780878916269254,0.01504,fixed_4h,1280.6082725060937,25.612165450121875,10.0,10.0,0.00013299640909703037,-0.0008670035909029697,-1.110291970802832,-0.11102919708028319,0.12806082725060938,16,0.014230615773374256,-0.002992419204681518,False,production,0.0,True,,592.2316538856795,608.2350122773022,607.1247203064994
1000NEIROCTOUSDT,early,EXPERIMENT,1000NEIROCTOUSDT:2026-06-21T19:30:00+00:00,2026-06-21 19:45:00+00:00,2026-06-21 19:45:00+00:00,2026-06-21 20:30:00+00:00,0.0695,0.06868714285714285,0.011695786228160528,0.06868714285714285,structural_stop,855.0087873462069,17.100175746924137,10.0,10.0,-0.011695786228160476,-0.012695786228160477,-10.855008787346163,-1.0855008787346163,0.08550087873462069,3,0.0014388489208632116,-0.012949640287769904,False,production,0.0,True,,592.3368304591204,607.1247203064994,596.2697115191532
DBRUSDT,early,EXPERIMENT,DBRUSDT:2026-06-21T16:30:00+00:00,2026-06-21 16:45:00+00:00,2026-06-21 16:45:00+00:00,2026-06-21 20:45:00+00:00,0.014364,0.01431975,0.0030806182121972214,0.014354,fixed_4h,2500.0,50.0,7.701545530493053,10.0,-0.0006961849067111947,-0.0016961849067111947,-4.240462266777987,-0.5505988700564771,0.32461016949151894,16,0.00034809245335565286,-0.0025062656641603454,False,production,0.0,True,,592.2316538856795,596.2697115191532,592.0292492523753
STXUSDT,early,EXPERIMENT,STXUSDT:2026-06-21T20:30:00+00:00,2026-06-21 20:45:00+00:00,2026-06-21 20:45:00+00:00,2026-06-21 21:00:00+00:00,0.1821,0.18126785714285715,0.004569702675139289,0.18126785714285715,structural_stop,2188.326180257491,43.76652360514982,10.0,10.0,-0.004569702675139342,-0.005569702675139342,-12.188326180257606,-1.2188326180257607,0.21883261802574913,1,0.0,-0.006040637012630468,False,production,0.0,True,,592.0292492523753,592.0292492523753,579.8409230721177
TOWNSUSDT,early,EXPERIMENT,TOWNSUSDT:2026-06-21T20:15:00+00:00,2026-06-21 20:30:00+00:00,2026-06-21 20:30:00+00:00,2026-06-21 21:00:00+00:00,0.002171,0.0021563214285714285,0.006761202868987441,0.0021563214285714285,structural_stop,1479.0267639902368,29.580535279804735,10.0,10.0,-0.006761202868987404,-0.007761202868987404,-11.47902676399018,-1.147902676399018,0.14790267639902369,2,0.0004606172270842368,-0.008291110087517373,False,production,0.0,True,,596.2697115191532,579.8409230721177,568.3618963081275
USUALUSDT,early,EXPERIMENT,USUALUSDT:2026-06-21T17:30:00+00:00,2026-06-21 17:45:00+00:00,2026-06-21 17:45:00+00:00,2026-06-21 21:00:00+00:00,0.010109,0.010035392857142857,0.007281347596907965,0.010035392857142857,structural_stop,1373.3721494420229,27.467442988840457,10.0,10.0,-0.007281347596908017,-0.008281347596908017,-11.373372149442094,-1.1373372149442094,0.13733721494420228,13,0.008507270748837614,-0.007518053219903065,False,production,0.0,True,,592.2316538856795,568.3618963081275,556.9885241586854
FUSDT,early,EXPERIMENT,FUSDT:2026-06-21T19:15:00+00:00,2026-06-21 19:30:00+00:00,2026-06-21 19:30:00+00:00,2026-06-21 21:15:00+00:00,0.003789,0.0037668571428571425,0.005843984466312298,0.0037668571428571425,structural_stop,1711.1612903225687,34.223225806451374,10.0,10.0,-0.005843984466312291,-0.006843984466312291,-11.711161290322556,-1.1711161290322556,0.17111612903225687,7,0.006598046978094629,-0.01477962523093157,False,production,0.0,True,,592.3368304591204,556.9885241586854,545.2773628683628
KATUSDT,early,EXPERIMENT,KATUSDT:2026-06-21T20:30:00+00:00,2026-06-21 20:45:00+00:00,2026-06-21 20:45:00+00:00,2026-06-21 21:15:00+00:00,0.005446,0.005382678571428571,0.011627144431037288,0.005382678571428571,structural_stop,860.0564015792374,17.201128031584748,10.0,10.0,-0.011627144431037295,-0.012627144431037296,-10.860056401579245,-1.0860056401579243,0.08600564015792374,2,0.0,-0.012486228424531842,False,production,0.0,True,,592.0292492523753,545.2773628683628,534.4173064667835
MAVUSDT,early,EXPERIMENT,MAVUSDT:2026-06-22T15:15:00+00:00,2026-06-22 15:30:00+00:00,2026-06-22 15:30:00+00:00,2026-06-22 16:30:00+00:00,0.010512,0.010418571428571428,0.008887801696020969,0.010418571428571428,structural_stop,1125.137614678887,22.502752293577743,10.0,10.0,-0.008887801696020992,-0.009887801696020992,-11.125137614678913,-1.1125137614678913,0.1125137614678887,4,0.002758751902587564,-0.009608066971080742,False,production,0.0,True,,534.4173064667835,534.4173064667835,523.2921688521046
IOTXUSDT,early,EXPERIMENT,IOTXUSDT:2026-06-22T16:00:00+00:00,2026-06-22 16:15:00+00:00,2026-06-22 16:15:00+00:00,2026-06-22 17:45:00+00:00,0.003121,0.0031005357142857145,0.006556964342930327,0.0031005357142857145,structural_stop,1525.0959860384066,30.501919720768132,10.0,10.0,-0.006556964342930294,-0.007556964342930294,-11.525095986038355,-1.1525095986038356,0.15250959860384067,6,0.004806151874399145,-0.007369432874078874,False,production,0.0,True,,534.4173064667835,523.2921688521046,511.76707286606626
1000TOSHIUSDT,early,EXPERIMENT,1000TOSHIUSDT:2026-06-22T16:45:00+00:00,2026-06-22 17:00:00+00:00,2026-06-22 17:00:00+00:00,2026-06-22 18:00:00+00:00,0.12077,0.119615,0.009563633352653832,0.119615,structural_stop,1045.6277056277027,20.91255411255405,10.0,10.0,-0.009563633352653866,-0.010563633352653867,-11.045627705627739,-1.104562770562774,0.10456277056277027,4,0.0012420303055393767,-0.012668709116502419,False,production,0.0,True,,523.2921688521046,511.76707286606626,500.7214451604385
BLURUSDT,early,EXPERIMENT,BLURUSDT:2026-06-22T17:30:00+00:00,2026-06-22 17:45:00+00:00,2026-06-22 17:45:00+00:00,2026-06-22 18:30:00+00:00,0.015611,0.015532178571428572,0.0050490954180659854,0.015532178571428572,structural_stop,1980.5527865881406,39.61105573176281,10.0,10.0,-0.005049095418065974,-0.006049095418065974,-11.980552786588119,-1.198055278658812,0.19805527865881406,3,0.004932419447825298,-0.006149509960925004,False,production,0.0,True,,511.76707286606626,500.7214451604385,488.7408923738504
FHEUSDT,early,EXPERIMENT,FHEUSDT:2026-06-22T16:45:00+00:00,2026-06-22 17:00:00+00:00,2026-06-22 17:00:00+00:00,2026-06-22 19:00:00+00:00,0.02057,0.020055,0.025036460865337944,0.020055,structural_stop,399.41747572815416,7.988349514563083,10.0,10.0,-0.02503646086533795,-0.02603646086533795,-10.399417475728157,-1.0399417475728157,0.03994174757281542,8,0.001944579484686404,-0.025279533300923807,False,production,0.0,True,,523.2921688521046,488.7408923738504,478.3414748981222
MAVUSDT,early,EXPERIMENT,MAVUSDT:2026-06-22T16:30:00+00:00,2026-06-22 16:45:00+00:00,2026-06-22 16:45:00+00:00,2026-06-22 19:00:00+00:00,0.010439,0.01034882142857143,0.008638621652320233,0.01034882142857143,structural_stop,1157.5920792079273,23.151841584158547,10.0,10.0,-0.00863862165232021,-0.009638621652320212,-11.157592079207902,-1.1157592079207903,0.11575920792079274,9,0.003448606188332093,-0.013507040904301215,False,production,0.0,True,,523.2921688521046,478.3414748981222,467.1838828189143
OGUSDT,early,EXPERIMENT,OGUSDT:2026-06-22T14:45:00+00:00,2026-06-22 15:00:00+00:00,2026-06-22 15:00:00+00:00,2026-06-22 19:00:00+00:00,2.587,2.566071428571429,0.00808990004969895,2.566071428571429,structural_stop,1236.1092150170794,24.72218430034159,10.0,10.0,-0.008089900049698895,-0.009089900049698896,-11.236109215017013,-1.1236109215017012,0.12361092150170792,16,0.0027058368766910146,-0.00889060688055665,False,production,0.0,True,,534.4173064667835,467.1838828189143,455.9477736038973
DBRUSDT,early,EXPERIMENT,DBRUSDT:2026-06-22T17:30:00+00:00,2026-06-22 17:45:00+00:00,2026-06-22 17:45:00+00:00,2026-06-22 21:45:00+00:00,0.014968,0.01478475,0.01224278460716202,0.014968,fixed_4h,816.8076398362842,16.336152796725685,10.0,10.0,0.0,-0.001,-0.8168076398362842,-0.08168076398362843,0.08168076398362843,16,0.002739176910742769,-0.004676643506146494,False,production,0.0,True,,511.76707286606626,455.9477736038973,455.13096596406103
PROVEUSDT,early,EXPERIMENT,PROVEUSDT:2026-06-23T15:45:00+00:00,2026-06-23 16:00:00+00:00,2026-06-23 16:00:00+00:00,2026-06-23 16:45:00+00:00,0.1927,0.19094285714285714,0.009118541033434737,0.19094285714285714,structural_stop,1096.6666666666563,21.933333333333124,10.0,10.0,-0.00911854103343479,-0.010118541033434791,-11.096666666666716,-1.1096666666666717,0.10966666666666564,3,0.0015568240788790266,-0.009859885832900983,False,production,0.0,True,,455.13096596406103,455.13096596406103,444.03429929739434
BOBAUSDT,early,EXPERIMENT,BOBAUSDT:2026-06-23T16:00:00+00:00,2026-06-23 16:15:00+00:00,2026-06-23 16:15:00+00:00,2026-06-23 18:45:00+00:00,0.02191,0.021598571428571425,0.01421399230618775,0.021598571428571425,structural_stop,703.5321100917382,14.070642201834765,10.0,10.0,-0.014213992306187806,-0.015213992306187807,-10.703532110091778,-1.0703532110091778,0.07035321100917381,10,0.0018256503879507946,-0.01780009128251936,False,production,0.0,True,,455.13096596406103,444.03429929739434,433.33076718730257
MAVIAUSDT,early,EXPERIMENT,MAVIAUSDT:2026-06-23T18:15:00+00:00,2026-06-23 18:30:00+00:00,2026-06-23 18:30:00+00:00,2026-06-23 18:45:00+00:00,0.02424,0.0240875,0.006291254125412535,0.0240875,structural_stop,1589.508196721313,31.79016393442626,10.0,10.0,-0.006291254125412538,-0.007291254125412538,-11.589508196721317,-1.1589508196721316,0.15895081967213132,1,0.0012376237623761277,-0.0070132013201320564,False,production,0.0,True,,444.03429929739434,433.33076718730257,421.74125899058123
ORDERUSDT,early,EXPERIMENT,ORDERUSDT:2026-06-23T16:00:00+00:00,2026-06-23 16:15:00+00:00,2026-06-23 16:15:00+00:00,2026-06-23 20:15:00+00:00,0.03601,0.035137857142857144,0.02421946284762166,0.03603,fixed_4h,412.8910728910734,8.257821457821468,10.0,10.0,0.0005554012774229289,-0.00044459872257707114,-0.1835708435708476,-0.01835708435708476,0.04128910728910734,16,0.008608719800055509,-0.004443210219383542,False,production,0.0,True,,455.13096596406103,421.74125899058123,421.55768814701037
SQDUSDT,early,EXPERIMENT,SQDUSDT:2026-06-23T17:00:00+00:00,2026-06-23 17:15:00+00:00,2026-06-23 17:15:00+00:00,2026-06-23 21:15:00+00:00,0.03823,0.03671714285714286,0.039572512237958206,0.03761,fixed_4h,252.7006610009444,5.054013220018888,10.0,10.0,-0.01621763013340316,-0.01721763013340316,-4.350906515580757,-0.43509065155807575,0.02527006610009444,16,0.0028773214752810805,-0.02825006539366981,False,production,0.0,True,,444.03429929739434,421.55768814701037,417.20678163142964
BANANAUSDT,early,EXPERIMENT,BANANAUSDT:2026-06-23T18:00:00+00:00,2026-06-23 18:15:00+00:00,2026-06-23 18:15:00+00:00,2026-06-23 22:15:00+00:00,2.746,2.725964285714286,0.0072963271251690305,2.776,fixed_4h,1370.5525846702405,27.41105169340481,10.0,10.0,0.010924981791696986,0.009924981791696985,13.602709447415378,1.3602709447415378,0.13705525846702404,16,0.010924981791696986,-0.0007283321194463399,False,production,0.0,True,,444.03429929739434,417.20678163142964,430.809491078845
QTUMUSDT,early,EXPERIMENT,QTUMUSDT:2026-06-23T18:45:00+00:00,2026-06-23 19:00:00+00:00,2026-06-23 19:00:00+00:00,2026-06-23 23:00:00+00:00,0.6824,0.6782142857142857,0.006133813431586091,0.6896,fixed_4h,1630.3071672354704,32.60614334470941,10.0,10.0,0.010550996483001063,0.009550996483001062,15.571058020477402,1.5571058020477402,0.16303071672354705,16,0.015679953106682465,-0.00043962485345838687,False,production,0.0,True,,421.74125899058123,430.809491078845,446.38054909932237
FLRUSDT,early,EXPERIMENT,FLRUSDT:2026-06-23T19:15:00+00:00,2026-06-23 19:30:00+00:00,2026-06-23 19:30:00+00:00,2026-06-23 23:30:00+00:00,0.006995,0.00694325,0.007398141529664128,0.007014,fixed_4h,1351.6908212560236,27.03381642512047,10.0,10.0,0.0027162258756254776,0.0017162258756254775,2.31980676328504,0.231980676328504,0.13516908212560236,16,0.00786275911365264,-0.0032880629020729524,False,production,0.0,True,,421.74125899058123,446.38054909932237,448.7003558626074
BOBAUSDT,early,EXPERIMENT,BOBAUSDT:2026-06-23T19:30:00+00:00,2026-06-23 19:45:00+00:00,2026-06-23 19:45:00+00:00,2026-06-23 23:45:00+00:00,0.02159,0.021386428571428574,0.009428968437768779,0.02178,fixed_4h,1060.5614035087751,21.2112280701755,9.999999999999998,10.0,0.008800370541917513,0.007800370541917513,8.272771929824541,0.8272771929824543,0.10605614035087753,16,0.013895321908290681,-0.006484483557202436,False,production,0.0,True,,421.74125899058123,448.7003558626074,456.97312779243197
ARKUSDT,early,EXPERIMENT,ARKUSDT:2026-06-24T00:30:00+00:00,2026-06-24 00:45:00+00:00,2026-06-24 00:45:00+00:00,2026-06-24 01:15:00+00:00,0.10868,0.10788535714285714,0.007311767180188212,0.10788535714285714,structural_stop,1367.658426966296,27.35316853932592,10.0,10.0,-0.007311767180188222,-0.008311767180188223,-11.367658426966312,-1.1367658426966312,0.1367658426966296,2,0.004048582995951344,-0.007729112992270859,False,production,0.0,True,,456.97312779243197,456.97312779243197,445.60546936546564
ORCAUSDT,early,EXPERIMENT,ORCAUSDT:2026-06-24T00:00:00+00:00,2026-06-24 00:15:00+00:00,2026-06-24 00:15:00+00:00,2026-06-24 03:30:00+00:00,1.1537,1.1386285714285713,0.013063559479438871,1.1386285714285713,structural_stop,765.488151658765,15.3097630331753,10.0,10.0,-0.013063559479438824,-0.014063559479438825,-10.76548815165873,-1.076548815165873,0.0765488151658765,13,0.003640461125075767,-0.016208719771171,False,production,0.0,True,,456.97312779243197,445.60546936546564,434.83998121380694
MAVIAUSDT,early,EXPERIMENT,MAVIAUSDT:2026-06-23T23:30:00+00:00,2026-06-23 23:45:00+00:00,2026-06-23 23:45:00+00:00,2026-06-24 03:45:00+00:00,0.0242,0.023877142857142857,0.013341204250295129,0.02431,fixed_4h,749.5575221238955,14.99115044247791,10.0,10.0,0.004545454545454408,0.003545454545454408,2.6575221238937083,0.26575221238937086,0.07495575221238955,16,0.012396694214876103,-0.004132231404958664,False,production,0.0,True,,456.97312779243197,434.83998121380694,437.49750333770066
1000PEPEUSDT,early,EXPERIMENT,1000PEPEUSDT:2026-06-24T13:45:00+00:00,2026-06-24 14:00:00+00:00,2026-06-24 14:00:00+00:00,2026-06-24 15:15:00+00:00,0.002595,0.0025680714285714287,0.010377098816405167,0.0025680714285714287,structural_stop,963.6604774535816,19.273209549071634,10.0,10.0,-0.01037709881640514,-0.01137709881640514,-10.963660477453555,-1.0963660477453556,0.09636604774535816,5,0.005394990366088592,-0.0157996146435454,False,production,0.0,True,,437.49750333770066,437.49750333770066,426.5338428602471
FOGOUSDT,early,EXPERIMENT,FOGOUSDT:2026-06-24T14:00:00+00:00,2026-06-24 14:15:00+00:00,2026-06-24 14:15:00+00:00,2026-06-24 15:30:00+00:00,0.01142,0.011299285714285713,0.010570427820865718,0.011299285714285713,structural_stop,946.0355029585737,18.920710059171473,10.0,10.0,-0.010570427820865702,-0.011570427820865703,-10.946035502958559,-1.094603550295856,0.09460355029585737,5,0.007005253940455258,-0.013134851138353665,False,production,0.0,True,,437.49750333770066,426.5338428602471,415.5878073572885
KATUSDT,early,EXPERIMENT,KATUSDT:2026-06-24T13:45:00+00:00,2026-06-24 14:00:00+00:00,2026-06-24 14:00:00+00:00,2026-06-24 15:45:00+00:00,0.005258,0.005198321428571428,0.01135005162201819,0.005198321428571428,structural_stop,881.0532615200447,17.621065230400895,10.0,10.0,-0.011350051622018187,-0.012350051622018188,-10.881053261520043,-1.0881053261520042,0.08810532615200448,7,0.0013313046785849991,-0.021110688474705208,False,production,0.0,True,,437.49750333770066,415.5878073572885,404.7067540957685
ENSUSDT,early,EXPERIMENT,ENSUSDT:2026-06-24T13:45:00+00:00,2026-06-24 14:00:00+00:00,2026-06-24 14:00:00+00:00,2026-06-24 16:00:00+00:00,4.312,4.266178571428572,0.010626490856082613,4.266178571428572,structural_stop,941.0444271239353,18.820888542478706,10.0,10.0,-0.010626490856082582,-0.011626490856082583,-10.941044427123906,-1.0941044427123907,0.09410444271239353,8,0.008580705009276324,-0.016929499072356302,False,production,0.0,True,,437.49750333770066,404.7067540957685,393.76570966864455
POLUSDT,early,EXPERIMENT,POLUSDT:2026-06-24T13:45:00+00:00,2026-06-24 14:00:00+00:00,2026-06-24 14:00:00+00:00,2026-06-24 16:00:00+00:00,0.07536,0.0745025,0.011378715498938392,0.0745025,structural_stop,878.8338192419853,17.576676384839708,10.0,10.0,-0.01137871549893843,-0.01237871549893843,-10.878833819242018,-1.087883381924202,0.08788338192419853,8,0.004113588110403521,-0.015923566878980777,False,production,0.0,True,,437.49750333770066,393.76570966864455,382.88687584940254
ACHUSDT,early,EXPERIMENT,ACHUSDT:2026-06-24T13:45:00+00:00,2026-06-24 14:00:00+00:00,2026-06-24 14:00:00+00:00,2026-06-24 17:00:00+00:00,0.004694,0.004636285714285714,0.012295331426136757,0.004636285714285714,structural_stop,813.3168316831651,16.2663366336633,10.0,10.0,-0.012295331426136702,-0.013295331426136703,-10.813316831683121,-1.081331683168312,0.08133168316831652,12,0.012569237324243643,-0.04132935662547943,False,production,0.0,True,,437.49750333770066,382.88687584940254,372.07355901771945
DOLOUSDT,early,EXPERIMENT,DOLOUSDT:2026-06-24T15:15:00+00:00,2026-06-24 15:30:00+00:00,2026-06-24 15:30:00+00:00,2026-06-24 17:00:00+00:00,0.02358,0.02308464285714286,0.021007512419726086,0.02308464285714286,structural_stop,476.0201874549404,9.520403749098808,10.0,10.0,-0.021007512419726093,-0.022007512419726094,-10.476020187454944,-1.0476020187454944,0.04760201874549404,6,0.00593723494486853,-0.043256997455470736,False,production,0.0,True,,415.5878073572885,372.07355901771945,361.5975388302645
GPSUSDT,early,EXPERIMENT,GPSUSDT:2026-06-24T15:30:00+00:00,2026-06-24 15:45:00+00:00,2026-06-24 15:45:00+00:00,2026-06-24 19:45:00+00:00,0.008787,0.0087275,0.006771366791851659,0.008973,fixed_4h,1476.8067226890626,29.53613445378125,10.0,10.0,0.021167634004779945,0.020167634004779944,29.783697478991563,2.978369747899156,0.14768067226890627,16,0.0325480823944464,-0.002162285194036606,False,production,0.0,True,,404.7067540957685,361.5975388302645,391.38123630925605
HANAUSDT,early,EXPERIMENT,HANAUSDT:2026-06-25T14:15:00+00:00,2026-06-25 14:30:00+00:00,2026-06-25 14:30:00+00:00,2026-06-25 18:30:00+00:00,0.038276,0.03757703571428571,0.018261163280235367,0.037884,fixed_4h,547.6102396402816,10.952204792805633,10.0,10.0,-0.01024140453547906,-0.01124140453547906,-6.155908231567037,-0.6155908231567037,0.05476102396402816,16,0.007681053401609406,-0.01802696206500143,False,production,0.0,True,,391.38123630925605,391.38123630925605,385.225328077689
HOLOUSDT,early,EXPERIMENT,HOLOUSDT:2026-06-25T20:45:00+00:00,2026-06-25 21:00:00+00:00,2026-06-25 21:00:00+00:00,2026-06-26 01:00:00+00:00,0.06554,0.06522714285714286,0.004773529796416578,0.06543,fixed_4h,2094.8858447488606,41.89771689497721,10.0,10.0,-0.0016783643576441243,-0.0026783643576441243,-5.61086757990855,-0.5610867579908551,0.20948858447488608,16,0.018919743667989097,-0.0018309429356118123,False,production,0.0,True,,385.225328077689,385.225328077689,379.6144604977805
METISUSDT,early,EXPERIMENT,METISUSDT:2026-06-26T01:30:00+00:00,2026-06-26 01:45:00+00:00,2026-06-26 01:45:00+00:00,2026-06-26 02:00:00+00:00,2.884,2.873464285714286,0.003653160293243444,2.873464285714286,structural_stop,2500.0,50.0,9.13290073310861,10.0,-0.0036531602932434737,-0.004653160293243474,-11.632900733108684,-1.273735593220352,0.273735593220344,1,0.0,-0.004507628294036059,False,production,0.0,True,,379.6144604977805,379.6144604977805,367.98155976467183
FLRUSDT,early,EXPERIMENT,FLRUSDT:2026-06-26T00:00:00+00:00,2026-06-26 00:15:00+00:00,2026-06-26 00:15:00+00:00,2026-06-26 02:15:00+00:00,0.006798,0.006737892857142857,0.008841886269070755,0.006737892857142857,structural_stop,1130.98039215686,22.6196078431372,9.999999999999998,10.0,-0.008841886269070787,-0.009841886269070788,-11.130980392156895,-1.1130980392156897,0.11309803921568602,8,0.006031185642836112,-0.01603412768461321,False,production,0.0,True,,385.225328077689,367.98155976467183,356.8505793725149
FHEUSDT,early,EXPERIMENT,FHEUSDT:2026-06-25T23:30:00+00:00,2026-06-25 23:45:00+00:00,2026-06-25 23:45:00+00:00,2026-06-26 02:30:00+00:00,0.01814,0.01765142857142857,0.026933375334698372,0.01765142857142857,structural_stop,371.28654970760243,7.425730994152048,10.0,10.0,-0.026933375334698417,-0.027933375334698418,-10.37128654970762,-1.037128654970762,0.03712865497076024,11,0.007166482910694771,-0.027563395810363822,False,production,0.0,True,,385.225328077689,356.8505793725149,346.4792928228073
KGENUSDT,early,EXPERIMENT,KGENUSDT:2026-06-25T23:00:00+00:00,2026-06-25 23:15:00+00:00,2026-06-25 23:15:00+00:00,2026-06-26 03:15:00+00:00,0.17227,0.17043321428571429,0.01066224945890591,0.17913,fixed_4h,937.888391989108,18.757767839782158,10.0,10.0,0.03982121088988211,0.03882121088988211,36.409963056581574,3.6409963056581574,0.09378883919891079,16,0.04382655134382074,-0.0017995007836535404,False,production,0.0,True,,385.225328077689,346.4792928228073,382.8892558793889
HOMEUSDT,early,EXPERIMENT,HOMEUSDT:2026-06-26T16:15:00+00:00,2026-06-26 16:30:00+00:00,2026-06-26 16:30:00+00:00,2026-06-26 18:30:00+00:00,0.01974,0.019503785714285717,0.011966275872050862,0.019503785714285717,structural_stop,835.6818869065678,16.713637738131357,10.0,10.0,-0.011966275872050902,-0.012966275872050903,-10.8356818869066,-1.0835681886906603,0.08356818869065678,8,0.003850050658561255,-0.013981762917933183,False,production,0.0,True,,382.8892558793889,382.8892558793889,372.05357399248226
B2USDT,early,EXPERIMENT,B2USDT:2026-06-26T15:00:00+00:00,2026-06-26 15:15:00+00:00,2026-06-26 15:15:00+00:00,2026-06-26 19:15:00+00:00,0.5122,0.5033964285714285,0.017187761477101653,0.5289,fixed_4h,581.8093306288007,11.636186612576013,10.0,10.0,0.0326044513861774,0.0316044513861774,18.387764705882347,1.8387764705882348,0.05818093306288007,16,0.03397110503709477,-0.015228426395939132,False,production,0.0,True,,382.8892558793889,372.05357399248226,390.4413386983646
HANAUSDT,early,EXPERIMENT,HANAUSDT:2026-06-26T15:45:00+00:00,2026-06-26 16:00:00+00:00,2026-06-26 16:00:00+00:00,2026-06-26 20:00:00+00:00,0.038459,0.03802942857142857,0.011169594336083413,0.038577,fixed_4h,895.2876621217089,17.905753242434177,10.0,10.0,0.0030682025013650804,0.0020682025013650804,1.8516361822414134,0.18516361822414135,0.0895287662121709,16,0.006656439324995489,-0.004550300319821177,False,production,0.0,True,,382.8892558793889,390.4413386983646,392.292974880606
CUSDT,early,EXPERIMENT,CUSDT:2026-06-26T18:00:00+00:00,2026-06-26 18:15:00+00:00,2026-06-26 18:15:00+00:00,2026-06-26 22:15:00+00:00,0.08007,0.07874142857142857,0.01659262431087085,0.07949,fixed_4h,602.6774193548385,12.053548387096772,10.0,10.0,-0.007243661795928502,-0.008243661795928503,-4.9682688172042635,-0.4968268817204264,0.06026774193548386,16,0.007118771075309116,-0.010241039090795545,False,production,0.0,True,,382.8892558793889,392.292974880606,387.3247060634017
BIOUSDT,early,EXPERIMENT,BIOUSDT:2026-06-26T18:30:00+00:00,2026-06-26 18:45:00+00:00,2026-06-26 18:45:00+00:00,2026-06-26 22:45:00+00:00,0.02904,0.028451428571428572,0.02026761117670206,0.02902,fixed_4h,493.3980582524278,9.867961165048555,10.0,10.0,-0.0006887052341597588,-0.0016887052341597588,-0.8332038834951364,-0.08332038834951364,0.049339805825242784,16,0.011363636363636465,-0.006198347107438051,False,production,0.0,True,,372.05357399248226,387.3247060634017,386.4915021799066
ATOMUSDT,early,EXPERIMENT,ATOMUSDT:2026-06-26T19:00:00+00:00,2026-06-26 19:15:00+00:00,2026-06-26 19:15:00+00:00,2026-06-26 23:15:00+00:00,1.5964,1.5695999999999999,0.016787772488098318,1.5972,fixed_4h,595.6716417910413,11.913432835820826,10.0,10.0,0.0005011275369581902,-0.0004988724630418098,-0.2971641791044554,-0.029716417910445544,0.05956716417910413,16,0.007266349285893314,-0.008644450012528226,False,production,0.0,True,,390.4413386983646,386.4915021799066,386.19433800080213
GIGGLEUSDT,early,EXPERIMENT,GIGGLEUSDT:2026-06-26T22:30:00+00:00,2026-06-26 22:45:00+00:00,2026-06-26 22:45:00+00:00,2026-06-27 00:30:00+00:00,25.42,25.32142857142857,0.003877711588175936,25.32142857142857,structural_stop,2500.0,50.0,9.694278970439841,10.0,-0.0038777115881759583,-0.004877711588175958,-12.194278970439896,-1.2578840579710104,0.2578840579710048,7,0.0015735641227379027,-0.0043273013375296765,False,production,0.0,True,,386.4915021799066,386.19433800080213,374.00005903036225
PROVEUSDT,early,EXPERIMENT,PROVEUSDT:2026-06-26T20:30:00+00:00,2026-06-26 20:45:00+00:00,2026-06-26 20:45:00+00:00,2026-06-27 00:45:00+00:00,0.1906,0.18911785714285714,0.007776195472942542,0.1942,fixed_4h,1285.9759036144653,25.719518072289308,10.0,10.0,0.018887722980063026,0.017887722980063026,23.003180722891784,2.3003180722891785,0.12859759036144652,16,0.018887722980063026,-0.005771248688352548,False,production,0.0,True,,392.292974880606,374.00005903036225,397.00323975325404
1000NEIROCTOUSDT,early,EXPERIMENT,1000NEIROCTOUSDT:2026-06-26T22:00:00+00:00,2026-06-26 22:15:00+00:00,2026-06-26 22:15:00+00:00,2026-06-27 02:15:00+00:00,0.06169,0.06110892857142857,0.009419215895143959,0.06189,fixed_4h,1061.6594960049129,21.23318992009826,10.0,10.0,0.003242016534284353,0.002242016534284353,2.3802581438230077,0.2380258143823008,0.10616594960049129,16,0.007294537202139795,-0.004538823147998139,False,production,0.0,True,,387.3247060634017,397.00323975325404,399.38349789707706
1000XECUSDT,early,EXPERIMENT,1000XECUSDT:2026-06-26T22:00:00+00:00,2026-06-26 22:15:00+00:00,2026-06-26 22:15:00+00:00,2026-06-27 02:15:00+00:00,0.005076,0.005038249999999999,0.007436958234830666,0.005076,fixed_4h,1344.6357615893876,26.89271523178775,10.0,10.0,0.0,-0.001,-1.3446357615893876,-0.13446357615893875,0.13446357615893875,16,0.007486209613869255,-0.002561071710007856,False,production,0.0,True,,387.3247060634017,399.38349789707706,398.03886213548765
ANKRUSDT,early,EXPERIMENT,ANKRUSDT:2026-06-26T22:00:00+00:00,2026-06-26 22:15:00+00:00,2026-06-26 22:15:00+00:00,2026-06-27 02:15:00+00:00,0.003442,0.003417357142857143,0.00715945878641987,0.003472,fixed_4h,1396.753623188403,27.935072463768062,10.0,10.0,0.00871586287042403,0.007715862870424029,10.777159420289633,1.0777159420289635,0.1396753623188403,16,0.01743172574084828,-0.0020337013364323253,False,production,0.0,True,,387.3247060634017,398.03886213548765,408.8160215557773
FORMUSDT,early,EXPERIMENT,FORMUSDT:2026-06-26T23:00:00+00:00,2026-06-26 23:15:00+00:00,2026-06-26 23:15:00+00:00,2026-06-27 03:15:00+00:00,0.21661,0.2149657142857143,0.007590996326511746,0.21528,fixed_4h,1317.3501303214637,26.347002606429275,10.0,10.0,-0.006140067402243599,-0.007140067402243599,-9.40596872284964,-0.9405968722849639,0.13173501303214638,16,0.005724574119384984,-0.007525045011772313,False,production,0.0,True,,386.19433800080213,408.8160215557773,399.41005283292765
RUNEUSDT,early,EXPERIMENT,RUNEUSDT:2026-06-27T00:30:00+00:00,2026-06-27 00:45:00+00:00,2026-06-27 00:45:00+00:00,2026-06-27 04:45:00+00:00,0.3985,0.39650714285714284,0.005000896217960313,0.3995,fixed_4h,1999.6415770608899,39.9928315412178,10.0,10.0,0.0025094102885820924,0.0015094102885820923,3.018279569892228,0.30182795698922277,0.19996415770608897,16,0.008030112923463006,-0.0012547051442910462,False,production,0.0,True,,397.00323975325404,399.41005283292765,402.4283324028199
JELLYJELLYUSDT,early,EXPERIMENT,JELLYJELLYUSDT:2026-06-27T04:00:00+00:00,2026-06-27 04:15:00+00:00,2026-06-27 04:15:00+00:00,2026-06-27 05:00:00+00:00,0.057,0.056666428571428576,0.005852130325814493,0.056666428571428576,structural_stop,1708.7794432548305,34.175588865096614,10.0,10.0,-0.005852130325814442,-0.006852130325814442,-11.708779443254743,-1.1708779443254744,0.17087794432548306,3,0.002280701754385994,-0.006842105263157872,False,production,0.0,True,,399.41005283292765,402.4283324028199,390.71955295956514
PIXELUSDT,early,EXPERIMENT,PIXELUSDT:2026-06-27T04:00:00+00:00,2026-06-27 04:15:00+00:00,2026-06-27 04:15:00+00:00,2026-06-27 05:15:00+00:00,0.005003,0.004974857142857143,0.005625196310784887,0.004974857142857143,structural_stop,1777.7157360406313,35.55431472081263,10.0,10.0,-0.005625196310784841,-0.006625196310784841,-11.77771573604055,-1.177771573604055,0.17777157360406315,4,0.001798920647611446,-0.00859484309414349,False,production,0.0,True,,399.41005283292765,390.71955295956514,378.9418372235246
BOBAUSDT,early,EXPERIMENT,BOBAUSDT:2026-06-27T03:30:00+00:00,2026-06-27 03:45:00+00:00,2026-06-27 03:45:00+00:00,2026-06-27 05:30:00+00:00,0.02068,0.020345714285714283,0.01616468637745249,0.020345714285714283,structural_stop,618.6324786324727,12.372649572649454,10.0,10.0,-0.016164686377452497,-0.017164686377452498,-10.618632478632478,-1.0618632478632477,0.06186324786324727,7,0.0029013539651838727,-0.030947775628626828,False,production,0.0,True,,399.41005283292765,378.9418372235246,368.3232047448921
FLRUSDT,early,EXPERIMENT,FLRUSDT:2026-06-27T01:30:00+00:00,2026-06-27 01:45:00+00:00,2026-06-27 01:45:00+00:00,2026-06-27 05:45:00+00:00,0.006792,0.006759428571428572,0.004795557799091384,0.006784,fixed_4h,2085.26315789473,41.7052631578946,10.0,10.0,-0.0011778563015312216,-0.0021778563015312216,-4.541403508771932,-0.45414035087719323,0.208526315789473,16,0.008392226148409954,-0.002944640753828054,False,production,0.0,True,,397.00323975325404,368.3232047448921,363.7818012361202
CHRUSDT,early,EXPERIMENT,CHRUSDT:2026-06-27T02:30:00+00:00,2026-06-27 02:45:00+00:00,2026-06-27 02:45:00+00:00,2026-06-27 06:45:00+00:00,0.01518,0.014865,0.020750988142292558,0.01509,fixed_4h,481.90476190476033,9.638095238095207,10.0,10.0,-0.005928853754940788,-0.006928853754940788,-3.339047619047645,-0.33390476190476454,0.048190476190476034,16,0.01910408432147559,-0.013175230566534912,False,production,0.0,True,,408.8160215557773,363.7818012361202,360.4427536170726
CYBERUSDT,early,EXPERIMENT,CYBERUSDT:2026-06-27T14:00:00+00:00,2026-06-27 14:15:00+00:00,2026-06-27 14:15:00+00:00,2026-06-27 17:15:00+00:00,0.351,0.3484428571428571,0.007285307285307319,0.3484428571428571,structural_stop,1372.625698324016,27.452513966480318,10.0,10.0,-0.007285307285307296,-0.008285307285307297,-11.372625698323986,-1.1372625698323986,0.1372625698324016,12,0.004843304843304974,-0.01111111111111096,False,production,0.0,True,,360.4427536170726,360.4427536170726,349.0701279187486
MAVUSDT,early,EXPERIMENT,MAVUSDT:2026-06-27T14:00:00+00:00,2026-06-27 14:15:00+00:00,2026-06-27 14:15:00+00:00,2026-06-27 17:15:00+00:00,0.009493,0.009438357142857142,0.005756121051601946,0.009438357142857142,structural_stop,1737.2810457516298,34.745620915032596,10.0,10.0,-0.005756121051601948,-0.006756121051601948,-11.737281045751633,-1.1737281045751633,0.173728104575163,12,0.0032655640998631164,-0.012114189402717801,False,production,0.0,True,,360.4427536170726,349.0701279187486,337.332846872997
MINAUSDT,early,EXPERIMENT,MINAUSDT:2026-06-27T14:45:00+00:00,2026-06-27 15:00:00+00:00,2026-06-27 15:00:00+00:00,2026-06-27 17:15:00+00:00,0.03908,0.03895642857142857,0.0031620119900569164,0.03895642857142857,structural_stop,2500.0,50.0,7.905029975142291,10.0,-0.0031620119900569454,-0.0041620119900569455,-10.405029975142364,-1.3162543352601357,0.3162543352601266,9,0.00972364380757429,-0.0053735926305014114,True,production,0.0,True,,360.4427536170726,337.332846872997,326.9278168978546
SENTUSDT,early,EXPERIMENT,SENTUSDT:2026-06-27T14:00:00+00:00,2026-06-27 14:15:00+00:00,2026-06-27 14:15:00+00:00,2026-06-27 17:15:00+00:00,0.012842,0.012787035714285714,0.004280040937103638,0.012787035714285714,structural_stop,2336.4262508122492,46.72852501624499,10.0,10.0,-0.004280040937103657,-0.005280040937103657,-12.336426250812293,-1.2336426250812293,0.23364262508122494,12,0.003270518610808404,-0.010668120230493683,False,production,0.0,True,,360.4427536170726,326.9278168978546,314.5913906470423
RONINUSDT,early,EXPERIMENT,RONINUSDT:2026-06-27T14:00:00+00:00,2026-06-27 14:15:00+00:00,2026-06-27 14:15:00+00:00,2026-06-27 18:15:00+00:00,0.05733,0.056901071428571426,0.007481747277665676,0.05705,fixed_4h,1336.5861781848405,26.73172356369681,10.0,10.0,-0.004884004884004978,-0.005884004884004978,-7.864479600333149,-0.7864479600333149,0.13365861781848407,16,0.01098901098901095,-0.006105006105006083,False,production,0.0,True,,360.4427536170726,314.5913906470423,306.7269110467092
XTZUSDT,early,EXPERIMENT,XTZUSDT:2026-06-27T14:30:00+00:00,2026-06-27 14:45:00+00:00,2026-06-27 14:45:00+00:00,2026-06-27 18:15:00+00:00,0.2167,0.2152214285714286,0.006823126112466139,0.2152214285714286,structural_stop,1465.6038647343155,29.31207729468631,10.0,10.0,-0.00682312611246616,-0.007823126112466161,-11.465603864734346,-1.1465603864734348,0.14656038647343156,14,0.00599907706506686,-0.0083064143977849,False,production,0.0,True,,360.4427536170726,306.7269110467092,295.2613071819748
CYBERUSDT,early,EXPERIMENT,CYBERUSDT:2026-06-28T15:45:00+00:00,2026-06-28 16:00:00+00:00,2026-06-28 16:00:00+00:00,2026-06-28 16:30:00+00:00,0.3404,0.3382071428571428,0.006442001007218459,0.3382071428571428,structural_stop,1552.3127035830473,31.046254071660947,10.0,10.0,-0.006442001007218479,-0.007442001007218479,-11.552312703583079,-1.1552312703583079,0.15523127035830475,2,0.000293772032902595,-0.00763807285546414,False,production,0.0,True,,295.2613071819748,295.2613071819748,283.70899447839173
BLUAIUSDT,early,EXPERIMENT,BLUAIUSDT:2026-06-28T17:00:00+00:00,2026-06-28 17:15:00+00:00,2026-06-28 17:15:00+00:00,2026-06-28 17:30:00+00:00,0.012934,0.012628642857142857,0.02360887141310824,0.012628642857142857,structural_stop,423.5695906432761,8.471391812865523,10.0,10.0,-0.02360887141310819,-0.02460887141310819,-10.423569590643256,-1.0423569590643256,0.04235695906432761,1,0.00757692902427709,-0.025436833152930216,False,production,0.0,True,,283.70899447839173,283.70899447839173,273.2854248877485
BABYUSDT,early,EXPERIMENT,BABYUSDT:2026-06-28T17:30:00+00:00,2026-06-28 17:45:00+00:00,2026-06-28 17:45:00+00:00,2026-06-28 19:30:00+00:00,0.012638,0.012562428571428572,0.005979698415210343,0.012562428571428572,structural_stop,1672.3251417769434,33.446502835538865,10.0,10.0,-0.005979698415210288,-0.006979698415210288,-11.672325141776852,-1.1672325141776851,0.16723251417769433,7,0.007675265073587623,-0.006171862636493164,False,production,0.0,True,,273.2854248877485,273.2854248877485,261.6130997459716
1000PEPEUSDT,early,EXPERIMENT,1000PEPEUSDT:2026-06-28T17:30:00+00:00,2026-06-28 17:45:00+00:00,2026-06-28 17:45:00+00:00,2026-06-28 20:00:00+00:00,0.002369,0.002348357142857143,0.00871374298980882,0.002348357142857143,structural_stop,1147.6124567474076,22.95224913494815,10.0,10.0,-0.00871374298980887,-0.009713742989808871,-11.147612456747467,-1.1147612456747467,0.11476124567474076,9,0.0025327142254114587,-0.010552975939214781,False,production,0.0,True,,273.2854248877485,261.6130997459716,250.46548728922414
ALCHUSDT,early,EXPERIMENT,ALCHUSDT:2026-06-28T19:15:00+00:00,2026-06-28 19:30:00+00:00,2026-06-28 19:30:00+00:00,2026-06-28 20:00:00+00:00,0.06746,0.06698892857142857,0.00698297403752493,0.06698892857142857,structural_stop,1432.0545868081783,28.641091736163567,10.0,10.0,-0.006982974037524903,-0.007982974037524904,-11.43205458680814,-1.143205458680814,0.14320545868081783,2,0.0023717758671804035,-0.008301215535131967,False,production,0.0,True,,261.6130997459716,250.46548728922414,239.033432702416
AUSDT,early,EXPERIMENT,AUSDT:2026-06-28T17:30:00+00:00,2026-06-28 17:45:00+00:00,2026-06-28 17:45:00+00:00,2026-06-28 20:00:00+00:00,0.06005,0.059562142857142855,0.008124182229094822,0.059562142857142855,structural_stop,1230.8931185944332,24.617862371888663,10.0,10.0,-0.008124182229094834,-0.009124182229094835,-11.230893118594448,-1.123089311859445,0.12308931185944333,9,0.004662781015820183,-0.013488759367193959,False,production,0.0,True,,273.2854248877485,239.033432702416,227.80253958382156
DOLOUSDT,early,EXPERIMENT,DOLOUSDT:2026-06-28T17:15:00+00:00,2026-06-28 17:30:00+00:00,2026-06-28 17:30:00+00:00,2026-06-28 20:00:00+00:00,0.02294,0.022767142857142857,0.0075351849545397245,0.022767142857142857,structural_stop,1327.107438016541,26.542148760330818,10.0,10.0,-0.007535184954539753,-0.008535184954539754,-11.32710743801658,-1.132710743801658,0.1327107438016541,10,0.005231037489102031,-0.007846556233653046,False,production,0.0,True,,273.2854248877485,227.80253958382156,216.47543214580497
MITOUSDT,early,EXPERIMENT,MITOUSDT:2026-06-28T16:30:00+00:00,2026-06-28 16:45:00+00:00,2026-06-28 16:45:00+00:00,2026-06-28 20:45:00+00:00,0.02353,0.023320714285714285,0.008894420496630426,0.02392,fixed_4h,1124.3003412969304,22.486006825938606,10.0,10.0,0.016574585635359185,0.015574585635359184,17.5105119453926,1.7510511945392597,0.11243003412969303,16,0.033999150021249536,0.0,False,production,0.0,True,,283.70899447839173,216.47543214580497,233.98594409119758
ATHUSDT,early,EXPERIMENT,ATHUSDT:2026-06-28T17:30:00+00:00,2026-06-28 17:45:00+00:00,2026-06-28 17:45:00+00:00,2026-06-28 21:45:00+00:00,0.004178,0.004124964285714286,0.012694043629898196,0.004133,fixed_4h,787.7710437710382,15.755420875420764,10.0,10.0,-0.010770703685974103,-0.011770703685974104,-9.272619528619426,-0.9272619528619426,0.07877710437710382,16,0.0035902345619911458,-0.012685495452369522,False,production,0.0,True,,273.2854248877485,233.98594409119758,224.71332456257815
KSMUSDT,early,EXPERIMENT,KSMUSDT:2026-06-29T13:45:00+00:00,2026-06-29 14:00:00+00:00,2026-06-29 14:00:00+00:00,2026-06-29 14:15:00+00:00,2.999,2.968142857142857,0.010289144000381173,2.968142857142857,structural_stop,971.8981481481394,19.43796296296279,10.0,10.0,-0.010289144000381167,-0.011289144000381168,-10.971898148148135,-1.0971898148148136,0.09718981481481394,1,0.00033344448149374983,-0.011003667889296409,False,production,0.0,True,,224.71332456257815,224.71332456257815,213.74142641443
TAOUSDT,early,EXPERIMENT,TAOUSDT:2026-06-29T13:45:00+00:00,2026-06-29 14:00:00+00:00,2026-06-29 14:00:00+00:00,2026-06-29 14:15:00+00:00,204.32,202.37,0.00954385277995296,202.37,structural_stop,1047.7948717948777,20.955897435897555,10.0,10.0,-0.009543852779952955,-0.010543852779952956,-11.047794871794872,-1.1047794871794874,0.10477948717948778,1,0.0006851996867658361,-0.011012137823022683,False,production,0.0,True,,224.71332456257815,213.74142641443,202.69363154263513
1000PEPEUSDT,early,EXPERIMENT,1000PEPEUSDT:2026-06-29T13:45:00+00:00,2026-06-29 14:00:00+00:00,2026-06-29 14:00:00+00:00,2026-06-29 14:30:00+00:00,0.002335,0.0023116785714285713,0.00998776384215355,0.0023116785714285713,structural_stop,1001.225114854519,20.02450229709038,10.0,10.0,-0.009987763842153496,-0.010987763842153497,-11.001225114854467,-1.1001225114854467,0.1001225114854519,2,0.0008565310492505418,-0.012847965738757905,False,production,0.0,True,,224.71332456257815,202.69363154263513,191.69240642778067
QTUMUSDT,early,EXPERIMENT,QTUMUSDT:2026-06-29T13:45:00+00:00,2026-06-29 14:00:00+00:00,2026-06-29 14:00:00+00:00,2026-06-29 14:30:00+00:00,0.6868,0.6821071428571429,0.006832931192278763,0.6821071428571429,structural_stop,1463.5007610350353,29.270015220700706,10.0,10.0,-0.0068329311922787905,-0.007832931192278791,-11.463500761035078,-1.1463500761035077,0.14635007610350353,2,0.002038439138031478,-0.0085905649388468,False,production,0.0,True,,224.71332456257815,191.69240642778067,180.2289056667456
CHRUSDT,early,EXPERIMENT,CHRUSDT:2026-06-29T13:45:00+00:00,2026-06-29 14:00:00+00:00,2026-06-29 14:00:00+00:00,2026-06-29 18:00:00+00:00,0.01446,0.014262857142857141,0.013633669235329132,0.0149,fixed_4h,733.4782608695574,14.669565217391147,10.0,10.0,0.030428769017980528,0.029428769017980527,21.58536231884027,2.158536231884027,0.07334782608695574,16,0.03457814661134151,-0.010373443983402564,False,production,0.0,True,,224.71332456257815,180.2289056667456,201.81426798558587
COTIUSDT,early,EXPERIMENT,COTIUSDT:2026-06-29T13:45:00+00:00,2026-06-29 14:00:00+00:00,2026-06-29 14:00:00+00:00,2026-06-29 18:00:00+00:00,0.008351,0.008250714285714285,0.0120088270010437,0.00848,fixed_4h,832.720797720784,16.654415954415683,10.0,10.0,0.015447251826128383,0.014447251826128382,12.03052706552668,1.203052706552668,0.0832720797720784,16,0.02490719674290509,-0.011136390851395173,False,production,0.0,True,,224.71332456257815,201.81426798558587,213.84479505111256
IOTXUSDT,early,EXPERIMENT,IOTXUSDT:2026-06-30T15:15:00+00:00,2026-06-30 15:30:00+00:00,2026-06-30 15:30:00+00:00,2026-06-30 19:30:00+00:00,0.002676,0.0026549642857142857,0.00786087977792015,0.002696,fixed_4h,1272.1222410865853,25.442444821731705,10.0,10.0,0.007473841554558991,0.006473841554558991,8.235517826825047,0.8235517826825047,0.12721222410865854,16,0.010837070254110515,-0.004857997010463411,False,production,0.0,True,,213.84479505111256,213.84479505111256,222.08031287793762
INITUSDT,early,EXPERIMENT,INITUSDT:2026-06-30T18:00:00+00:00,2026-06-30 18:15:00+00:00,2026-06-30 18:15:00+00:00,2026-06-30 22:15:00+00:00,0.05293,0.05203428571428572,0.016922620172194928,0.05265,fixed_4h,590.9250398724137,11.818500797448273,10.0,10.0,-0.005290005667863085,-0.006290005667863085,-3.7169218500797014,-0.37169218500797013,0.05909250398724137,16,0.0030228603816362387,-0.011902512752692163,False,production,0.0,True,,213.84479505111256,222.08031287793762,218.36339102785792
CLUSDT,early,EXPERIMENT,CLUSDT:2026-06-30T18:15:00+00:00,2026-06-30 18:30:00+00:00,2026-06-30 18:30:00+00:00,2026-06-30 22:30:00+00:00,69.68,69.3025,0.005417623421354935,70.1,fixed_4h,1845.8278145694783,36.91655629138957,10.0,10.0,0.006027554535017021,0.005027554535017021,9.279999999999339,0.9279999999999338,0.18458278145694784,16,0.009902411021813995,0.0,False,production,0.0,True,,213.84479505111256,218.36339102785792,227.64339102785726
JASMYUSDT,early,EXPERIMENT,JASMYUSDT:2026-06-30T19:30:00+00:00,2026-06-30 19:45:00+00:00,2026-06-30 19:45:00+00:00,2026-06-30 23:45:00+00:00,0.004245,0.004188607142857142,0.01328453642941279,0.004243,fixed_4h,752.7549081697257,15.055098163394513,10.0,10.0,-0.000471142520612311,-0.001471142520612311,-1.107409753008099,-0.1107409753008099,0.07527549081697257,16,0.004475853945818731,-0.01012956419316835,False,production,0.0,True,,222.08031287793762,227.64339102785726,226.53598127484918
TUTUSDT,early,EXPERIMENT,TUTUSDT:2026-06-30T20:30:00+00:00,2026-06-30 20:45:00+00:00,2026-06-30 20:45:00+00:00,2026-07-01 00:45:00+00:00,0.010416,0.010352642857142857,0.006082675005486058,0.010381,fixed_4h,1644.0135287485928,32.88027057497185,10.0,10.0,-0.0033602150537634934,-0.004360215053763493,-7.1682525366404555,-0.7168252536640456,0.1644013528748593,16,0.004224270353302639,-0.005088325652841674,False,production,0.0,True,,222.08031287793762,226.53598127484918,219.3677287382087
4USDT,early,EXPERIMENT,4USDT:2026-06-30T22:45:00+00:00,2026-06-30 23:00:00+00:00,2026-06-30 23:00:00+00:00,2026-07-01 01:15:00+00:00,0.008735,0.008674214285714287,0.006958868263962551,0.008674214285714287,structural_stop,1437.015276145744,28.74030552291488,10.0,10.0,-0.0069588682639625254,-0.007958868263962526,-11.43701527614571,-1.143701527614571,0.14370152761457441,9,0.004464796794505066,-0.025758443045220347,False,production,0.0,True,,227.64339102785726,219.3677287382087,207.930713462063
ALGOUSDT,early,EXPERIMENT,ALGOUSDT:2026-06-30T21:00:00+00:00,2026-06-30 21:15:00+00:00,2026-06-30 21:15:00+00:00,2026-07-01 01:15:00+00:00,0.08174,0.08126892857142858,0.005763046593729116,0.08126892857142858,structural_stop,1735.1933282790383,34.70386656558077,10.0,10.0,-0.005763046593729171,-0.006763046593729171,-11.735193328279133,-1.1735193328279132,0.17351933282790383,16,0.020308294592610743,-0.006973330070956574,False,production,0.0,True,,222.08031287793762,207.930713462063,196.19552013378387
ATOMUSDT,early,EXPERIMENT,ATOMUSDT:2026-06-30T21:00:00+00:00,2026-06-30 21:15:00+00:00,2026-06-30 21:15:00+00:00,2026-07-01 01:15:00+00:00,1.5038,1.4926535714285716,0.007412174871278392,1.4926535714285716,structural_stop,1349.1316885613737,26.982633771227473,10.0,10.0,-0.007412174871278432,-0.008412174871278433,-11.349131688561428,-1.134913168856143,0.13491316885613738,16,0.007115307886687017,-0.016159063705279975,False,production,0.0,True,,222.08031287793762,196.19552013378387,184.84638844522243
POLUSDT,early,EXPERIMENT,POLUSDT:2026-06-30T23:15:00+00:00,2026-06-30 23:30:00+00:00,2026-06-30 23:30:00+00:00,2026-07-01 01:15:00+00:00,0.06842,0.06792892857142857,0.007177308222324234,0.06792892857142857,structural_stop,1393.2800000000127,27.865600000000253,10.0,10.0,-0.007177308222324208,-0.008177308222324209,-11.393279999999978,-1.1393279999999977,0.13932800000000128,7,0.003946214557147165,-0.015784858228588106,False,production,0.0,True,,227.64339102785726,184.84638844522243,173.45310844522245
RLCUSDT,early,EXPERIMENT,RLCUSDT:2026-07-01T00:00:00+00:00,2026-07-01 00:15:00+00:00,2026-07-01 00:15:00+00:00,2026-07-01 01:15:00+00:00,0.2832,0.2807857142857143,0.008525020177562508,0.2807857142857143,structural_stop,1173.0177514792958,23.460355029585916,10.0,10.0,-0.008525020177562515,-0.009525020177562515,-11.173017751479305,-1.1173017751479306,0.11730177514792958,4,0.0003531073446327859,-0.020480225988700695,False,production,0.0,True,,226.53598127484918,173.45310844522245,162.28009069374315
SAHARAUSDT,early,EXPERIMENT,SAHARAUSDT:2026-07-01T00:45:00+00:00,2026-07-01 01:00:00+00:00,2026-07-01 01:00:00+00:00,2026-07-01 01:15:00+00:00,0.010155,0.010029535714285713,0.012354927199831391,0.010029535714285713,structural_stop,809.3936806148458,16.187873612296915,10.0,10.0,-0.012354927199831445,-0.013354927199831446,-10.80939368061489,-1.080939368061489,0.08093936806148458,1,0.0023633677991137247,-0.027375677006400867,False,production,0.0,True,,219.3677287382087,162.28009069374315,151.47069701312824
CUSDT,early,EXPERIMENT,CUSDT:2026-07-01T18:00:00+00:00,2026-07-01 18:15:00+00:00,2026-07-01 18:15:00+00:00,2026-07-01 19:45:00+00:00,0.07316,0.07181642857142857,0.018364836366476626,0.07181642857142857,structural_stop,544.518872939925,10.8903774587985,10.0,10.0,-0.018364836366476678,-0.01936483636647668,-10.544518872939953,-1.0544518872939954,0.0544518872939925,6,0.0004100601421541672,-0.02268999453253151,False,production,0.0,True,,151.47069701312824,151.47069701312824,140.92617814018828
KITEUSDT,early,EXPERIMENT,KITEUSDT:2026-07-01T19:15:00+00:00,2026-07-01 19:30:00+00:00,2026-07-01 19:30:00+00:00,2026-07-01 20:30:00+00:00,0.10376,0.10198928571428571,0.01706548077982163,0.10198928571428571,structural_stop,585.978217022991,11.719564340459819,10.0,10.0,-0.017065480779821618,-0.01806548077982162,-10.585978217022985,-1.0585978217022984,0.0585978217022991,4,0.006168080185042335,-0.01821511179645341,False,production,0.0,True,,151.47069701312824,140.92617814018828,130.3401999231653
NOTUSDT,early,EXPERIMENT,NOTUSDT:2026-07-01T20:00:00+00:00,2026-07-01 20:15:00+00:00,2026-07-01 20:15:00+00:00,2026-07-01 23:15:00+00:00,0.0003794,0.0003767821428571429,0.006899992469312417,0.0003767821428571429,structural_stop,1449.2769440654909,28.985538881309818,10.0,10.0,-0.006899992469312388,-0.007899992469312389,-11.449276944065451,-1.1449276944065452,0.1449276944065491,12,0.012915129151291449,-0.011070110701106972,False,production,0.0,True,,140.92617814018828,130.3401999231653,118.89092297909986
BICOUSDT,early,EXPERIMENT,BICOUSDT:2026-07-01T20:00:00+00:00,2026-07-01 20:15:00+00:00,2026-07-01 20:15:00+00:00,2026-07-02 00:15:00+00:00,0.0147,0.014478571428571427,0.015063168124392658,0.0148,fixed_4h,663.8709677419336,13.27741935483867,10.0,10.0,0.006802721088435382,0.005802721088435382,3.8522580645161226,0.3852258064516123,0.06638709677419335,16,0.04081632653061229,-0.0013605442176870541,False,production,0.0,True,,140.92617814018828,118.89092297909986,122.74318104361598
MITOUSDT,early,EXPERIMENT,MITOUSDT:2026-07-01T21:15:00+00:00,2026-07-01 21:30:00+00:00,2026-07-01 21:30:00+00:00,2026-07-02 01:30:00+00:00,0.02416,0.023547142857142857,0.02536660359508047,0.02394,fixed_4h,394.2191142191134,7.884382284382268,10.0,10.0,-0.009105960264900737,-0.010105960264900737,-3.9839627039627254,-0.3983962703962725,0.03942191142191134,16,0.004552980132450202,-0.01490066225165565,False,production,0.0,True,,130.3401999231653,122.74318104361598,118.75921833965324
ICNTUSDT,early,EXPERIMENT,ICNTUSDT:2026-07-01T21:30:00+00:00,2026-07-01 21:45:00+00:00,2026-07-01 21:45:00+00:00,2026-07-02 01:45:00+00:00,0.1926,0.18734642857142858,0.027277110221035374,0.197,fixed_4h,366.60774983004865,7.332154996600973,10.0,10.0,0.022845275181723856,0.021845275181723856,8.008647178789989,0.800864717878999,0.036660774983004865,16,0.03322949117341656,-0.007268951194184803,False,production,0.0,True,,130.3401999231653,118.75921833965324,126.76786551844323
MANTAUSDT,early,EXPERIMENT,MANTAUSDT:2026-07-01T23:30:00+00:00,2026-07-01 23:45:00+00:00,2026-07-01 23:45:00+00:00,2026-07-02 03:45:00+00:00,0.05899,0.05811821428571428,0.014778533891943054,0.06017,fixed_4h,676.6571077427234,13.533142154854467,10.0,10.0,0.02000339040515353,0.01900339040515353,12.858779188857008,1.2858779188857008,0.06766571077427234,16,0.0305136463807425,-0.012714019325309356,False,production,0.0,True,,118.89092297909986,126.76786551844323,139.62664470730024
PLUMEUSDT,early,EXPERIMENT,PLUMEUSDT:2026-07-01T23:30:00+00:00,2026-07-01 23:45:00+00:00,2026-07-01 23:45:00+00:00,2026-07-02 03:45:00+00:00,0.009683,0.00960375,0.008184446968914716,0.00995,fixed_4h,1221.829652996827,24.43659305993654,10.0,10.0,0.027574098936280045,0.026574098936280044,32.4690220820184,3.2469022082018397,0.12218296529968271,16,0.04254879686047697,-0.006402974284829166,False,production,0.0,True,,118.89092297909986,139.62664470730024,172.09566678931864
1000RATSUSDT,early,EXPERIMENT,1000RATSUSDT:2026-07-01T23:45:00+00:00,2026-07-02 00:00:00+00:00,2026-07-02 00:00:00+00:00,2026-07-02 04:00:00+00:00,0.02795,0.02761392857142857,0.01202402248913877,0.02826,fixed_4h,831.6684378320934,16.633368756641868,10.0,10.0,0.011091234347048395,0.010091234347048395,8.392561105207303,0.8392561105207303,0.08316684378320933,16,0.012164579606440018,-0.006082289803220009,False,production,0.0,True,,118.89092297909986,172.09566678931864,180.48822789452595
MEGAUSDT,early,EXPERIMENT,MEGAUSDT:2026-07-02T00:00:00+00:00,2026-07-02 00:15:00+00:00,2026-07-02 00:15:00+00:00,2026-07-02 04:15:00+00:00,0.04511,0.044561785714285713,0.012152832758020036,0.04554,fixed_4h,822.8534201954426,16.457068403908853,10.0,10.0,0.009532254489026837,0.008532254489026836,7.02079478827365,0.702079478827365,0.08228534201954425,16,0.021502992684548916,-0.01130569718465968,False,production,0.0,True,,122.74318104361598,180.48822789452595,187.5090226827996
1000TURBOUSDT,early,EXPERIMENT,1000TURBOUSDT:2026-07-02T03:15:00+00:00,2026-07-02 03:30:00+00:00,2026-07-02 03:30:00+00:00,2026-07-02 05:45:00+00:00,0.8392,0.8305035714285715,0.01036276045213119,0.8305035714285715,structural_stop,964.9938398357374,19.29987679671475,10.0,10.0,-0.010362760452131137,-0.011362760452131138,-10.964993839835685,-1.0964993839835686,0.09649938398357374,9,0.008817921830314601,-0.013346043851286904,False,production,0.0,True,,126.76786551844323,187.5090226827996,176.54402884296394
CGPTUSDT,early,EXPERIMENT,CGPTUSDT:2026-07-02T04:30:00+00:00,2026-07-02 04:45:00+00:00,2026-07-02 04:45:00+00:00,2026-07-02 05:45:00+00:00,0.018931,0.018577464285714287,0.018674962457646847,0.018577464285714287,structural_stop,535.4763107384612,10.709526214769223,10.0,10.0,-0.018674962457646882,-0.019674962457646883,-10.53547631073848,-1.053547631073848,0.05354763107384612,4,0.00242987692145169,-0.022555596640431053,False,production,0.0,True,,187.5090226827996,176.54402884296394,166.00855253222545
IOTXUSDT,early,EXPERIMENT,IOTXUSDT:2026-07-02T17:30:00+00:00,2026-07-02 17:45:00+00:00,2026-07-02 17:45:00+00:00,2026-07-02 19:15:00+00:00,0.002768,0.002751107142857143,0.006102910817506231,0.002751107142857143,structural_stop,1638.5623678646834,32.77124735729367,10.0,10.0,-0.006102910817506246,-0.007102910817506246,-11.63856236786471,-1.1638562367864709,0.16385623678646835,6,0.0007225433526010239,-0.006864161849710948,False,production,0.0,True,,166.00855253222545,166.00855253222545,154.36999016436073
SSVUSDT,early,EXPERIMENT,SSVUSDT:2026-07-02T15:00:00+00:00,2026-07-02 15:15:00+00:00,2026-07-02 15:15:00+00:00,2026-07-02 19:15:00+00:00,2.058,2.0429642857142856,0.0073059836179369606,2.055,fixed_4h,1368.7410926365815,27.37482185273163,10.0,10.0,-0.001457725947521693,-0.002457725947521693,-3.36399049881212,-0.33639904988121194,0.13687410926365814,16,0.011175898931001127,-0.0024295432458697475,False,production,0.0,True,,166.00855253222545,154.36999016436073,151.00599966554861
FHEUSDT,early,EXPERIMENT,FHEUSDT:2026-07-02T15:15:00+00:00,2026-07-02 15:30:00+00:00,2026-07-02 15:30:00+00:00,2026-07-02 19:30:00+00:00,0.01928,0.019018928571428572,0.013541049199762786,0.01907,fixed_4h,738.4952120383095,14.769904240766191,10.0,10.0,-0.010892116182572575,-0.011892116182572576,-8.782270861833148,-0.8782270861833147,0.07384952120383095,16,0.0020746887966804906,-0.013485477178423189,False,production,0.0,True,,166.00855253222545,151.00599966554861,142.22372880371546
GRTUSDT,early,EXPERIMENT,GRTUSDT:2026-07-02T20:00:00+00:00,2026-07-02 20:15:00+00:00,2026-07-02 20:15:00+00:00,2026-07-03 00:15:00+00:00,0.01802,0.017927857142857145,0.005113366101157414,0.01812,fixed_4h,1955.6589147286936,39.11317829457387,10.0,10.0,0.005549389567147678,0.004549389567147678,8.89705426356607,0.8897054263566069,0.19556589147286937,16,0.010543840177580366,-0.002774694783573839,False,production,0.0,True,,142.22372880371546,142.22372880371546,151.12078306728154
STORJUSDT,early,EXPERIMENT,STORJUSDT:2026-07-02T20:45:00+00:00,2026-07-02 21:00:00+00:00,2026-07-02 21:00:00+00:00,2026-07-03 01:00:00+00:00,0.07498,0.07435535714285714,0.008330792973364434,0.07468,fixed_4h,1200.3659233847757,24.007318467695512,10.0,10.0,-0.004001066951187071,-0.005001066951187071,-6.003110348770753,-0.6003110348770754,0.12003659233847756,16,0.001600426780474784,-0.007201920512136528,False,production,0.0,True,,142.22372880371546,151.12078306728154,145.1176727185108
RAREUSDT,early,EXPERIMENT,RAREUSDT:2026-07-02T21:15:00+00:00,2026-07-02 21:30:00+00:00,2026-07-02 21:30:00+00:00,2026-07-03 01:30:00+00:00,0.012252,0.012176035714285714,0.0062001539107318674,0.0123,fixed_4h,1612.8631875881285,32.25726375176257,10.0,10.0,0.003917727717923647,0.002917727717923647,4.705895627644569,0.4705895627644569,0.16128631875881286,16,0.004489063010120864,-0.003999347045380408,False,production,0.0,True,,142.22372880371546,145.1176727185108,149.82356834615535
MITOUSDT,early,EXPERIMENT,MITOUSDT:2026-07-02T21:45:00+00:00,2026-07-02 22:00:00+00:00,2026-07-02 22:00:00+00:00,2026-07-03 02:00:00+00:00,0.02384,0.023449285714285714,0.016389022051773738,0.02427,fixed_4h,610.1645338208407,12.203290676416813,10.0,10.0,0.018036912751677736,0.017036912751677735,10.395319926873782,1.039531992687378,0.061016453382084064,16,0.03145973154362425,-0.005872483221476599,False,production,0.0,True,,142.22372880371546,149.82356834615535,160.21888827302914
ALICEUSDT,early,EXPERIMENT,ALICEUSDT:2026-07-02T22:00:00+00:00,2026-07-02 22:15:00+00:00,2026-07-02 22:15:00+00:00,2026-07-03 02:15:00+00:00,0.1184,0.11638964285714286,0.016979367760617797,0.11955,fixed_4h,588.9500799431503,11.779001598863006,10.0,10.0,0.009712837837837718,0.008712837837837717,5.131426541126228,0.5131426541126228,0.05889500799431503,16,0.014864864864864824,-0.005489864864864913,False,production,0.0,True,,142.22372880371546,160.21888827302914,165.35031481415535
ARCUSDT,early,EXPERIMENT,ARCUSDT:2026-07-03T01:00:00+00:00,2026-07-03 01:15:00+00:00,2026-07-03 01:15:00+00:00,2026-07-03 03:15:00+00:00,0.08231,0.08187214285714287,0.005319610531613762,0.08187214285714287,structural_stop,1879.8368678630295,37.596737357260594,10.0,10.0,-0.005319610531613783,-0.006319610531613783,-11.87983686786307,-1.187983686786307,0.18798368678630295,8,0.004738184910703547,-0.006560563722512458,False,production,0.0,True,,145.1176727185108,165.35031481415535,153.47047794629228
ARKUSDT,early,EXPERIMENT,ARKUSDT:2026-07-03T00:30:00+00:00,2026-07-03 00:45:00+00:00,2026-07-03 00:45:00+00:00,2026-07-03 04:45:00+00:00,0.10885,0.10799714285714286,0.00783515978738761,0.10963,fixed_4h,1276.2981574539388,25.525963149078777,10.0,10.0,0.007165824529168585,0.006165824529168585,7.869430485762165,0.7869430485762164,0.12762981574539387,16,0.011483693155718955,-0.0028479559026183265,False,production,0.0,True,,151.12078306728154,153.47047794629228,161.33990843205444
MAGMAUSDT,early,EXPERIMENT,MAGMAUSDT:2026-07-03T00:45:00+00:00,2026-07-03 01:00:00+00:00,2026-07-03 01:00:00+00:00,2026-07-03 05:00:00+00:00,0.52561,0.5049575,0.039292441163600526,0.60363,fixed_4h,254.501876286163,5.09003752572326,10.0,10.0,0.14843705408953412,0.14743705408953411,37.52300689989093,3.7523006899890934,0.0254501876286163,16,0.1585015505793268,-0.03432202583664701,False,production,0.0,True,,145.1176727185108,161.33990843205444,198.86291533194537
MITOUSDT,early,EXPERIMENT,MITOUSDT:2026-07-03T14:15:00+00:00,2026-07-03 14:30:00+00:00,2026-07-03 14:30:00+00:00,2026-07-03 18:30:00+00:00,0.02391,0.02367357142857143,0.00988827149429408,0.02387,fixed_4h,1011.299093655589,20.22598187311178,10.0,10.0,-0.0016729401923881726,-0.0026729401923881726,-2.703141993957755,-0.27031419939577545,0.1011299093655589,16,0.024675867837724796,-0.0025094102885822034,True,production,0.0,True,,198.86291533194537,198.86291533194537,196.15977333798762
OGUSDT,early,EXPERIMENT,OGUSDT:2026-07-03T14:30:00+00:00,2026-07-03 14:45:00+00:00,2026-07-03 14:45:00+00:00,2026-07-03 18:45:00+00:00,2.445,2.4196785714285713,0.010356412503651737,2.476,fixed_4h,965.5853314527532,19.311706629055063,10.0,10.0,0.012678936605317048,0.011678936605317047,11.277009873060752,1.1277009873060753,0.09655853314527532,16,0.014723926380368013,-0.004907975460122671,False,production,0.0,True,,198.86291533194537,196.15977333798762,207.43678321104838
PIEVERSEUSDT,early,EXPERIMENT,PIEVERSEUSDT:2026-07-03T18:00:00+00:00,2026-07-03 18:15:00+00:00,2026-07-03 18:15:00+00:00,2026-07-03 22:15:00+00:00,0.7102,0.6941892857142857,0.0225439514020196,0.7219,fixed_4h,443.5779611867044,8.871559223734089,10.0,10.0,0.016474232610532047,0.015474232610532046,6.8640285523086195,0.6864028552308619,0.04435779611867044,16,0.029569135454801332,-0.00014080540692773535,True,production,0.0,True,,198.86291533194537,207.43678321104838,214.300811763357
TRUTHUSDT,early,EXPERIMENT,TRUTHUSDT:2026-07-03T18:15:00+00:00,2026-07-03 18:30:00+00:00,2026-07-03 18:30:00+00:00,2026-07-03 22:30:00+00:00,0.013445,0.013270714285714285,0.012962864580566408,0.013484,fixed_4h,771.4344262295034,15.428688524590068,10.0,10.0,0.0029007065823725142,0.0019007065823725142,1.4662704918031808,0.1466270491803181,0.07714344262295035,16,0.010338415767943587,-0.00505764224618821,False,production,0.0,True,,196.15977333798762,214.300811763357,215.76708225516018
ICNTUSDT,early,EXPERIMENT,ICNTUSDT:2026-07-03T19:15:00+00:00,2026-07-03 19:30:00+00:00,2026-07-03 19:30:00+00:00,2026-07-03 23:30:00+00:00,0.1863,0.184525,0.009527643585614594,0.1869,fixed_4h,1049.577464788733,20.99154929577466,10.0,10.0,0.0032206119162641045,0.0022206119162641045,2.3307042253521293,0.23307042253521293,0.1049577464788733,16,0.013419216317767102,0.0,False,production,0.0,True,,207.43678321104838,215.76708225516018,218.0977864805123
INUSDT,early,EXPERIMENT,INUSDT:2026-07-04T00:15:00+00:00,2026-07-04 00:30:00+00:00,2026-07-04 00:30:00+00:00,2026-07-04 01:00:00+00:00,0.05332,0.052288214285714285,0.019350819847819098,0.052288214285714285,structural_stop,516.7739702319142,10.335479404638283,10.0,10.0,-0.019350819847819056,-0.020350819847819057,-10.516773970231894,-1.0516773970231894,0.051677397023191414,2,0.014816204051012694,-0.14834958739684923,False,production,0.0,True,,218.0977864805123,218.0977864805123,207.5810125102804
IOUSDT,early,EXPERIMENT,IOUSDT:2026-07-03T21:30:00+00:00,2026-07-03 21:45:00+00:00,2026-07-03 21:45:00+00:00,2026-07-04 01:15:00+00:00,0.17704,0.17522071428571429,0.01027612807436578,0.17522071428571429,structural_stop,973.1291715743995,19.46258343148799,10.0,10.0,-0.010276128074365731,-0.011276128074365732,-10.973129171574353,-1.0973129171574354,0.09731291715743995,14,0.006891098056936329,-0.0196000903750565,False,production,0.0,True,,207.43678321104838,207.5810125102804,196.60788333870605
STABLEUSDT,early,EXPERIMENT,STABLEUSDT:2026-07-03T21:30:00+00:00,2026-07-03 21:45:00+00:00,2026-07-03 21:45:00+00:00,2026-07-04 01:45:00+00:00,0.034988,0.03453275,0.013011603978506842,0.035154,fixed_4h,768.5447556287799,15.370895112575598,10.0,10.0,0.0047444838230250586,0.0037444838230250585,2.877803404722713,0.2877803404722713,0.07685447556287799,16,0.01188979078541208,-0.00225791700011424,False,production,0.0,True,,207.43678321104838,196.60788333870605,199.48568674342877
SQDUSDT,early,EXPERIMENT,SQDUSDT:2026-07-04T03:00:00+00:00,2026-07-04 03:15:00+00:00,2026-07-04 03:15:00+00:00,2026-07-04 04:45:00+00:00,0.03364,0.03326535714285714,0.011136826906743906,0.03326535714285714,structural_stop,897.9218303145665,17.95843660629133,10.0,10.0,-0.01113682690674389,-0.012136826906743892,-10.897921830314553,-1.0897921830314554,0.08979218303145665,6,0.003864447086801448,-0.011296076099881258,False,production,0.0,True,,199.48568674342877,199.48568674342877,188.58776491311423
INUSDT,early,EXPERIMENT,INUSDT:2026-07-04T00:45:00+00:00,2026-07-04 01:00:00+00:00,2026-07-04 01:00:00+00:00,2026-07-04 05:00:00+00:00,0.05337,0.04479428571428571,0.16068417248855707,0.05303,fixed_4h,62.23388305847073,1.2446776611694146,10.0,10.0,-0.0063706201986134525,-0.0073706201986134525,-0.45870231550891194,-0.04587023155089119,0.006223388305847073,16,0.0031853100993066708,-0.023234026606707814,False,production,0.0,True,,207.5810125102804,188.58776491311423,188.12906259760533
HUMAUSDT,early,EXPERIMENT,HUMAUSDT:2026-07-04T06:00:00+00:00,2026-07-04 06:15:00+00:00,2026-07-04 06:15:00+00:00,2026-07-04 07:00:00+00:00,0.023231,0.023132571428571426,0.004236949396434751,0.023132571428571426,structural_stop,2360.1886792451805,47.20377358490361,10.0,10.0,-0.004236949396434708,-0.005236949396434708,-12.360188679245079,-1.236018867924508,0.23601886792451807,3,0.0003013215100511335,-0.01790710688304431,False,production,0.0,True,,188.12906259760533,188.12906259760533,175.76887391836024
STGUSDT,early,EXPERIMENT,STGUSDT:2026-07-04T13:45:00+00:00,2026-07-04 14:00:00+00:00,2026-07-04 14:00:00+00:00,2026-07-04 18:00:00+00:00,0.15273,0.1508442857142857,0.0123467182983978,0.15743,fixed_4h,809.9318181818137,16.198636363636275,10.0,10.0,0.03077326000130931,0.02977326000130931,24.114310606060318,2.4114310606060316,0.08099318181818137,16,0.03797551234204155,-0.002422575787337178,False,production,0.0,True,,175.76887391836024,175.76887391836024,199.88318452442056
TRUTHUSDT,early,EXPERIMENT,TRUTHUSDT:2026-07-04T13:45:00+00:00,2026-07-04 14:00:00+00:00,2026-07-04 14:00:00+00:00,2026-07-04 18:00:00+00:00,0.013495,0.013262892857142859,0.01719949187529763,0.013498,fixed_4h,581.4125250038501,11.628250500077002,10.0,10.0,0.00022230455724336906,-0.000777695442756631,-0.45216187105711997,-0.045216187105712,0.05814125250038501,16,0.01067061874768438,-0.003556872915894682,False,production,0.0,True,,175.76887391836024,199.88318452442056,199.43102265336344
MMTUSDT,early,EXPERIMENT,MMTUSDT:2026-07-04T22:15:00+00:00,2026-07-04 22:30:00+00:00,2026-07-04 22:30:00+00:00,2026-07-04 23:30:00+00:00,0.15246,0.15073392857142856,0.011321470737055304,0.15073392857142856,structural_stop,883.2774674115338,17.665549348230677,10.0,10.0,-0.01132147073705525,-0.012321470737055251,-10.883277467411487,-1.0883277467411487,0.08832774674115339,4,0.0016397743670470977,-0.013708513708513781,False,production,0.0,True,,199.43102265336344,199.43102265336344,188.54774518595195
TRUTHUSDT,early,EXPERIMENT,TRUTHUSDT:2026-07-04T20:00:00+00:00,2026-07-04 20:15:00+00:00,2026-07-04 20:15:00+00:00,2026-07-05 00:15:00+00:00,0.013468,0.013368214285714285,0.007409096694811067,0.013435,fixed_4h,1349.6921975661976,26.993843951323953,10.0,10.0,-0.0024502524502524325,-0.0034502524502524326,-4.656778811739364,-0.4656778811739364,0.13496921975661977,16,0.006459756459756383,-0.005271755271755385,False,production,0.0,True,,199.43102265336344,188.54774518595195,183.89096637421258
MITOUSDT,early,EXPERIMENT,MITOUSDT:2026-07-05T00:30:00+00:00,2026-07-05 00:45:00+00:00,2026-07-05 00:45:00+00:00,2026-07-05 01:45:00+00:00,0.02417,0.02371392857142857,0.018869318517642973,0.02371392857142857,structural_stop,529.9608457321824,10.599216914643648,10.0,10.0,-0.018869318517642952,-0.019869318517642953,-10.529960845732173,-1.0529960845732171,0.05299608457321824,4,0.0,-0.02110053785684729,False,production,0.0,True,,183.89096637421258,183.89096637421258,173.3610055284804
EDENUSDT,early,EXPERIMENT,EDENUSDT:2026-07-05T01:15:00+00:00,2026-07-05 01:30:00+00:00,2026-07-05 01:30:00+00:00,2026-07-05 02:15:00+00:00,0.04437,0.04403357142857143,0.007582343282140429,0.04403357142857143,structural_stop,1318.8535031847157,26.377070063694315,10.0,10.0,-0.007582343282140469,-0.00858234328214047,-11.31885350318477,-1.131885350318477,0.13188535031847157,3,0.0047329276538201626,-0.008789722785666032,False,production,0.0,True,,183.89096637421258,173.3610055284804,162.04215202529565
GUNUSDT,early,EXPERIMENT,GUNUSDT:2026-07-05T01:30:00+00:00,2026-07-05 01:45:00+00:00,2026-07-05 01:45:00+00:00,2026-07-05 02:15:00+00:00,0.004392,0.004322035714285714,0.015929937548790084,0.004322035714285714,structural_stop,627.7488514548209,12.554977029096417,10.0,10.0,-0.01592993754879013,-0.01692993754879013,-10.62774885145485,-1.062774885145485,0.06277488514548209,2,0.0009107468123861207,-0.01867030965391636,False,production,0.0,True,,173.3610055284804,162.04215202529565,151.4144031738408
SAHARAUSDT,early,EXPERIMENT,SAHARAUSDT:2026-07-05T00:15:00+00:00,2026-07-05 00:30:00+00:00,2026-07-05 00:30:00+00:00,2026-07-05 02:15:00+00:00,0.010875,0.010778142857142858,0.008906403940886584,0.010778142857142858,structural_stop,1122.7876106194835,22.45575221238967,10.0,10.0,-0.008906403940886598,-0.009906403940886599,-11.1227876106195,-1.11227876106195,0.11227876106194835,7,0.006068965517241454,-0.013793103448275779,False,production,0.0,True,,183.89096637421258,151.4144031738408,140.2916155632213
STGUSDT,early,EXPERIMENT,STGUSDT:2026-07-04T23:15:00+00:00,2026-07-04 23:30:00+00:00,2026-07-04 23:30:00+00:00,2026-07-05 02:30:00+00:00,0.15303,0.15083071428571426,0.014371598472755256,0.15083071428571426,structural_stop,695.8168236440331,13.916336472880662,10.0,10.0,-0.014371598472755265,-0.015371598472755266,-10.695816823644039,-1.069581682364404,0.06958168236440332,12,0.0185584525909952,-0.024766385676011193,False,production,0.0,True,,188.54774518595195,140.2916155632213,129.59579873957728
PIEVERSEUSDT,early,EXPERIMENT,PIEVERSEUSDT:2026-07-05T01:15:00+00:00,2026-07-05 01:30:00+00:00,2026-07-05 01:30:00+00:00,2026-07-05 05:30:00+00:00,0.6891,0.6818035714285714,0.010588345046333839,0.6884,fixed_4h,944.4346549192264,18.88869309838453,10.0,10.0,-0.0010158177332753038,-0.002015817733275304,-1.9038081253059187,-0.1903808125305919,0.09444346549192265,16,0.02321869104629215,-0.009722826875634971,False,production,0.0,True,,183.89096637421258,129.59579873957728,127.69199061427136
ICNTUSDT,early,EXPERIMENT,ICNTUSDT:2026-07-05T01:30:00+00:00,2026-07-05 01:45:00+00:00,2026-07-05 01:45:00+00:00,2026-07-05 05:45:00+00:00,0.1797,0.17818928571428572,0.008406868590507969,0.1798,fixed_4h,1189.5035460992938,23.790070921985876,10.0,10.0,0.0005564830272675181,-0.00044351697273248194,-0.5275650118205111,-0.0527565011820511,0.11895035460992938,16,0.006677796327211993,-0.005564830272676735,False,production,0.0,True,,173.3610055284804,127.69199061427136,127.16442560245085
TRUTHUSDT,early,EXPERIMENT,TRUTHUSDT:2026-07-05T15:00:00+00:00,2026-07-05 15:15:00+00:00,2026-07-05 15:15:00+00:00,2026-07-05 17:00:00+00:00,0.01185,0.011423500000000001,0.035991561181434435,0.011423500000000001,structural_stop,277.8429073856988,5.556858147713976,10.0,10.0,-0.03599156118143443,-0.03699156118143443,-10.277842907385697,-1.0277842907385697,0.027784290738569882,7,0.030886075949366987,-0.04987341772151899,False,production,0.0,True,,127.16442560245085,127.16442560245085,116.88658269506516
HOMEUSDT,early,EXPERIMENT,HOMEUSDT:2026-07-05T18:30:00+00:00,2026-07-05 18:45:00+00:00,2026-07-05 18:45:00+00:00,2026-07-05 19:30:00+00:00,0.016335,0.016226035714285714,0.006670602125147545,0.016226035714285714,structural_stop,1499.1150442477954,29.982300884955908,10.0,10.0,-0.0066706021251475844,-0.0076706021251475845,-11.499115044247855,-1.1499115044247854,0.14991150442477955,3,0.0004897459442914087,-0.014692378328741817,False,production,0.0,True,,116.88658269506516,116.88658269506516,105.3874676508173
CLUSDT,early,EXPERIMENT,CLUSDT:2026-07-05T20:45:00+00:00,2026-07-05 21:00:00+00:00,2026-07-05 21:00:00+00:00,2026-07-05 22:15:00+00:00,68.74,68.58642857142857,0.002234091192485088,68.58642857142857,structural_stop,2500.0,50.0,5.58522798121272,10.0,-0.002234091192485077,-0.003234091192485077,-8.085227981212693,-1.4476093023255872,0.447609302325592,5,0.003054989816700715,-0.0039278440500435385,False,production,0.0,True,,105.3874676508173,105.3874676508173,97.3022396696046
ORDIUSDT,early,EXPERIMENT,ORDIUSDT:2026-07-05T19:30:00+00:00,2026-07-05 19:45:00+00:00,2026-07-05 19:45:00+00:00,2026-07-05 23:45:00+00:00,3.235,3.192357142857143,0.013181717818502931,3.282,fixed_4h,758.6264656616444,15.172529313232888,10.0,10.0,0.014528593508500887,0.013528593508500886,10.263149078727093,1.0263149078727092,0.07586264656616444,16,0.020710973724884063,-0.005873261205564084,False,production,0.0,True,,105.3874676508173,97.3022396696046,107.5653887483317
HOMEUSDT,early,EXPERIMENT,HOMEUSDT:2026-07-06T09:45:00+00:00,2026-07-06 10:00:00+00:00,2026-07-06 10:00:00+00:00,2026-07-06 10:45:00+00:00,0.015885,0.015772107142857143,0.007106884302351687,0.015772107142857143,structural_stop,1407.086365074351,28.141727301487023,10.0,10.0,-0.007106884302351735,-0.008106884302351736,-11.40708636507442,-1.140708636507442,0.1407086365074351,3,0.005539817437834493,-0.007491344035253422,False,production,0.0,True,,107.5653887483317,107.5653887483317,96.15830238325728
SIRENUSDT,early,EXPERIMENT,SIRENUSDT:2026-07-06T08:15:00+00:00,2026-07-06 08:30:00+00:00,2026-07-06 08:30:00+00:00,2026-07-06 12:00:00+00:00,0.03395,0.03358428571428571,0.010772143909110122,0.03358428571428571,structural_stop,928.3203124999926,18.56640624999985,10.0,10.0,-0.010772143909110077,-0.011772143909110078,-10.928320312499952,-1.092832031249995,0.09283203124999925,14,0.01266568483063324,-0.02032400589101624,False,production,0.0,True,,107.5653887483317,96.15830238325728,85.22998207075733
CUSDT,early,EXPERIMENT,CUSDT:2026-07-06T09:30:00+00:00,2026-07-06 09:45:00+00:00,2026-07-06 09:45:00+00:00,2026-07-06 12:15:00+00:00,0.06725,0.06577964285714286,0.02186404673393529,0.06577964285714286,structural_stop,457.3718727228548,9.147437454457096,10.0,10.0,-0.021864046733935272,-0.022864046733935273,-10.457371872722847,-1.0457371872722847,0.04573718727228548,10,0.002527881040891966,-0.026765799256505685,False,production,0.0,True,,107.5653887483317,85.22998207075733,74.77261019803449
KGENUSDT,early,EXPERIMENT,KGENUSDT:2026-07-06T10:15:00+00:00,2026-07-06 10:30:00+00:00,2026-07-06 10:30:00+00:00,2026-07-06 12:15:00+00:00,0.16954,0.16750714285714288,0.011990427880483155,0.16750714285714288,structural_stop,833.9985945186345,16.67997189037269,10.0,10.0,-0.011990427880483101,-0.012990427880483102,-10.83399859451859,-1.083399859451859,0.08339985945186344,7,0.008611537100389421,-0.013448153828005238,False,production,0.0,True,,107.5653887483317,74.77261019803449,63.938611603515895
ARCUSDT,early,EXPERIMENT,ARCUSDT:2026-07-07T01:00:00+00:00,2026-07-07 01:15:00+00:00,2026-07-07 01:15:00+00:00,2026-07-07 02:15:00+00:00,0.08258,0.08174678571428572,0.010089783067501627,0.08174678571428572,structural_stop,991.1015859408503,19.822031718817005,10.0,10.0,-0.010089783067501634,-0.011089783067501635,-10.991101585940859,-1.099110158594086,0.09911015859408503,4,0.0009687575684185212,-0.010293049164446622,False,production,0.0,True,,63.938611603515895,63.938611603515895,52.947510017575034
LIGHTUSDT,early,EXPERIMENT,LIGHTUSDT:2026-07-07T01:30:00+00:00,2026-07-07 01:45:00+00:00,2026-07-07 01:45:00+00:00,2026-07-07 02:30:00+00:00,0.1155,0.11433571428571428,0.010080395794681634,0.11433571428571428,structural_stop,992.0245398772884,19.84049079754577,10.0,10.0,-0.010080395794681674,-0.011080395794681674,-10.99202453987733,-1.099202453987733,0.09920245398772884,3,0.0,-0.010389610389610393,False,production,0.0,True,,63.938611603515895,52.947510017575034,41.95548547769771
KGENUSDT,early,EXPERIMENT,KGENUSDT:2026-07-06T23:45:00+00:00,2026-07-07 00:00:00+00:00,2026-07-07 00:00:00+00:00,2026-07-07 03:45:00+00:00,0.17088,0.16919535714285713,0.009858630952381032,0.16919535714285713,structural_stop,1014.3396226415013,20.286792452830024,10.0,10.0,-0.009858630952381042,-0.010858630952381043,-11.014339622641513,-1.1014339622641514,0.10143396226415012,15,0.005852059925093744,-0.010533707865168496,False,production,0.0,True,,63.938611603515895,41.95548547769771,30.94114585505619
MAVIAUSDT,early,EXPERIMENT,MAVIAUSDT:2026-07-07T03:00:00+00:00,2026-07-07 03:15:00+00:00,2026-07-07 03:15:00+00:00,2026-07-07 05:15:00+00:00,0.03026,0.029823214285714286,0.014434425455575429,0.029823214285714286,structural_stop,692.7882256745736,13.855764513491472,10.0,10.0,-0.014434425455575384,-0.015434425455575385,-10.692788225674542,-1.0692788225674543,0.06927882256745736,8,0.0023132848645075477,-0.022471910112359605,False,production,0.0,True,,41.95548547769771,30.94114585505619,20.24835762938165
DRIFTUSDT,early,EXPERIMENT,DRIFTUSDT:2026-07-07T13:45:00+00:00,2026-07-07 14:00:00+00:00,2026-07-07 14:00:00+00:00,2026-07-07 14:45:00+00:00,0.01641,0.01621107142857143,0.012122399233916642,0.01621107142857143,structural_stop,824.9192100538572,16.498384201077144,10.0,10.0,-0.01212239923391667,-0.01312239923391667,-10.824919210053881,-1.082491921005388,0.08249192100538572,3,0.0006093845216330607,-0.01645338208409508,False,production,0.0,True,,20.24835762938165,20.24835762938165,9.42343841932777
